Station ID,Station Name,Brand,Street Address,City / Town,State / UT,Postcode,Phone / Contact,Latitude,Longitude,Amenities & Services,Website URL,Extracted At
12779334,KARUMANCHI,Shell,"SAVALYAPURAM MANDAL,",GUNTUR,Andhra Pradesh,522646,+91 91004 22346,16.062056,79.87706,"air_and_water, credit_card, credit_card_visa, fuel_card, full_service, mobile_payment, pay_tm, quick_lubes, service_bay, shop, standard_toilet, twenty_four_hour, manned",https://find.shell.com/in/fuel/12779334-karumanchi/en_IN,2026-09-03 11:53:14
12681699,REDDYPALLI,Shell,ANANTHAPURAM DISTRICT,NALLAMADA MANDAL,Andhra Pradesh,515501,+91 79810 35539,14.219515,78.025079,"air_and_water, bakery_shop, disabled_facilities, full_service, shop, standard_toilet, manned",https://find.shell.com/in/fuel/12681699-reddypalli/en_IN,2026-09-03 11:52:41
12734897,KARKAMBADI,Shell,KARAKAMBADI ROAD,TIRUPATI,Andhra Pradesh,517501,+91 98496 17162,13.648151,79.445594,"air_and_water, bakery_shop, credit_card, credit_card_visa, fuel_card, full_service, mobile_loyalty, pay_at_pump, quick_lubes, service_bay, shop, standard_toilet, manned",https://find.shell.com/in/fuel/12734897-karkambadi/en_IN,2026-09-03 11:52:57
12622976,BISWANATH CHARIALI,Shell,"PO-BISWANATH, DISTRICT-BISWANATH",BISWANATH CHARIALI,Assam,784176,+91 70911 60656,26.755924,93.153491,"air_and_water, bakery_shop, credit_card, credit_card_general, fuel_card, full_service, mobile_loyalty, shop, standard_toilet, manned",https://find.shell.com/in/fuel/12622976-biswanath-chariali/en_IN,2026-09-03 11:54:07
12855907,BESIMARI,Shell,ALGAON TEHSIL,DARRANG,Assam,784116,+91 70028 17082,26.615304,92.183014,"air_and_water, full_service, shop, standard_toilet, manned",https://find.shell.com/in/fuel/12855907-besimari/en_IN,2026-09-03 11:54:07
12710945,DUMINICHOWKI,Shell,"MOUZA-LOKRAI,",DARRANG,Assam,784145,+91 97390 42102,26.349284,91.81982,"air_and_water, bakery_shop, full_service, quick_lubes, shop, standard_toilet, twenty_four_hour, manned",https://find.shell.com/in/fuel/12710945-duminichowki/en_IN,2026-09-03 11:54:07
10058195,STN DULIAJAN.,Shell,"PO & PS TENGAKHAT, DT DIBRUGARH",DULIAJAN,Assam,786103,+91 94350 39602,27.37783,95.17892,"air_and_water, bakery_shop, full_service, quick_lubes, shop, standard_toilet, manned",https://find.shell.com/in/fuel/10058195-stn-duliajan/en_IN,2026-09-03 11:54:07
12643491,SANIADI,Shell,KAMRUP,HAJO,Assam,781102,+91 86388 02528,26.272431,91.490192,"air_and_water, bakery_shop, credit_card, credit_card_general, disabled_facilities, fuel_card, full_service, pay_at_pump, quick_lubes, shop, standard_toilet, twenty_four_hour, manned",https://find.shell.com/in/fuel/12643491-saniadi/en_IN,2026-09-03 11:54:07
12681706,HOWLY,Shell,BARNAGAR REVENUE CIRCLE,HOWLY,Assam,781316,+91 70027 08558,26.416067,90.998005,"air_and_water, credit_card, credit_card_visa, fuel_card, full_service, mobile_payment, pay_tm, quick_lubes, shop, standard_toilet, two_w_lube_bay_shell, manned",https://find.shell.com/in/fuel/12681706-howly/en_IN,2026-09-03 11:54:07
12685321,JAMIRA,Shell,"MOUZA-JAMIRA, DIBRUGARH",JAMIRA,Assam,786006,+91 94350 02931,27.38988,94.859339,"air_and_water, bakery_shop, full_service, quick_lubes, shop, manned",https://find.shell.com/in/fuel/12685321-jamira/en_IN,2026-09-03 11:54:07
12622920,KARARA,Shell,KAMRUP PS-BAIHATA CHARIALI,KARARA,Assam,781121,+91 94351 94704,26.363259,91.732229,"air_and_water, bakery_shop, credit_card, credit_card_general, disabled_facilities, fuel_card, full_service, pay_at_pump, quick_lubes, shop, standard_toilet, twenty_four_hour, manned",https://find.shell.com/in/fuel/12622920-karara/en_IN,2026-09-03 11:54:07
12653418,KACHUMARI,Shell,DISTRICT CHARAIDEO,MAHMORA,Assam,785670,+91 96546 55615,27.122071,94.932149,"air_and_water, full_service, standard_toilet, manned",https://find.shell.com/in/fuel/12653418-kachumari/en_IN,2026-09-03 11:54:07
12665713,BALIJAN,Shell,MOUZA- KADAM,MOUZA- KADAM,Assam,787032,+91 86381 03331,27.39265,94.19162,"shop, twenty_four_hour, manned",https://find.shell.com/in/fuel/12665713-balijan/en_IN,2026-09-03 11:54:07
12631651,SANTAK,Shell,DIST-SIVASAGAR,SANTAK,Assam,785687,+91 77388 95235,26.864762,94.798104,"air_and_water, full_service, shop, standard_toilet, twenty_four_hour, manned",https://find.shell.com/in/fuel/12631651-santak/en_IN,2026-09-03 11:54:07
10059165,STN BHOMURAGURI.,Shell,MOUZA MAHABHAIRAB,TEZPUR,Assam,784001,+91 98540 60367,26.622629,92.847509,"air_and_water, bakery_shop, full_service, quick_lubes, shop, standard_toilet, manned",https://find.shell.com/in/fuel/10059165-stn-bhomuraguri/en_IN,2026-09-03 11:54:07
10058194,STN TEZPUR NH37A.,Shell,"PS TEZPUR, DT SONITPUR",TEZPUR,Assam,784001,+91 94351 80888,26.644868,92.831967,"air_and_water, bakery_shop, full_service, hgv_lane, quick_lubes, shop, standard_toilet, manned",https://find.shell.com/in/fuel/10058194-stn-tezpur-nh37a/en_IN,2026-09-03 11:54:07
10053795,132 FT. RING ROAD,Shell,"132 FEET RING ROAD, VASANA",AHMEDABAD,Gujarat,380007,+91 78743 70922,22.999981,72.53648,"air_and_water, bakery_shop, credit_card, credit_card_general, fuel_card, full_service, mobile_loyalty, quick_lubes, service_bay, shell_card, shop, standard_toilet, manned",https://find.shell.com/in/fuel/10053795-132-ft-ring-road/en_IN,2026-09-03 11:53:47
12600057,ADALAJ,Shell,GANDHINAGAR DISTRICT SITUATED AT AD,AHMEDABAD,Gujarat,382421,+91 98795 88082,23.18075,72.56661,"credit_card, credit_card_visa, food_offerings, fuel_card, full_service, loyalty_cards, loyalty_program, mobile_loyalty, mobile_payment, others, pay_tm, quick_lubes, service_bay, shop, standard_toilet, twenty_four_hour, manned",https://find.shell.com/in/fuel/12600057-adalaj/en_IN,2026-09-03 11:53:47
12825018,BAVLA,Shell,TA. BAVLA,AHMEDABAD,Gujarat,382220,+91 99988 82224,22.816497,72.349839,"air_and_water, bakery_shop, credit_card, credit_card_visa, fuel_card, full_service, mobile_loyalty, mobile_payment, other_third_party_rental, pay_at_pump, pay_tm, quick_lubes, service_bay, shell_card, shop, standard_toilet, twenty_four_hour, twenty_four_hour_ev_service, manned",https://find.shell.com/in/fuel/12825018-bavla/en_IN,2026-09-03 11:53:47
10053758,BEHRAMPURA,Shell,BEHRAMPURA,AHMEDABAD,Gujarat,380022,+91 92279 94725,22.996258,72.57433,"air_and_water, bakery_shop, cafe, credit_card, credit_card_general, food_offerings, fuel_card, full_service, mobile_loyalty, quick_lubes, shell_card, shop, standard_toilet, manned",https://find.shell.com/in/fuel/10053758-behrampura/en_IN,2026-09-03 11:53:47
10053733,BOPAL AMLI.,Shell,"TALUKA DASCROI, AMBLI ROAD",AHMEDABAD,Gujarat,380058,+91 63567 20220,23.028103,72.48526,"air_and_water, bakery_shop, cafe, credit_card, credit_card_general, food_offerings, fuel_card, full_service, mobile_loyalty, quick_lubes, service_bay, shell_card, shop, standard_toilet, twenty_four_hour, manned",https://find.shell.com/in/fuel/10053733-bopal-amli/en_IN,2026-09-03 11:53:47
12692556,CHANDKHEDA,Shell,"MOJE: CHANDKHEDA,TA: SABARMATI",AHMEDABAD,Gujarat,382424,+91 92279 94727,23.125496,72.582982,"air_and_water, bakery_shop, credit_card, credit_card_visa, food_offerings, fuel_card, full_service, mobile_loyalty, mobile_payment, others, pay_at_pump, pay_tm, quick_lubes, service_bay, shell_card, shop, standard_toilet, twenty_four_hour, twenty_four_hour_ev_service, manned",https://find.shell.com/in/fuel/12692556-chandkheda/en_IN,2026-09-03 11:53:47
12685074,GHODASAR,Shell,"MOJE: GHODASAR, TA: MANINAGAR",AHMEDABAD,Gujarat,380008,+91 82879 38151,22.987129,72.626876,"air_and_water, bakery_shop, credit_card, credit_card_visa, food_offerings, fuel_card, full_service, mobile_loyalty, mobile_payment, others, pay_at_pump, pay_tm, quick_lubes, service_bay, shell_card, shop, standard_toilet, twenty_four_hour, manned",https://find.shell.com/in/fuel/12685074-ghodasar/en_IN,2026-09-03 11:53:47
12805974,"GHUMA, AROHI CREST RD",Shell,TALUKA :DASKROI,AHMEDABAD,Gujarat,380058,+91 98257 73311,23.0183,72.46707,"bakery_shop, fuel_card, full_service, loyalty_cards, loyalty_program, mobile_loyalty, mobile_payment, pay_tm, quick_lubes, shell_card, shop, standard_toilet, twenty_four_hour, manned",https://find.shell.com/in/fuel/12805974-ghuma-arohi-crest-rd/en_IN,2026-09-03 11:53:47
12756461,GOTA OGNAJ ROAD-AHD,Shell,TALUKA- GHATLODIA,AHMEDABAD,Gujarat,380061,+91 99099 45461,23.101682,72.528817,"air_and_water, credit_card, credit_card_visa, food_offerings, fuel_card, full_service, mobile_loyalty, others, pay_at_pump, quick_lubes, service_bay, shell_card, shop, standard_toilet, twenty_four_hour, manned",https://find.shell.com/in/fuel/12756461-gota-ognaj-road-ahd/en_IN,2026-09-03 11:53:47
10048864,KALUPUR NARODA ROAD,Shell,"VIJAY MILLS, KALUPUR NARODA RD",AHMEDABAD,Gujarat,380016,+91 99099 45461,23.048031,72.6218,"air_and_water, bakery_shop, credit_card, credit_card_general, disabled_facilities, fuel_card, full_service, mobile_loyalty, pay_at_pump, quick_lubes, shell_card, shop, standard_toilet, manned",https://find.shell.com/in/fuel/10048864-kalupur-naroda-road/en_IN,2026-09-03 11:53:47
10048862,KHOKHRA,Shell,"KOKHRA CIRCLE, KOKHRA RD",AHMEDABAD,Gujarat,380008,+91 78743 70922,22.992025,72.60373,"air_and_water, bakery_shop, credit_card, credit_card_general, fuel_card, full_service, go_plus, loyalty_cards, loyalty_program, mobile_loyalty, pay_at_pump, quick_lubes, shell_card, shop, standard_toilet, manned",https://find.shell.com/in/fuel/10048862-khokhra/en_IN,2026-09-03 11:53:47
10053783,MANINAGAR,Shell,"NEAR V-MART, MANINAGAR",AHMEDABAD,Gujarat,380008,+91 98795 88082,23.006492,72.61232,"air_and_water, bakery_shop, cafe, credit_card, credit_card_general, food_offerings, fuel_card, full_service, mobile_loyalty, quick_lubes, shell_card, shop, standard_toilet, manned",https://find.shell.com/in/fuel/10053783-maninagar/en_IN,2026-09-03 11:53:47
12635712,"MOTERA, AHMEDABAD",Shell,TA SABARMATI,AHMEDABAD,Gujarat,380005,+91 94267 16759,23.079232,72.595152,"air_and_water, bakery_shop, cafe, credit_card, credit_card_general, disabled_facilities, food_offerings, fuel_card, full_service, mobile_loyalty, mobile_payment, others, pay_at_pump, pay_tm, quick_lubes, service_bay, shell_card, shop, standard_toilet, twenty_four_hour, manned",https://find.shell.com/in/fuel/12635712-motera-ahmedabad/en_IN,2026-09-03 11:53:47
12062965,NARANPURA.,Shell,132 FT ROAD,AHMEDABAD,Gujarat,380013,+91 92279 94726,23.05496,72.54808,"air_and_water, bakery_shop, cafe, credit_card, credit_card_general, disabled_facilities, food_offerings, fuel_card, full_service, hgv_lane, high_speed_diesel_pump, mobile_loyalty, quick_lubes, service_bay, shell_card, shop, standard_toilet, twenty_four_hour, manned",https://find.shell.com/in/fuel/12062965-naranpura/en_IN,2026-09-03 11:53:47
12659588,NIKOL - ODHAV ROAD,Shell,"MOJE: NIKOL, TA: ASARWA",AHMEDABAD,Gujarat,382350,+91 92743 06024,23.039875,72.66213,"air_and_water, bakery_shop, cafe, credit_card, credit_card_general, disabled_facilities, food_offerings, fuel_card, full_service, mobile_loyalty, mobile_payment, others, pay_at_pump, pay_tm, quick_lubes, service_bay, shell_card, shop, standard_toilet, twenty_four_hour, twenty_four_hour_ev_service, manned",https://find.shell.com/in/fuel/12659588-nikol-odhav-road/en_IN,2026-09-03 11:53:47
12157733,S G HIGHWAY,Shell,JAGATPUR,AHMEDABAD,Gujarat,382481,+91 98257 73311,23.111855,72.53522,"air_and_water, bakery_shop, cafe, food_offerings, full_service, mobile_loyalty, quick_lubes, shop, standard_toilet, twenty_four_hour, manned",https://find.shell.com/in/fuel/12157733-s-g-highway/en_IN,2026-09-03 11:53:47
12548172,SANAND TOWN,Shell,SANAND,AHMEDABAD,Gujarat,382110,+91 92742 28630,22.98525,72.40334,"air_and_water, bakery_shop, cafe, carwash, credit_card, credit_card_general, food_offerings, fuel_card, full_service, go_plus, loyalty_cards, loyalty_program, manual, mobile_loyalty, mobile_payment, pay_tm, quick_lubes, service_bay, shell_card, shop, snack_food, standard_toilet, twenty_four_hour, manned",https://find.shell.com/in/fuel/12548172-sanand-town/en_IN,2026-09-03 11:53:47
10053714,THALTEJ RD,Shell,OPP. TO NARAYANAN PALACE,AHMEDABAD,Gujarat,380053,+91 92279 94728,23.057472,72.51019,"air_and_water, bakery_shop, cafe, credit_card, credit_card_american_express, credit_card_mastercard, credit_card_visa, fleet_card_general, food_offerings, fuel_card, full_service, high_speed_diesel_pump, mobile_loyalty, mobile_payment, pay_tm, quick_lubes, service_bay, shop, standard_toilet, twenty_four_hour, manned",https://find.shell.com/in/fuel/10053714-thaltej-rd/en_IN,2026-09-03 11:53:47
12063138,VASTRAL,Shell,"ON S.P. RING ROAD, VASTRAL",AHMEDABAD,Gujarat,382418,+91 95124 61697,23.00513,72.66853,"air_and_water, bakery_shop, cafe, food_offerings, full_service, mobile_loyalty, mobile_payment, pay_tm, quick_lubes, shop, standard_toilet, twenty_four_hour, manned",https://find.shell.com/in/fuel/12063138-vastral/en_IN,2026-09-03 11:53:47
12647602,"JAGATPUR, AHMEDABAD",Shell,AHMEDABAD,"AHMEDABAD,",Gujarat,382481,+91 75671 34179,23.114502,72.537683,"air_and_water, credit_card, credit_card_visa, food_offerings, fuel_card, full_service, loyalty_cards, loyalty_program, mobile_loyalty, mobile_payment, others, pay_at_pump, pay_tm, quick_lubes, service_bay, shell_card, shop, standard_toilet, twenty_four_hour, manned",https://find.shell.com/in/fuel/12647602-jagatpur-ahmedabad/en_IN,2026-09-03 11:53:47
12770503,DHANSURA,Shell,MOJE TA. DHANSURA,ARAVALLI,Gujarat,383310,+91 98980 90100,23.346915,73.201969,"air_and_water, bakery_shop, credit_card, credit_card_visa, fuel_card, full_service, pay_at_pump, quick_lubes, service_bay, shop, standard_toilet, manned",https://find.shell.com/in/fuel/12770503-dhansura/en_IN,2026-09-03 11:53:47
12841246,ANAPUR CHHOTA,Shell,SUB DISTRICT DHANERA,BANASKANTHA,Gujarat,385310,+91 99094 97112,24.585698,72.201924,"air_and_water, bakery_shop, credit_card, credit_card_visa, fuel_card, full_service, mobile_payment, pay_at_pump, pay_tm, quick_lubes, service_bay, shop, standard_toilet, twenty_four_hour, manned",https://find.shell.com/in/fuel/12841246-anapur-chhota/en_IN,2026-09-03 11:53:47
12820852,PALANPUR,Shell,"SH 41, NR. D - MART, AT PALANPUR",BANASKANTHA,Gujarat,385001,+91 99041 85555,24.154124,72.411521,"air_and_water, credit_card, credit_card_visa, food_offerings, fuel_card, full_service, mobile_loyalty, mobile_payment, other_third_party_rental, others, pay_at_pump, pay_tm, quick_lubes, service_bay, shell_card, shop, standard_toilet, twenty_four_hour, manned",https://find.shell.com/in/fuel/12820852-palanpur/en_IN,2026-09-03 11:53:47
12616526,BHARUCH EXIT-NH 8,Shell,"NH 48, TALUKA & DISTRICT; BHARUCH",BHARUCH,Gujarat,392001,+91 91110 99924,21.772871,73.02478,"air_and_water, bakery_shop, cafe, credit_card, credit_card_general, disabled_facilities, food_offerings, fuel_card, full_service, mobile_loyalty, mobile_payment, others, pay_at_pump, pay_tm, quick_lubes, service_bay, shell_card, shop, standard_toilet, twenty_four_hour, manned",https://find.shell.com/in/fuel/12616526-bharuch-exit-nh-8/en_IN,2026-09-03 11:53:47
12588877,ZADESHWAR ROAD,Shell,BHARUCH,BHARUCH,Gujarat,392001,+91 91110 99924,21.719732,73.031473,"air_and_water, bakery_shop, cafe, credit_card, credit_card_general, disabled_facilities, food_offerings, fuel_card, full_service, mobile_loyalty, mobile_payment, others, pay_at_pump, pay_tm, quick_lubes, service_bay, shell_card, shop, standard_toilet, twenty_four_hour, manned",https://find.shell.com/in/fuel/12588877-zadeshwar-road/en_IN,2026-09-03 11:53:47
12614269,BHAVNAGAR EXIT,Shell,"FULSAR, BHAVNAGAR RAJKOT ROAD",BHAVNAGAR,Gujarat,364004,+91 85111 07087,21.749389,72.087278,"air_and_water, bakery_shop, cafe, credit_card, credit_card_general, food_offerings, fuel_card, full_service, mobile_loyalty, mobile_payment, pay_tm, quick_lubes, service_bay, shell_card, shop, snack_food, standard_toilet, twenty_four_hour, manned",https://find.shell.com/in/fuel/12614269-bhavnagar-exit/en_IN,2026-09-03 11:53:47
12734885,DIHOR,Shell,SUB-DISTRICT TALAJA,BHAVNAGAR,Gujarat,364150,+91 99785 07570,21.478472,72.044646,"air_and_water, bakery_shop, full_service, quick_lubes, shop, standard_toilet, manned",https://find.shell.com/in/fuel/12734885-dihor/en_IN,2026-09-03 11:53:47
12711298,MOKHADAJI CIRCLE,Shell,"NEAR MOKHADAJI CIRCLE , GOGHA ROAD",BHAVNAGAR,Gujarat,364001,+91 91041 36363,21.757854,72.158536,"air_and_water, bakery_shop, cafe, credit_card, credit_card_general, disabled_facilities, food_offerings, fuel_card, full_service, mobile_loyalty, mobile_payment, pay_at_pump, pay_tm, quick_lubes, service_bay, shell_card, shop, standard_toilet, twenty_four_hour, manned",https://find.shell.com/in/fuel/12711298-mokhadaji-circle/en_IN,2026-09-03 11:53:47
12636348,"SHIHOR,BHAVNAGAR RAJKOT ROAD",Shell,DISTRICT BHAVNAGAR,BHAVNAGAR,Gujarat,364240,+91 85111 07087,21.729162,71.969077,"air_and_water, bakery_shop, cafe, credit_card, credit_card_general, disabled_facilities, food_offerings, fuel_card, full_service, go_plus, loyalty_cards, loyalty_program, mobile_loyalty, mobile_payment, others, pay_at_pump, pay_tm, quick_lubes, service_bay, shell_card, shop, standard_toilet, twenty_four_hour, manned",https://find.shell.com/in/fuel/12636348-shihor-bhavnagar-rajkot-road/en_IN,2026-09-03 11:53:47
12614770,VICTORIA GARDEN ROAD,Shell,VICTORIA PARK ROAD,BHAVNAGAR,Gujarat,364002,+91 76004 83232,21.748448,72.137891,"air_and_water, bakery_shop, cafe, credit_card, credit_card_general, food_offerings, fuel_card, full_service, mobile_loyalty, mobile_payment, pay_tm, quick_lubes, service_bay, shell_card, shop, snack_food, standard_toilet, twenty_four_hour, manned",https://find.shell.com/in/fuel/12614770-victoria-garden-road/en_IN,2026-09-03 11:53:47
12649595,BHUJ - MANDVI ROAD,Shell,DISTRICT - KACHCHH,BHUJ,Gujarat,370001,+91 90164 48385,23.22301,69.632971,"air_and_water, bakery_shop, cafe, credit_card, credit_card_general, disabled_facilities, food_offerings, fuel_card, full_service, mobile_loyalty, mobile_payment, pay_at_pump, pay_tm, quick_lubes, service_bay, shell_card, shop, standard_toilet, twenty_four_hour, manned",https://find.shell.com/in/fuel/12649595-bhuj-mandvi-road/en_IN,2026-09-03 11:53:54
12628525,V.D HIGH SCHOOL,Shell,"MUNDRA ROAD, BHUJ,DISTRICT - KUTCH",BHUJ,Gujarat,370001,+91 90164 48385,23.233911,69.663912,"air_and_water, bakery_shop, cafe, credit_card, credit_card_general, disabled_facilities, food_offerings, fuel_card, full_service, mobile_loyalty, mobile_payment, pay_at_pump, pay_tm, quick_lubes, service_bay, shell_card, shop, standard_toilet, twenty_four_hour, manned",https://find.shell.com/in/fuel/12628525-v-d-high-school/en_IN,2026-09-03 11:53:54
12610296,DAHOD,Shell,DAHOD,DAHOD,Gujarat,389151,+91 94275 96738,22.837931,74.253146,"air_and_water, bakery_shop, full_service, quick_lubes, shop, standard_toilet, twenty_four_hour, manned",https://find.shell.com/in/fuel/12610296-dahod/en_IN,2026-09-03 11:53:47
13000854,NAGRALA,Shell,DISTRICT DAHOD,DAHOD,Gujarat,389151,+91 82008 71569,22.79726,74.25163,"full_service, shop, standard_toilet, twenty_four_hour, manned",https://find.shell.com/in/fuel/13000854-nagrala/en_IN,2026-09-03 11:54:04
12591714,"GANDHINAGAR EXIT,NH 147",Shell,"NH 147, TALUKA & DIST - GANDHINAGAR",GANDHINAGAR,Gujarat,382042,+91 63547 21708,23.237028,72.713917,"air_and_water, bakery_shop, cafe, credit_card, credit_card_general, food_offerings, fuel_card, full_service, hot_food, mobile_loyalty, quick_lubes, sandwich, service_bay, shell_card, shop, snack_food, standard_toilet, twenty_four_hour, manned",https://find.shell.com/in/fuel/12591714-gandhinagar-exit-nh-147/en_IN,2026-09-03 11:53:47
12862817,TALALA,Shell,DISTRICT TALALA,GIR SOMNATH,Gujarat,362150,+91 94272 27897,21.060715,70.534852,"air_and_water, credit_card, credit_card_visa, food_offerings, fuel_card, full_service, others, pay_at_pump, quick_lubes, service_bay, shop, standard_toilet, twenty_four_hour, manned",https://find.shell.com/in/fuel/12862817-talala/en_IN,2026-09-03 11:53:54
12811717,"AERDROME RD, JAMNAGAR",Shell,"AERODROME ROAD,",JAMNAGAR,Gujarat,361006,+91 90999 59880,22.471332,70.050889,"air_and_water, bakery_shop, credit_card, credit_card_visa, food_offerings, fuel_card, full_service, mobile_loyalty, mobile_payment, others, pay_at_pump, pay_tm, quick_lubes, service_bay, shell_card, shop, standard_toilet, twenty_four_hour, manned",https://find.shell.com/in/fuel/12811717-aerdrome-rd-jamnagar/en_IN,2026-09-03 11:53:54
12586244,LALPUR ROAD,Shell,NEAR PUMP HOUSE,JAMNAGAR,Gujarat,361005,+91 90999 59880,22.436427,70.065401,"air_and_water, bakery_shop, cafe, credit_card, credit_card_american_express, credit_card_general, credit_card_mastercard, credit_card_visa, food_offerings, fuel_card, full_service, mobile_loyalty, mobile_payment, pay_tm, quick_lubes, shop, standard_toilet, twenty_four_hour, manned",https://find.shell.com/in/fuel/12586244-lalpur-road/en_IN,2026-09-03 11:53:54
12598582,RAJKOT ROAD,Shell,JAMNAGAR - RAJKOT ROAD,JAMNAGAR,Gujarat,361120,+91 90999 59880,22.500112,70.184271,"air_and_water, bakery_shop, credit_card, credit_card_general, food_offerings, fuel_card, full_service, high_speed_diesel_pump, mobile_loyalty, mobile_payment, pay_tm, quick_lubes, service_bay, shell_card, shop, snack_food, standard_toilet, twenty_four_hour, manned",https://find.shell.com/in/fuel/12598582-rajkot-road/en_IN,2026-09-03 11:53:54
12734891,KESHOD,Shell,TALUKA KESHOD,JUNAGADH,Gujarat,362220,+91 94266 34215,21.282226,70.253035,"air_and_water, bakery_shop, credit_card, credit_card_general, food_offerings, fuel_card, full_service, others, pay_at_pump, quick_lubes, service_bay, shop, standard_toilet, manned",https://find.shell.com/in/fuel/12734891-keshod/en_IN,2026-09-03 11:53:54
12653420,MANAV ASHRAM CIRCLE,Shell,"MEHSANA, MEHSANA DISTRICT",MEHSANA,Gujarat,384001,+91 98797 78236,23.610931,72.407509,"air_and_water, bakery_shop, credit_card, credit_card_general, disabled_facilities, food_offerings, fuel_card, full_service, mobile_loyalty, others, pay_at_pump, quick_lubes, service_bay, shop, standard_toilet, manned",https://find.shell.com/in/fuel/12653420-manav-ashram-circle/en_IN,2026-09-03 11:53:47
12846963,SHANKUS PARK,Shell,DHOLASAN TA,MEHSANA,Gujarat,384435,+91 99250 05436,23.471616,72.391971,"credit_card, credit_card_visa, food_offerings, fuel_card, full_service, others, quick_lubes, service_bay, shop, standard_toilet, twenty_four_hour, manned",https://find.shell.com/in/fuel/12846963-shankus-park/en_IN,2026-09-03 11:53:47
12623011,MORBI,Shell,"TOWN, WITHIN MORBI MUNICIPAL LIMIT",MORBI,Gujarat,363641,+91 98252 90708,22.811686,70.830796,"air_and_water, bakery_shop, credit_card, credit_card_general, food_offerings, fuel_card, full_service, mobile_loyalty, others, pay_at_pump, quick_lubes, service_bay, shop, standard_toilet, manned",https://find.shell.com/in/fuel/12623011-morbi/en_IN,2026-09-03 11:53:48
13000851,MOTA BORASARA,Shell,NEAR TULSI HOTEL,MOTA BORASARA,Gujarat,394110,+91 84606 76226,21.393771,72.941002,"air_and_water, credit_card, credit_card_visa, fuel_card, mobile_payment, pay_tm, quick_lubes, service_bay, shell_card, shop, standard_toilet, twenty_four_hour, manned",https://find.shell.com/in/fuel/13000851-mota-borasara/en_IN,2026-09-03 11:53:47
12825019,KASBAPAR,Shell,"MOJE KASABAPAR,",NAVSARI,Gujarat,396445,+91 94291 48867,20.97053,72.93269,"air_and_water, credit_card, credit_card_visa, food_offerings, fuel_card, full_service, mobile_loyalty, others, pay_at_pump, quick_lubes, service_bay, shop, standard_toilet, twenty_four_hour, manned",https://find.shell.com/in/fuel/12825019-kasbapar/en_IN,2026-09-03 11:53:40
12665778,GODHRA,Shell,"DAHOD-PRABHA ROAD,TA. GODHRA",PANCHMAHAL,Gujarat,389001,+91 70770 77000,22.778959,73.653384,"air_and_water, bakery_shop, credit_card, credit_card_general, disabled_facilities, food_offerings, fuel_card, full_service, others, pay_at_pump, quick_lubes, service_bay, shop, standard_toilet, manned",https://find.shell.com/in/fuel/12665778-godhra/en_IN,2026-09-03 11:53:47
12646056,150 FT RING ROAD,Shell,"STERLING HOSPITAL,150 FT RING ROAD",RAJKOT,Gujarat,360007,+91 78020 80077,22.306656,70.768525,"air_and_water, bakery_shop, cafe, credit_card, credit_card_general, disabled_facilities, food_offerings, fuel_card, full_service, mobile_loyalty, mobile_payment, others, pay_at_pump, pay_tm, quick_lubes, service_bay, shell_card, shop, standard_toilet, twenty_four_hour, manned",https://find.shell.com/in/fuel/12646056-150-ft-ring-road/en_IN,2026-09-03 11:53:54
10053771,GONDAL ROAD,Shell,GONDAL ROAD,RAJKOT,Gujarat,360002,+91 98795 14041,22.280917,70.79959,"air_and_water, bakery_shop, credit_card, credit_card_american_express, credit_card_general, credit_card_mastercard, credit_card_visa, fuel_card, full_service, mobile_loyalty, mobile_payment, parking_lanes, pay_tm, quick_lubes, service_bay, shell_card, shop, standard_toilet, twenty_four_hour, type_of_parking, manned",https://find.shell.com/in/fuel/10053771-gondal-road/en_IN,2026-09-03 11:53:54
10053713,KALAWAD ROAD.,Shell,"STN RS NO111, PAIKI",RAJKOT,Gujarat,360005,+91 70417 23281,22.279342,70.76393,"air_and_water, bakery_shop, cafe, credit_card, credit_card_general, disabled_facilities, food_offerings, fuel_card, full_service, hgv_lane, high_speed_diesel_pump, mobile_loyalty, quick_lubes, shell_card, shop, standard_toilet, twenty_four_hour, manned",https://find.shell.com/in/fuel/10053713-kalawad-road/en_IN,2026-09-03 11:53:54
10048870,KUVADVA RD,Shell,KUVADVA ROAD,RAJKOT,Gujarat,360003,+91 281 256 2700,22.306961,70.81483,"air_and_water, bakery_shop, credit_card, credit_card_general, food_offerings, fuel_card, full_service, go_plus, loyalty_cards, loyalty_program, mobile_loyalty, mobile_payment, others, pay_at_pump, pay_tm, quick_lubes, service_bay, shell_card, shop, snack_food, standard_toilet, twenty_four_hour, manned",https://find.shell.com/in/fuel/10048870-kuvadva-rd/en_IN,2026-09-03 11:53:54
12756410,"MAVDI, 150 FT RINGRD",Shell,150 FT RING ROAD,RAJKOT,Gujarat,360004,+91 98795 14041,22.257816,70.788828,"air_and_water, bakery_shop, credit_card, credit_card_general, food_offerings, fuel_card, mobile_loyalty, mobile_payment, others, pay_at_pump, pay_tm, quick_lubes, service_bay, shell_card, shop, standard_toilet, twenty_four_hour, manned",https://find.shell.com/in/fuel/12756410-mavdi-150-ft-ringrd/en_IN,2026-09-03 11:53:54
12581140,PARDI RAJKOT,Shell,"RAJKOT-GONDAL HIGHWAY, TAL: LODHIKA",RAJKOT,Gujarat,360024,+91 98256 26086,22.188192,70.800009,"air_and_water, cafe, credit_card, credit_card_general, disabled_facilities, food_offerings, fuel_card, full_service, mobile_loyalty, mobile_payment, pay_at_pump, pay_tm, quick_lubes, service_bay, shell_card, shop, standard_toilet, twenty_four_hour, manned",https://find.shell.com/in/fuel/12581140-pardi-rajkot/en_IN,2026-09-03 11:53:54
12778658,"RONKI,150 FT RING RD",Shell,"150 FT RING ROAD, RAJKOT EAST,",RAJKOT,Gujarat,360001,+91 98256 26086,22.339502,70.799552,"air_and_water, bakery_shop, cafe, credit_card, credit_card_visa, food_offerings, fuel_card, full_service, mobile_loyalty, mobile_payment, others, pay_at_pump, pay_tm, quick_lubes, service_bay, shell_card, shop, standard_toilet, twenty_four_hour, manned",https://find.shell.com/in/fuel/12778658-ronki-150-ft-ring-rd/en_IN,2026-09-03 11:53:54
10048867,YAGNIK ROAD,Shell,"TRIKON BAGH, YAGNIK RD",RAJKOT,Gujarat,360001,+91 70698 97781,22.2936,70.80093,"air_and_water, bakery_shop, credit_card, credit_card_general, fuel_card, full_service, mobile_loyalty, pay_at_pump, quick_lubes, shell_card, shop, standard_toilet, twenty_four_hour, manned",https://find.shell.com/in/fuel/10048867-yagnik-road/en_IN,2026-09-03 11:53:54
12665781,RANDHIKPUR,Shell,"TALUKA- SINGVAD ,DAHOD",RANDHIKPUR,Gujarat,389175,+91 85999 99389,22.951506,73.955345,"air_and_water, bakery_shop, disabled_facilities, full_service, mobile_loyalty, mobile_payment, pay_tm, quick_lubes, service_bay, shop, standard_toilet, twenty_four_hour, manned",https://find.shell.com/in/fuel/12665781-randhikpur/en_IN,2026-09-03 11:53:47
12712391,"ALTHAN,NEW CITYLIGHT",Shell,ALTHAN,SURAT,Gujarat,395006,+91 72764 99126,21.157833,72.797417,"air_and_water, bakery_shop, cafe, credit_card, credit_card_general, food_offerings, fuel_card, full_service, mobile_loyalty, mobile_payment, pay_at_pump, pay_tm, quick_lubes, service_bay, shell_card, shop, standard_toilet, twenty_four_hour, manned",https://find.shell.com/in/fuel/12712391-althan-new-citylight/en_IN,2026-09-03 11:53:50
12634541,CANAL ROAD-SURAT,Shell,"NR MAJESTICA, PUNA SIMADA- BRTS CAN",SURAT,Gujarat,395010,+91 72764 99126,21.209352,72.894651,"air_and_water, bakery_shop, cafe, credit_card, credit_card_general, disabled_facilities, food_offerings, fuel_card, full_service, mobile_loyalty, mobile_payment, others, pay_at_pump, pay_tm, quick_lubes, service_bay, shell_card, shop, standard_toilet, manned",https://find.shell.com/in/fuel/12634541-canal-road-surat/en_IN,2026-09-03 11:53:50
12756877,"DESAI CNG, BAMROLI RD",Shell,BAMROLI PANDESARA ROAD,SURAT,Gujarat,395002,+91 91756 12345,21.177186,72.825799,"air_and_water, bakery_shop, cafe, credit_card, credit_card_visa, deli2go, food_offerings, fuel_card, full_service, mobile_loyalty, mobile_payment, others, pay_at_pump, pay_tm, quick_lubes, shell_card, shop, standard_toilet, twenty_four_hour, manned",https://find.shell.com/in/fuel/12756877-desai-cng-bamroli-rd/en_IN,2026-09-03 11:53:50
12811713,"GODADARA, GODADARA RD",Shell,"SURVEYNO 34/1/B, BLOCK NO 42 MOJE P",SURAT,Gujarat,395006,+91 75748 10119,21.177383,72.871524,"air_and_water, bakery_shop, credit_card, credit_card_visa, food_offerings, fuel_card, full_service, mobile_loyalty, mobile_payment, others, pay_at_pump, pay_tm, service_bay, shell_card, shop, standard_toilet, twenty_four_hour, manned",https://find.shell.com/in/fuel/12811713-godadara-godadara-rd/en_IN,2026-09-03 11:53:40
12641545,"JEHANGIRPURA RANDER ROAD,SURAT",Shell,MOJE RANDER,SURAT,Gujarat,395009,+91 84693 00009,21.233616,72.789713,"air_and_water, bakery_shop, cafe, credit_card, credit_card_general, disabled_facilities, food_offerings, fuel_card, full_service, mobile_loyalty, mobile_payment, others, pay_at_pump, pay_tm, quick_lubes, service_bay, shell_card, shop, standard_toilet, twenty_four_hour, manned",https://find.shell.com/in/fuel/12641545-jehangirpura-rander-road-surat/en_IN,2026-09-03 11:53:50
12691525,KATARGAM AMROLI ROAD,Shell,KATARGAM,SURAT,Gujarat,395004,+91 98256 66661,21.224813,72.838253,"air_and_water, bakery_shop, cafe, credit_card, credit_card_general, food_offerings, fuel_card, full_service, mobile_loyalty, mobile_payment, others, pay_at_pump, pay_tm, quick_lubes, service_bay, shell_card, shop, standard_toilet, twenty_four_hour, manned",https://find.shell.com/in/fuel/12691525-katargam-amroli-road/en_IN,2026-09-03 11:53:50
12691487,"LAL DARWAJA, RING RD",Shell,LAL DARWAJA,SURAT,Gujarat,395001,+91 72764 99126,21.21105,72.832003,"air_and_water, bakery_shop, cafe, credit_card, credit_card_general, food_offerings, fuel_card, full_service, mobile_loyalty, mobile_payment, pay_at_pump, pay_tm, quick_lubes, service_bay, shell_card, shop, standard_toilet, twenty_four_hour, manned",https://find.shell.com/in/fuel/12691487-lal-darwaja-ring-rd/en_IN,2026-09-03 11:53:50
10053711,LP SAWANI ROAD,Shell,"ADAJAN, TAL CHORYASI",SURAT,Gujarat,395009,+91 84693 00009,21.188592,72.79034,"air_and_water, bakery_shop, cafe, credit_card, credit_card_general, food_offerings, fuel_card, full_service, mobile_loyalty, quick_lubes, service_bay, shell_card, shop, standard_toilet, manned",https://find.shell.com/in/fuel/10053711-lp-sawani-road/en_IN,2026-09-03 11:53:50
12792763,MANDVI,Shell,"TA. MANDVI,",SURAT,Gujarat,394160,+91 98792 66602,21.258296,73.31085,"air_and_water, credit_card, credit_card_visa, food_offerings, fuel_card, full_service, mobile_loyalty, mobile_payment, others, pay_at_pump, pay_tm, quick_lubes, service_bay, shell_card, shop, standard_toilet, manned",https://find.shell.com/in/fuel/12792763-mandvi/en_IN,2026-09-03 11:53:40
12538829,MOTA VARACHHA,Shell,"NR- VIP CIRCLE,MOTA VARACHHA, UTRAN",SURAT,Gujarat,394105,+91 98256 66661,21.234705,72.872309,"air_and_water, bakery_shop, full_service, mobile_loyalty, quick_lubes, shop, standard_toilet, twenty_four_hour, manned",https://find.shell.com/in/fuel/12538829-mota-varachha/en_IN,2026-09-03 11:53:50
12733716,"PALSANA, SURAT EXIT",Shell,"VESMA, TA.JALALPORE, DIST. NAVSARI",SURAT,Gujarat,396475,+91 75748 10119,21.05255,72.978326,"air_and_water, bakery_shop, cafe, credit_card, credit_card_visa, food_offerings, fuel_card, full_service, mobile_loyalty, mobile_payment, pay_at_pump, pay_tm, quick_lubes, service_bay, shell_card, shop, standard_toilet, twenty_four_hour, manned",https://find.shell.com/in/fuel/12733716-palsana-surat-exit/en_IN,2026-09-03 11:53:40
12839772,"PIPLOD 2, ATHWA DUMAS",Shell,PIPLOD,SURAT,Gujarat,395006,+91 84693 00009,21.16073,72.77423,"air_and_water, bakery_shop, credit_card, credit_card_visa, food_offerings, fuel_card, full_service, loyalty_cards, loyalty_program, mobile_loyalty, mobile_payment, others, pay_tm, quick_lubes, shell_card, shop, standard_toilet, manned",https://find.shell.com/in/fuel/12839772-piplod-2-athwa-dumas/en_IN,2026-09-03 11:53:50
12692558,"PUNA, CANAL ROAD",Shell,"TP SCHEME NO 60, PUNA",SURAT,Gujarat,395010,+91 90995 52777,21.202241,72.885534,"air_and_water, bakery_shop, cafe, credit_card, credit_card_general, disabled_facilities, food_offerings, fuel_card, full_service, mobile_loyalty, mobile_payment, pay_at_pump, pay_tm, quick_lubes, service_bay, shell_card, shop, standard_toilet, manned",https://find.shell.com/in/fuel/12692558-puna-canal-road/en_IN,2026-09-03 11:53:40
12538833,UDHNA MAGDALLA ROAD,Shell,UDHNA MAGDALLA ROAD,SURAT,Gujarat,395007,+91 75748 10119,21.148028,72.766706,"air_and_water, bakery_shop, burger, cafe, credit_card, credit_card_general, credit_card_mastercard, credit_card_visa, disabled_facilities, food_offerings, fuel_card, full_service, hot_food, mobile_loyalty, pizza, quick_lubes, sandwich, shell_card, shop, snack_food, standard_toilet, twenty_four_hour, manned",https://find.shell.com/in/fuel/12538833-udhna-magdalla-road/en_IN,2026-09-03 11:53:50
10053781,VARACHA,Shell,"89, PAIKEE NANA, VARACHA",SURAT,Gujarat,395002,+91 98256 66661,21.222206,72.88191,"air_and_water, bakery_shop, credit_card, credit_card_general, fuel_card, full_service, mobile_loyalty, quick_lubes, shell_card, shop, standard_toilet, manned",https://find.shell.com/in/fuel/10053781-varacha/en_IN,2026-09-03 11:53:50
12601984,VIP ROAD SURAT,Shell,BESIDE METRO CASH & CARRY,SURAT,Gujarat,395017,+91 91756 12345,21.144716,72.801888,"air_and_water, bakery_shop, cafe, credit_card, credit_card_general, deli2go, food_offerings, fuel_card, full_service, mobile_loyalty, quick_lubes, service_bay, shell_card, shop, snack_food, standard_toilet, twenty_four_hour, manned",https://find.shell.com/in/fuel/12601984-vip-road-surat/en_IN,2026-09-03 11:53:50
12656329,"AKOTA,VADODARA",Shell,"CITY SURVEY NO.68/A, TP SCHEME NO.1",VADODARA,Gujarat,390020,+91 92751 70707,22.293838,73.175126,"air_and_water, bakery_shop, cafe, credit_card, credit_card_general, disabled_facilities, food_offerings, fuel_card, full_service, mobile_loyalty, mobile_payment, other_third_party_rental, others, pay_at_pump, pay_tm, quick_lubes, service_bay, shell_card, shop, standard_toilet, manned",https://find.shell.com/in/fuel/12656329-akota-vadodara/en_IN,2026-09-03 11:53:47
12756506,BHAYLI-SEVASI CANAL,Shell,SEVASI CANAL ROAD,VADODARA,Gujarat,391410,+91 81415 28538,22.29775,73.127056,"air_and_water, bakery_shop, cafe, credit_card, credit_card_general, food_offerings, fuel_card, full_service, mobile_loyalty, mobile_payment, pay_at_pump, pay_tm, quick_lubes, service_bay, shell_card, shop, standard_toilet, twenty_four_hour, manned",https://find.shell.com/in/fuel/12756506-bhayli-sevasi-canal/en_IN,2026-09-03 11:53:47
10048863,CHHANI.,Shell,"OPP RAMAKA MANDIR, CHANNI RD",VADODARA,Gujarat,391740,+91 98795 99579,22.35472,73.16744,"air_and_water, bakery_shop, credit_card, credit_card_general, disabled_facilities, fuel_card, mobile_loyalty, pay_at_pump, quick_lubes, shell_card, shop, standard_toilet, twenty_four_hour, manned",https://find.shell.com/in/fuel/10048863-chhani/en_IN,2026-09-03 11:53:47
10053785,GORWA ROAD,Shell,REFINERY ROAD,VADODARA,Gujarat,390016,+91 96625 30806,22.328539,73.16139,"air_and_water, bakery_shop, credit_card, credit_card_american_express, credit_card_mastercard, credit_card_visa, fuel_card, full_service, mobile_loyalty, quick_lubes, shell_card, shop, standard_toilet, manned",https://find.shell.com/in/fuel/10053785-gorwa-road/en_IN,2026-09-03 11:53:47
10053746,GOTRI ROAD,Shell,GOTRI ROAD,VADODARA,Gujarat,390021,+91 94275 10699,22.313375,73.14461,"air_and_water, bakery_shop, cafe, credit_card, credit_card_american_express, credit_card_mastercard, credit_card_visa, fleet_card_general, food_offerings, fuel_card, full_service, go_plus, loyalty_cards, loyalty_program, mobile_loyalty, mobile_payment, others, pay_tm, quick_lubes, shop, snack_food, standard_toilet, twenty_four_hour, manned",https://find.shell.com/in/fuel/10053746-gotri-road/en_IN,2026-09-03 11:53:47
10053784,HARNI ROAD,Shell,"PLOT NO 5, TP NO 7, MOUJE VADODARA",VADODARA,Gujarat,390006,+91 96625 30806,22.31365,73.21093,"air_and_water, bakery_shop, credit_card, credit_card_general, food_offerings, fuel_card, full_service, mobile_loyalty, mobile_payment, others, pay_tm, quick_lubes, shell_card, shop, snack_food, standard_toilet, manned",https://find.shell.com/in/fuel/10053784-harni-road/en_IN,2026-09-03 11:53:47
12714368,"JAMBUVA, NH48",Shell,"VILLAGE JAMBUA, NH 48",VADODARA,Gujarat,391243,+91 94275 10699,22.207486,73.192034,"air_and_water, bakery_shop, credit_card, credit_card_visa, food_offerings, fuel_card, full_service, mobile_loyalty, mobile_payment, others, pay_at_pump, pay_tm, quick_lubes, service_bay, shell_card, shop, standard_toilet, twenty_four_hour, twenty_four_hour_ev_service, manned",https://find.shell.com/in/fuel/12714368-jambuva-nh48/en_IN,2026-09-03 11:53:47
10053782,MAKARPURA,Shell,"TARSALI, MAKARPURA",VADODARA,Gujarat,390014,+91 90993 72141,22.266064,73.20152,"air_and_water, bakery_shop, cafe, credit_card, credit_card_general, food_offerings, fuel_card, full_service, mobile_loyalty, quick_lubes, service_bay, shell_card, shop, standard_toilet, manned",https://find.shell.com/in/fuel/10053782-makarpura/en_IN,2026-09-03 11:53:47
12641375,"NEW VIP ROAD,VADODARA",Shell,NEW VIP ROAD,VADODARA,Gujarat,390018,+91 96625 30806,22.31736,73.228792,"air_and_water, bakery_shop, cafe, credit_card, credit_card_general, disabled_facilities, food_offerings, fuel_card, full_service, mobile_loyalty, mobile_payment, other_third_party_rental, others, pay_at_pump, pay_tm, quick_lubes, service_bay, shell_card, shop, standard_toilet, twenty_four_hour, manned",https://find.shell.com/in/fuel/12641375-new-vip-road-vadodara/en_IN,2026-09-03 11:53:47
12538831,OLD PADRA ROAD,Shell,OLD PADRA ROAD,VADODARA,Gujarat,390015,+91 90993 72141,22.283883,73.164582,"air_and_water, bakery_shop, cafe, credit_card, credit_card_general, disabled_facilities, food_offerings, fuel_card, full_service, mobile_loyalty, mobile_payment, others, pay_at_pump, pay_tm, quick_lubes, service_bay, shell_card, shop, standard_toilet, twenty_four_hour, manned",https://find.shell.com/in/fuel/12538831-old-padra-road/en_IN,2026-09-03 11:53:47
12546415,SAMA SAVLI ROAD,Shell,"MOUJE : SAMA,SAMA SAVLI ROAD",VADODARA,Gujarat,390008,+91 95107 75259,22.348249,73.20108,"air_and_water, bakery_shop, cafe, deli2go, food_offerings, full_service, mobile_loyalty, mobile_payment, pay_tm, quick_lubes, shop, standard_toilet, manned",https://find.shell.com/in/fuel/12546415-sama-savli-road/en_IN,2026-09-03 11:53:47
12739052,SUSEN-TARSALI RINGRD,Shell,TALUKA AND DISTRICT:VADODARA,VADODARA,Gujarat,390012,+91 90993 72141,22.267326,73.167209,"air_and_water, bakery_shop, cafe, credit_card, credit_card_general, food_offerings, fuel_card, full_service, mobile_loyalty, mobile_payment, others, pay_at_pump, pay_tm, quick_lubes, service_bay, shell_card, shop, standard_toilet, twenty_four_hour, manned",https://find.shell.com/in/fuel/12739052-susen-tarsali-ringrd/en_IN,2026-09-03 11:53:47
12682734,VADODARA-PADRA ROAD,Shell,VADODARA-PADRA ROAD,VADODARA,Gujarat,391410,+91 94292 10699,22.259377,73.113731,"air_and_water, bakery_shop, cafe, credit_card, credit_card_general, food_offerings, fuel_card, full_service, mobile_loyalty, mobile_payment, others, pay_at_pump, pay_tm, quick_lubes, service_bay, shell_card, shop, standard_toilet, twenty_four_hour, manned",https://find.shell.com/in/fuel/12682734-vadodara-padra-road/en_IN,2026-09-03 11:53:47
12681714,AROOR,Shell,"AROOR VILLAGE, CHIKKABLLAPUR TALUK",AROOR,Karnataka,562104,+91 98450 41468,13.57343,77.78135,"air_and_water, bakery_shop, credit_card, credit_card_general, disabled_facilities, food_offerings, fuel_card, full_service, others, pay_at_pump, quick_lubes, service_bay, shop, standard_toilet, twenty_four_hour, manned",https://find.shell.com/in/fuel/12681714-aroor/en_IN,2026-09-03 11:52:41
12708917,ANEKAL ROAD,Shell,"KASABA HOBLI, ANEKAL TALUK",BANGALORE,Karnataka,562106,+91 99005 05152,12.763472,77.701722,"air_and_water, bakery_shop, cafe, credit_card, credit_card_general, food_offerings, fuel_card, full_service, mobile_loyalty, mobile_payment, pay_at_pump, pay_tm, quick_lubes, service_bay, shell_card, shop, standard_toilet, twenty_four_hour, twenty_four_hour_ev_service, manned",https://find.shell.com/in/fuel/12708917-anekal-road/en_IN,2026-09-03 11:52:39
12717824,BANGALORE AIRPORT (BIAL),Shell,SURVEY NO.7 OF MYLANAHALLI VILLAGE,BANGALORE,Karnataka,560300,+91 78996 59170,13.199917,77.690694,"air_and_water, bakery_shop, cafe, credit_card, credit_card_general, disabled_facilities, food_offerings, fuel_card, full_service, mobile_loyalty, mobile_payment, pay_at_pump, pay_tm, quick_lubes, service_bay, shell_card, shop, standard_toilet, twenty_four_hour, manned",https://find.shell.com/in/fuel/12717824-bangalore-airport-bial/en_IN,2026-09-03 11:52:34
10053728,BANNERGHATA,Shell,"GOTTIGERE VILLAGE, BANERGHATTA ROAD",BANGALORE,Karnataka,560083,+91 84969 68479,12.859742,77.58983,"air_and_water, bakery_shop, cafe, credit_card, credit_card_general, food_offerings, fuel_card, full_service, mobile_loyalty, quick_lubes, service_bay, shell_card, shop, standard_toilet, twenty_four_hour, motorway_service, manned",https://find.shell.com/in/fuel/10053728-bannerghata/en_IN,2026-09-03 11:52:33
12723748,BANNERGHATTA-2,Shell,B G MAIN ROAD,BANGALORE,Karnataka,560076,+91 97397 57537,12.906172,77.601802,"air_and_water, bakery_shop, cafe, food_offerings, fuel_card, full_service, mobile_loyalty, mobile_payment, pay_tm, quick_lubes, service_bay, shell_card, shop, standard_toilet, twenty_four_hour, manned",https://find.shell.com/in/fuel/12723748-bannerghatta-2/en_IN,2026-09-03 11:52:33
12170818,BELLANDUR,Shell,80/2 OUTER RING ROAD.,BANGALORE,Karnataka,560037,+91 90364 73001,12.923162,77.67138,"air_and_water, bakery_shop, cafe, food_offerings, full_service, mobile_loyalty, quick_lubes, shop, standard_toilet, twenty_four_hour, manned",https://find.shell.com/in/fuel/12170818-bellandur/en_IN,2026-09-03 11:52:33
10048886,BELLARY RD,Shell,"BELLARY RD, YELAHANKA HOBLI",BANGALORE,Karnataka,560092,+91 96114 08554,13.071727,77.59305,"air_and_water, bakery_shop, cafe, credit_card, credit_card_general, disabled_facilities, food_offerings, fuel_card, full_service, mobile_loyalty, pay_at_pump, quick_lubes, service_bay, shell_card, shop, standard_toilet, twenty_four_hour, motorway_service, manned",https://find.shell.com/in/fuel/10048886-bellary-rd/en_IN,2026-09-03 11:52:33
10048874,BROOKFIELD,Shell,"BROOKFIELD RD, VILL HOODI",BANGALORE,Karnataka,560048,+91 95536 82255,12.982598,77.70814,"air_and_water, bakery_shop, cafe, credit_card, credit_card_general, deli2go, fleet_card_general, food_offerings, fuel_card, full_service, mobile_loyalty, pay_at_pump, quick_lubes, service_bay, shop, standard_toilet, twenty_four_hour, twenty_four_hour_ev_service, manned",https://find.shell.com/in/fuel/10048874-brookfield/en_IN,2026-09-03 11:52:33
12649873,"BUDIGERE ROAD,BANGALORE",Shell,"HOSAKOTE CHEEMASANDRA VIL,BIDARAHAL",BANGALORE,Karnataka,560049,+91 78999 13232,13.060278,77.742639,"air_and_water, bakery_shop, cafe, credit_card, credit_card_general, food_offerings, fuel_card, full_service, mobile_loyalty, mobile_payment, pay_at_pump, pay_tm, quick_lubes, shell_card, shop, standard_toilet, twenty_four_hour, twenty_four_hour_ev_service, manned",https://find.shell.com/in/fuel/12649873-budigere-road-bangalore/en_IN,2026-09-03 11:52:34
10055417,BULLTEMPLE ROAD,Shell,"ADJ SHANTI SAGAR, BULL TEMPLE RD",BANGALORE,Karnataka,560019,+91 74114 80973,12.953503,77.56741,"air_and_water, bakery_shop, cafe, credit_card, credit_card_american_express, credit_card_mastercard, credit_card_visa, food_offerings, fuel_card, full_service, mobile_loyalty, quick_lubes, service_bay, shell_card, shop, standard_toilet, twenty_four_hour, manned",https://find.shell.com/in/fuel/10055417-bulltemple-road/en_IN,2026-09-03 11:52:33
12640025,CHANASANDRA,Shell,BIDARAHALLI  HOBLI.,BANGALORE,Karnataka,560067,+91 98453 53418,12.98369,77.77049,"air_and_water, bakery_shop, food_offerings, fuel_card, full_service, loyalty_cards, loyalty_program, mobile_loyalty, mobile_payment, others, pay_tm, quick_lubes, service_bay, shell_card, shop, standard_toilet, manned",https://find.shell.com/in/fuel/12640025-chanasandra/en_IN,2026-09-03 11:52:37
12654678,CHANDAPURA - HOSUR ROAD,Shell,"ANEKAL BALAGARANAHALLI VILL, ATTIBE",BANGALORE,Karnataka,562107,+91 90364 73001,12.78863,77.736753,"air_and_water, bakery_shop, cafe, credit_card, credit_card_general, disabled_facilities, food_offerings, fuel_card, full_service, mobile_loyalty, mobile_payment, others, pay_at_pump, pay_tm, quick_lubes, service_bay, shell_card, shop, standard_toilet, twenty_four_hour, twenty_four_hour_ev_service, manned",https://find.shell.com/in/fuel/12654678-chandapura-hosur-road/en_IN,2026-09-03 11:53:02
12653903,CHANDAPURA 2,Shell,ATTIBELE HOBLI,BANGALORE,Karnataka,560081,+91 76187 54348,12.799891,77.713806,"air_and_water, bakery_shop, cafe, credit_card, credit_card_general, food_offerings, fuel_card, full_service, mobile_loyalty, mobile_payment, pay_at_pump, pay_tm, quick_lubes, service_bay, shell_card, shop, standard_toilet, twenty_four_hour, manned",https://find.shell.com/in/fuel/12653903-chandapura-2/en_IN,2026-09-03 11:52:36
12655364,CHIKKABIDEREKALLU,Shell,"DASANAPURA 2 HOBLI,NORTH TALUK",BANGALORE,Karnataka,560073,+91 98451 27994,13.051664,77.490622,"air_and_water, bakery_shop, cafe, food_offerings, fuel_card, full_service, mobile_loyalty, mobile_payment, others, pay_tm, quick_lubes, service_bay, shell_card, shop, standard_toilet, twenty_four_hour, manned",https://find.shell.com/in/fuel/12655364-chikkabiderekallu/en_IN,2026-09-03 11:52:34
12589171,DEVANAHALLI,Shell,NH7 BYPASS DEVAHALLI TOWN,BANGALORE,Karnataka,562110,+91 78996 59170,13.264214,77.717523,"air_and_water, bakery_shop, cafe, food_offerings, full_service, mobile_loyalty, mobile_payment, pay_tm, quick_lubes, shop, standard_toilet, twenty_four_hour, twenty_four_hour_ev_service, manned",https://find.shell.com/in/fuel/12589171-devanahalli/en_IN,2026-09-03 11:52:41
12682816,DEVANAHALLI NH 44,Shell,DEVANAHALLI TALUK,BANGALORE,Karnataka,562110,+91 95902 04040,13.241076,77.702598,"air_and_water, bakery_shop, cafe, credit_card, credit_card_visa, food_offerings, fuel_card, full_service, mobile_loyalty, mobile_payment, pay_at_pump, pay_tm, quick_lubes, service_bay, shell_card, shop, standard_toilet, twenty_four_hour, twenty_four_hour_ev_service, manned",https://find.shell.com/in/fuel/12682816-devanahalli-nh-44/en_IN,2026-09-03 11:52:41
12682818,GOKARE ROAD,Shell,DEVENAHALLI,BANGALORE,Karnataka,562129,+91 99514 99888,13.238694,77.723889,"air_and_water, bakery_shop, credit_card, credit_card_visa, food_offerings, fuel_card, full_service, loyalty_cards, loyalty_program, mobile_loyalty, mobile_payment, others, pay_at_pump, pay_tm, quick_lubes, service_bay, shell_card, shop, standard_toilet, twenty_four_hour, twenty_four_hour_ev_service, manned",https://find.shell.com/in/fuel/12682818-gokare-road/en_IN,2026-09-03 11:52:48
10053742,GUDAHALLI,Shell,"MYSORE RD, GUDAHALLI",BANGALORE,Karnataka,560026,+91 98451 27994,12.95755,77.5519,"air_and_water, bakery_shop, credit_card, credit_card_general, fleet_card_general, fuel_card, full_service, mobile_loyalty, quick_lubes, shop, standard_toilet, twenty_four_hour, manned",https://find.shell.com/in/fuel/10053742-gudahalli/en_IN,2026-09-03 11:52:33
12734681,GURUGUENTEPALAYA,Shell,YESHWANTHAPURA,BANGALORE,Karnataka,560022,+91 90084 99622,13.028327,77.535854,"air_and_water, credit_card, credit_card_general, food_offerings, fuel_card, full_service, mobile_payment, others, pay_at_pump, pay_tm, quick_lubes, service_bay, shell_card, shop, standard_toilet, twenty_four_hour, manned",https://find.shell.com/in/fuel/12734681-guruguentepalaya/en_IN,2026-09-03 11:52:33
12805362,HARLUR ROAD,Shell,AMBALIPURA,BANGALORE,Karnataka,560102,+91 90364 73001,12.912819,77.665545,"air_and_water, bakery_shop, cafe, credit_card, credit_card_visa, food_offerings, fuel_card, full_service, mobile_loyalty, mobile_payment, pay_at_pump, pay_tm, quick_lubes, service_bay, shell_card, shop, standard_toilet, twenty_four_hour, twenty_four_hour_ev_service, manned",https://find.shell.com/in/fuel/12805362-harlur-road/en_IN,2026-09-03 11:52:33
12818523,HENNUR,Shell,"KRISHNARAJAPURA, HOBLI",BANGALORE,Karnataka,560077,+91 95902 04040,13.044172,77.642855,"air_and_water, bakery_shop, credit_card, credit_card_visa, food_offerings, fuel_card, full_service, mobile_loyalty, mobile_payment, others, pay_at_pump, pay_tm, quick_lubes, service_bay, shell_card, shop, standard_toilet, twenty_four_hour, manned",https://find.shell.com/in/fuel/12818523-hennur/en_IN,2026-09-03 11:52:33
12827638,HENNUR 2,Shell,OPP MANTRI WEB CITY,BANGALORE,Karnataka,560077,+91 96406 10002,13.07382,77.65166,"air_and_water, credit_card, credit_card_visa, food_offerings, fuel_card, full_service, loyalty_cards, loyalty_program, mobile_loyalty, mobile_payment, others, pay_at_pump, pay_tm, quick_lubes, service_bay, shell_card, shop, standard_toilet, twenty_four_hour, twenty_four_hour_ev_service, manned",https://find.shell.com/in/fuel/12827638-hennur-2/en_IN,2026-09-03 11:52:34
12478096,HOSA ROAD,Shell,SRVYNO25/1 VARTHUR HOBLI,BANGALORE,Karnataka,560103,+91 90364 73001,12.899336,77.675489,"air_and_water, bakery_shop, cafe, credit_card, credit_card_american_express, credit_card_mastercard, credit_card_visa, food_offerings, fuel_card, full_service, high_speed_diesel_pump, hot_food, mobile_loyalty, mobile_payment, others, quick_lubes, sandwich, shop, snack_food, standard_toilet, twenty_four_hour, manned",https://find.shell.com/in/fuel/12478096-hosa-road/en_IN,2026-09-03 11:52:33
10048872,HOSUR ROAD.,Shell,BEGUR HOBLI,BANGALORE,Karnataka,560068,+91 70192 99543,12.900215,77.63344,"air_and_water, bakery_shop, cafe, credit_card, credit_card_general, disabled_facilities, food_offerings, fuel_card, full_service, mobile_loyalty, pay_at_pump, quick_lubes, shell_card, shop, standard_toilet, twenty_four_hour, motorway_service, manned",https://find.shell.com/in/fuel/10048872-hosur-road/en_IN,2026-09-03 11:52:33
10070233,HRBR LAYOUT,Shell,HENNUR MAIN ROAD KACHARKANAHALLI,BANGALORE,Karnataka,562106,+91 77952 34064,13.014719,77.62808,"air_and_water, bakery_shop, cafe, credit_card, credit_card_general, disabled_facilities, food_offerings, fuel_card, full_service, hgv_lane, mobile_loyalty, quick_lubes, service_bay, shell_card, shop, standard_toilet, twenty_four_hour, manned",https://find.shell.com/in/fuel/10070233-hrbr-layout/en_IN,2026-09-03 11:52:33
12580723,HSR LAYOUT,Shell,OPP. HSR CLUB,BANGALORE,Karnataka,560102,+91 73531 57308,12.909029,77.644367,"air_and_water, bakery_shop, cafe, credit_card, credit_card_visa, food_offerings, fuel_card, full_service, mobile_loyalty, mobile_payment, pay_at_pump, pay_tm, quick_lubes, service_bay, shell_card, shop, standard_toilet, twenty_four_hour, manned",https://find.shell.com/in/fuel/12580723-hsr-layout/en_IN,2026-09-03 11:52:33
12517004,JAKKASANDRA,Shell,"NO 36, JAKKASANDRA",BANGALORE,Karnataka,560034,+91 90364 73001,12.925223,77.637543,"air_and_water, bakery_shop, cafe, food_offerings, fuel_card, full_service, mobile_loyalty, quick_lubes, service_bay, shell_card, shop, snack_food, standard_toilet, twenty_four_hour, manned",https://find.shell.com/in/fuel/12517004-jakkasandra/en_IN,2026-09-03 11:52:33
12848629,JC ROAD BANGALORE,Shell,BANGALORE URBA,BANGALORE,Karnataka,560002,+91 98800 11055,12.959139,77.583072,"air_and_water, bakery_shop, food_offerings, fuel_card, full_service, loyalty_cards, loyalty_program, mobile_loyalty, mobile_payment, others, pay_tm, quick_lubes, shell_card, shop, standard_toilet, twenty_four_hour, manned",https://find.shell.com/in/fuel/12848629-jc-road-bangalore/en_IN,2026-09-03 11:52:33
12756459,JIGANI BANNERGHATTA,Shell,"S NO. 68 JIGANI INDUS. AREA, JIGANI",BANGALORE,Karnataka,562123,+91 84969 68479,12.786714,77.629509,"air_and_water, bakery_shop, cafe, credit_card, credit_card_visa, food_offerings, fuel_card, full_service, mobile_loyalty, mobile_payment, pay_at_pump, pay_tm, quick_lubes, service_bay, shell_card, shop, standard_toilet, twenty_four_hour, manned",https://find.shell.com/in/fuel/12756459-jigani-bannerghatta/en_IN,2026-09-03 11:52:36
12478100,JIGANI LINK ROAD,Shell,"BRIDGE JIGANI LINK ROAD,HOSUR ROAD",BANGALORE,Karnataka,560099,+91 99005 05152,12.817917,77.681278,"air_and_water, bakery_shop, cafe, credit_card, credit_card_general, disability_assistance, food_offerings, fuel_card, full_service, mobile_loyalty, quick_lubes, shell_card, shop, snack_food, standard_toilet, manned",https://find.shell.com/in/fuel/12478100-jigani-link-road/en_IN,2026-09-03 11:52:36
12037887,JP NAGAR,Shell,"NO 777 100 FEET ROAD,",BANGALORE,Karnataka,560078,+91 70227 40035,12.906554,77.57929,"air_and_water, bakery_shop, cafe, credit_card, credit_card_general, disabled_facilities, food_offerings, fuel_card, full_service, hgv_lane, high_speed_diesel_pump, mobile_loyalty, quick_lubes, shell_card, shop, standard_toilet, twenty_four_hour, manned",https://find.shell.com/in/fuel/12037887-jp-nagar/en_IN,2026-09-03 11:52:33
12632310,KANAKAPURA 80 FT ROAD,Shell,KANAKAPURA MAIN ROAD,BANGALORE,Karnataka,560078,+91 98862 29733,12.897371,77.570637,"air_and_water, bakery_shop, cafe, credit_card, credit_card_american_express, credit_card_diners_club, credit_card_general, credit_card_mastercard, credit_card_visa, food_offerings, fuel_card, full_service, mobile_loyalty, mobile_payment, others, pay_at_pump, pay_tm, quick_lubes, sandwich, service_bay, shell_card, shop, snack_food, standard_toilet, manned",https://find.shell.com/in/fuel/12632310-kanakapura-80-ft-road/en_IN,2026-09-03 11:52:33
10048887,KANAKPURA RD.,Shell,UTTARAHALLI HOBLI,BANGALORE,Karnataka,560062,+91 76187 76513,12.862863,77.53118,"air_and_water, bakery_shop, credit_card, credit_card_general, fleet_card_general, fuel_card, full_service, hgv_lane, mobile_loyalty, pay_at_pump, quick_lubes, service_bay, shop, standard_toilet, twenty_four_hour, twenty_four_hour_ev_service, motorway_service, manned",https://find.shell.com/in/fuel/10048887-kanakpura-rd/en_IN,2026-09-03 11:52:36
10061176,KENGERI.,Shell,15/3 & 15/4 KENGERI,BANGALORE,Karnataka,560060,+91 96633 97129,12.91564,77.481717,"air_and_water, bakery_shop, credit_card, credit_card_general, fuel_card, full_service, mobile_loyalty, quick_lubes, shell_card, shop, standard_toilet, manned",https://find.shell.com/in/fuel/10061176-kengeri/en_IN,2026-09-03 11:52:39
12756480,KOGILU MAIN ROAD,Shell,"YELAHANKA YELAHANKA 2ND DIVISION,",BANGALORE,Karnataka,560064,+91 70198 98524,13.104258,77.604488,"air_and_water, bakery_shop, cafe, credit_card, credit_card_visa, food_offerings, fuel_card, full_service, mobile_loyalty, mobile_payment, pay_at_pump, pay_tm, quick_lubes, service_bay, shell_card, shop, standard_toilet, twenty_four_hour, twenty_four_hour_ev_service, manned",https://find.shell.com/in/fuel/12756480-kogilu-main-road/en_IN,2026-09-03 11:52:34
12546510,KUNDALAHALLI MAIN ROAD,Shell,"HOBLI,BANGALORE EAST",BANGALORE,Karnataka,560066,+91 63633 18015,12.962028,77.716583,"air_and_water, bakery_shop, cafe, credit_card, credit_card_general, disabled_facilities, food_offerings, fuel_card, full_service, mobile_loyalty, mobile_payment, others, pay_at_pump, pay_tm, quick_lubes, service_bay, shell_card, shop, standard_toilet, twenty_four_hour, manned",https://find.shell.com/in/fuel/12546510-kundalahalli-main-road/en_IN,2026-09-03 11:52:34
10048879,LALBAGH ROAD,Shell,"ADJ LALBAGH VEG MARKET, HOSUR RD",BANGALORE,Karnataka,560027,+91 99005 05152,12.950668,77.59198,"air_and_water, bakery_shop, cafe, credit_card, credit_card_general, disabled_facilities, food_offerings, fuel_card, full_service, mobile_loyalty, pay_at_pump, quick_lubes, service_bay, shell_card, shop, standard_toilet, twenty_four_hour, manned",https://find.shell.com/in/fuel/10048879-lalbagh-road/en_IN,2026-09-03 11:52:33
10053788,MAGADI RD 2,Shell,MAGADI ROAD,BANGALORE,Karnataka,560079,+91 77959 79021,12.978754,77.54162,"air_and_water, bakery_shop, credit_card, credit_card_american_express, credit_card_general, credit_card_mastercard, credit_card_visa, fuel_card, full_service, quick_lubes, shell_card, shop, standard_toilet, twenty_four_hour, manned",https://find.shell.com/in/fuel/10053788-magadi-rd-2/en_IN,2026-09-03 11:52:33
10053786,MAGADI ROAD,Shell,"BYADARAHALLI, MAGADI MAIN ROAD",BANGALORE,Karnataka,560091,+91 91419 14161,12.98565,77.48005,"air_and_water, bakery_shop, cafe, credit_card, credit_card_american_express, credit_card_general, credit_card_mastercard, credit_card_visa, food_offerings, fuel_card, full_service, mobile_loyalty, quick_lubes, service_bay, shell_card, shop, standard_toilet, twenty_four_hour, manned",https://find.shell.com/in/fuel/10053786-magadi-road/en_IN,2026-09-03 11:52:34
12643462,MAGADI ROAD LHS 1,Shell,MAGADI ROAD,BANGALORE,Karnataka,560086,+91 88849 36567,12.975789,77.547371,"air_and_water, bakery_shop, cafe, credit_card, credit_card_general, disabled_facilities, food_offerings, fuel_card, full_service, mobile_loyalty, mobile_payment, pay_at_pump, pay_tm, quick_lubes, service_bay, shell_card, shop, standard_toilet, twenty_four_hour, manned",https://find.shell.com/in/fuel/12643462-magadi-road-lhs-1/en_IN,2026-09-03 11:52:33
12761091,MARANAHALLI,Shell,JAYANAGAR,BANGALORE,Karnataka,560041,+91 96861 21066,12.916917,77.583778,"air_and_water, bakery_shop, cafe, credit_card, credit_card_general, food_offerings, fuel_card, full_service, mobile_loyalty, mobile_payment, pay_at_pump, pay_tm, quick_lubes, service_bay, shell_card, shop, standard_toilet, twenty_four_hour, manned",https://find.shell.com/in/fuel/12761091-maranahalli/en_IN,2026-09-03 11:52:33
12645046,MARATHAHALLI ORR BANGALORE,Shell,VARTHUR HOBLI,BANGALORE,Karnataka,560037,+91 90364 73001,12.943099,77.697828,"bakery_shop, cafe, credit_card, credit_card_general, food_offerings, fuel_card, full_service, mobile_loyalty, mobile_payment, pay_tm, quick_lubes, shop, standard_toilet, twenty_four_hour, twenty_four_hour_ev_service, manned",https://find.shell.com/in/fuel/12645046-marathahalli-orr-bangalore/en_IN,2026-09-03 11:52:33
10053787,MEKHRI CIRCLE,Shell,"NR MEKRI CIRCLE, BELLARY RD",BANGALORE,Karnataka,560032,+91 91484 57761,13.021147,77.58429,"air_and_water, bakery_shop, cafe, credit_card, credit_card_general, food_offerings, fuel_card, full_service, mobile_loyalty, quick_lubes, service_bay, shell_card, shop, standard_toilet, twenty_four_hour, manned",https://find.shell.com/in/fuel/10053787-mekhri-circle/en_IN,2026-09-03 11:52:33
12668386,MILLERS ROAD,Shell,MILLERS RD BANGALORE,BANGALORE,Karnataka,560001,+91 76187 76512,12.990571,77.593561,"air_and_water, bakery_shop, cafe, credit_card, credit_card_general, disabled_facilities, food_offerings, fuel_card, full_service, mobile_loyalty, mobile_payment, others, pay_at_pump, pay_tm, quick_lubes, service_bay, shell_card, shop, standard_toilet, twenty_four_hour, manned",https://find.shell.com/in/fuel/12668386-millers-road/en_IN,2026-09-03 11:52:33
12709457,MISSION ROAD,Shell,KASABA HOBLI,BANGALORE,Karnataka,560027,+91 99009 62339,12.962667,77.591777,"air_and_water, bakery_shop, credit_card, credit_card_visa, food_offerings, fuel_card, full_service, loyalty_cards, loyalty_program, mobile_loyalty, mobile_payment, others, pay_at_pump, pay_tm, quick_lubes, service_bay, shell_card, shop, standard_toilet, manned",https://find.shell.com/in/fuel/12709457-mission-road/en_IN,2026-09-03 11:52:33
12546509,MYSORE BANGALORE ROAD,Shell,KENGERI HOBLI,BANGALORE,Karnataka,560060,+91 89516 15897,12.906804,77.473185,"air_and_water, bakery_shop, cafe, food_offerings, full_service, mobile_loyalty, quick_lubes, shop, standard_toilet, twenty_four_hour, manned",https://find.shell.com/in/fuel/12546509-mysore-bangalore-road/en_IN,2026-09-03 11:52:39
10048873,MYSORE RD,Shell,"OPP BHEL, MYSORE RD",BANGALORE,Karnataka,560039,+91 78992 51139,12.94794,77.53269,"air_and_water, bakery_shop, cafe, credit_card, credit_card_general, deli2go, fleet_card_general, food_offerings, fuel_card, full_service, mobile_loyalty, quick_lubes, service_bay, shop, standard_toilet, manned",https://find.shell.com/in/fuel/10048873-mysore-rd/en_IN,2026-09-03 11:52:33
12723747,NEELAMANGLA TOWN,Shell,"ARISHINAKUNTE PANCHAYAT, NELAMANGLA",BANGALORE,Karnataka,562123,+91 99009 62339,13.092194,77.407534,"air_and_water, bakery_shop, cafe, credit_card, credit_card_general, disabled_facilities, food_offerings, fuel_card, full_service, mobile_loyalty, mobile_payment, others, pay_at_pump, pay_tm, quick_lubes, service_bay, shell_card, shop, standard_toilet, twenty_four_hour, manned",https://find.shell.com/in/fuel/12723747-neelamangla-town/en_IN,2026-09-03 11:52:39
12681636,OKALIPURAM,Shell,"VATAL NAGARAJ ROAD, OKALIPURAM",BANGALORE,Karnataka,560021,+91 91481 43887,12.982126,77.566372,"air_and_water, cafe, credit_card, credit_card_general, food_offerings, fuel_card, full_service, mobile_loyalty, mobile_payment, others, pay_at_pump, pay_tm, quick_lubes, service_bay, shell_card, shop, standard_toilet, twenty_four_hour, manned",https://find.shell.com/in/fuel/12681636-okalipuram/en_IN,2026-09-03 11:52:33
10035044,OLD MADRAS ROAD,Shell,"OLD MADRAS ROAD, K R PURAM HOBLI",BANGALORE,Karnataka,560093,+91 99164 40062,12.991871,77.65959,"air_and_water, bakery_shop, cafe, credit_card, credit_card_general, deli2go, disabled_facilities, food_offerings, fuel_card, full_service, mobile_loyalty, pay_at_pump, quick_lubes, service_bay, shell_card, shop, standard_toilet, twenty_four_hour, twenty_four_hour_ev_service, motorway_service, manned",https://find.shell.com/in/fuel/10035044-old-madras-road/en_IN,2026-09-03 11:52:33
12639794,"OLD MADRAS ROAD,AVALAHALLI",Shell,"BIDARAHALLI HOBLI,BANGALORE EAST",BANGALORE,Karnataka,560049,+91 73489 84666,13.039976,77.741273,"air_and_water, bakery_shop, cafe, credit_card, credit_card_visa, food_offerings, fuel_card, full_service, mobile_loyalty, mobile_payment, pay_at_pump, pay_tm, quick_lubes, service_bay, shell_card, shop, standard_toilet, twenty_four_hour, twenty_four_hour_ev_service, manned",https://find.shell.com/in/fuel/12639794-old-madras-road-avalahalli/en_IN,2026-09-03 11:52:34
13082333,PRESTIGE SHANTINIKETAN,Shell,KR PURAM HOBLI,BANGALORE,Karnataka,560048,+91 11 4084 9548,12.992,77.72989,"shop, twenty_four_hour_ev_service, manned",https://find.shell.com/in/fuel/13082333-prestige-shantiniketan/en_IN,2026-09-03 11:52:34
13082383,PRESTIGE TECHPARK,Shell,"KADABISANAHALLI VILLAGE, VARTHUR HO",BANGALORE,Karnataka,560037,+91 90364 73001,12.94224,77.6923,"bakery_shop, credit_card, credit_card_visa, food_offerings, fuel_card, mobile_payment, others, pay_tm, shop, manned",https://find.shell.com/in/fuel/13082383-prestige-techpark/en_IN,2026-09-03 11:52:33
12627765,"PUTTENAHALLI,BANGALORE",Shell,BANGALORE SOUTH TALUK,BANGALORE,Karnataka,560078,+91 91480 26095,12.891701,77.577073,"air_and_water, bakery_shop, cafe, credit_card, credit_card_general, disabled_facilities, food_offerings, fuel_card, full_service, mobile_loyalty, mobile_payment, others, pay_at_pump, pay_tm, quick_lubes, service_bay, shell_card, shop, standard_toilet, twenty_four_hour, manned",https://find.shell.com/in/fuel/12627765-puttenahalli-bangalore/en_IN,2026-09-03 11:52:33
12654832,RAJARAJESHWARI  NAGAR,Shell,RAJARAJESHWARI NAGAR,BANGALORE,Karnataka,560081,+91 91416 55655,12.92675,77.514611,"air_and_water, bakery_shop, cafe, credit_card, credit_card_general, disabled_facilities, food_offerings, fuel_card, full_service, mobile_loyalty, others, pay_at_pump, quick_lubes, service_bay, shell_card, shop, standard_toilet, twenty_four_hour, manned",https://find.shell.com/in/fuel/12654832-rajarajeshwari-nagar/en_IN,2026-09-03 11:52:33
10035040,RAJKUMAR RD,Shell,"DR RAJKUMAR RD, RAJAJINAGAR",BANGALORE,Karnataka,560010,+91 89715 39487,13.01243,77.55381,"air_and_water, bakery_shop, cafe, credit_card, credit_card_general, disabled_facilities, food_offerings, four_w_lube_bay_shell, fuel_card, full_service, mobile_loyalty, pay_at_pump, quick_lubes, service_bay, shell_card, shop, standard_toilet, twenty_four_hour, two_w_lube_bay_shell, manned",https://find.shell.com/in/fuel/10035040-rajkumar-rd/en_IN,2026-09-03 11:52:33
12589172,RAMAMURTHYNAGAR,Shell,RAMAMURTHYNAGAR MAIN ROAD,BANGALORE,Karnataka,560016,+91 83106 05440,13.011631,77.672564,"air_and_water, bakery_shop, cafe, credit_card, credit_card_american_express, credit_card_general, credit_card_mastercard, credit_card_visa, food_offerings, fuel_card, full_service, mobile_loyalty, mobile_payment, others, pay_tm, quick_lubes, sandwich, shell_card, shop, snack_food, standard_toilet, twenty_four_hour, manned",https://find.shell.com/in/fuel/12589172-ramamurthynagar/en_IN,2026-09-03 11:52:33
10048878,SAI BABA ASHRAM.,Shell,"SAIBABA RD, BIDARANAHALLI HOBLI",BANGALORE,Karnataka,560067,+91 78999 13232,13.01758,77.76178,"air_and_water, bakery_shop, cafe, credit_card, credit_card_general, food_offerings, fuel_card, full_service, mobile_loyalty, quick_lubes, service_bay, shell_card, shop, standard_toilet, twenty_four_hour, manned",https://find.shell.com/in/fuel/10048878-sai-baba-ashram/en_IN,2026-09-03 11:52:37
10053717,SANKEY ROAD,Shell,"SADASHIVNAGAR,SANKEY TANK RD",BANGALORE,Karnataka,560080,+91 90355 30129,13.005,77.58086,"air_and_water, bakery_shop, cafe, credit_card, credit_card_general, food_offerings, fuel_card, full_service, mobile_loyalty, quick_lubes, service_bay, shell_card, shop, standard_toilet, twenty_four_hour, manned",https://find.shell.com/in/fuel/10053717-sankey-road/en_IN,2026-09-03 11:52:33
10053749,SARJAPUR ROAD,Shell,SARJAPUR ROAD VARTHUR HOBLI,BANGALORE,Karnataka,560034,+91 63639 87514,12.895359,77.722931,"air_and_water, bakery_shop, burger, cafe, credit_card, credit_card_american_express, credit_card_diners_club, credit_card_general, credit_card_mastercard, credit_card_visa, food_offerings, fuel_card, go_plus, hot_food, loyalty_cards, loyalty_program, mobile_loyalty, mobile_payment, other_loyalty_cards, pay_tm, quick_lubes, restaurant, sandwich, shop, snack_food, standard_toilet, twenty_four_hour, unmanned",https://find.shell.com/in/fuel/10053749-sarjapur-road/en_IN,2026-09-03 11:52:36
12684069,SARJAPURA RD WIPRO,Shell,"VARTHUR HOBLI, SARJAPUR ROAD",BANGALORE,Karnataka,560035,+91 63639 87514,12.910964,77.683473,"air_and_water, bakery_shop, credit_card, credit_card_visa, food_offerings, fuel_card, full_service, mobile_loyalty, mobile_payment, others, pay_at_pump, pay_tm, quick_lubes, service_bay, shell_card, shop, standard_toilet, manned",https://find.shell.com/in/fuel/12684069-sarjapura-rd-wipro/en_IN,2026-09-03 11:52:33
13031028,SHELL TECHNOLOGY CENTER BNGLRE,Shell,KIADB INDUSTRIAL PARK,BANGALORE,Karnataka,562149,+91 80 4651 1234,13.154358,77.702755,"shop, twenty_four_hour_ev_service, manned",https://find.shell.com/in/fuel/13031028-shell-technology-center-bnglre/en_IN,2026-09-03 11:52:34
12516994,SINGASANDRA BANGALORE,Shell,BEGURHOBLI SITUATED AT SINGASANDRA,BANGALORE,Karnataka,560068,+91 98452 66319,12.883492,77.642851,"air_and_water, bakery_shop, cafe, credit_card, credit_card_general, disabled_facilities, food_offerings, fuel_card, full_service, mobile_loyalty, mobile_payment, others, pay_at_pump, pay_tm, quick_lubes, service_bay, shell_card, shop, standard_toilet, manned",https://find.shell.com/in/fuel/12516994-singasandra-bangalore/en_IN,2026-09-03 11:52:33
12640591,SONNENAHALLI,Shell,HESARAGHATTA HOBLI,BANGALORE,Karnataka,560089,+91 90086 33779,13.196215,77.500486,"air_and_water, bakery_shop, disabled_facilities, full_service, quick_lubes, service_bay, shop, standard_toilet, two_w_lube_bay_shell, manned",https://find.shell.com/in/fuel/12640591-sonnenahalli/en_IN,2026-09-03 11:52:34
12517003,SOUTH END CIRCLE,Shell,"BASAVANAGUDI,",BANGALORE,Karnataka,560004,+91 95536 82255,12.936995,77.576827,"air_and_water, bakery_shop, cafe, food_offerings, mobile_loyalty, quick_lubes, shop, standard_toilet, twenty_four_hour, manned",https://find.shell.com/in/fuel/12517003-south-end-circle/en_IN,2026-09-03 11:52:33
12642643,T C PALYA,Shell,KALKERE VILLAGE,BANGALORE,Karnataka,560016,+91 90363 85816,13.021402,77.678842,"air_and_water, bakery_shop, cafe, disabled_facilities, food_offerings, full_service, mobile_loyalty, mobile_payment, pay_tm, quick_lubes, service_bay, shop, standard_toilet, twenty_four_hour, twenty_four_hour_ev_service, manned",https://find.shell.com/in/fuel/12642643-t-c-palya/en_IN,2026-09-03 11:52:33
12589174,THANISANDRA,Shell,"KR PURAM HOBLI,ASWATHNAGARA",BANGALORE,Karnataka,560077,+91 96406 10002,13.051611,77.630767,"air_and_water, bakery_shop, cafe, food_offerings, full_service, mobile_loyalty, quick_lubes, shop, standard_toilet, manned",https://find.shell.com/in/fuel/12589174-thanisandra/en_IN,2026-09-03 11:52:33
10035043,TUMKUR RD,Shell,"DASARAHALLI, VILL NAGASANDRA",BANGALORE,Karnataka,560073,+91 83101 61154,13.046599,77.502285,"air_and_water, bakery_shop, cafe, credit_card, credit_card_general, deli2go, disabled_facilities, food_offerings, fuel_card, full_service, hgv_lane, high_speed_diesel_pump, mobile_loyalty, pay_at_pump, quick_lubes, service_bay, shell_card, shop, standard_toilet, twenty_four_hour, twenty_four_hour_ev_service, motorway_service, manned",https://find.shell.com/in/fuel/10035043-tumkur-rd/en_IN,2026-09-03 11:52:34
12041873,UTTARAHALLI.,Shell,"KENGERI HOBLI, BNG SOUTH",BANGALORE,Karnataka,560061,+91 72598 03628,12.903916,77.508434,"air_and_water, bakery_shop, cafe, credit_card, credit_card_general, disability_assistance, disabled_facilities, fleet_card_general, food_offerings, fuel_card, full_service, mobile_loyalty, quick_lubes, shop, standard_toilet, twenty_four_hour, manned",https://find.shell.com/in/fuel/12041873-uttarahalli/en_IN,2026-09-03 11:52:33
10048885,VARTHUR ROAD.,Shell,"VILL SIDAPUR, VARTHUR HOBLI",BANGALORE,Karnataka,560066,+91 63633 18015,12.956295,77.73144,"air_and_water, bakery_shop, cafe, credit_card, credit_card_general, deli2go, food_offerings, fuel_card, full_service, mobile_loyalty, pay_at_pump, quick_lubes, service_bay, shell_card, shop, standard_toilet, twenty_four_hour, manned",https://find.shell.com/in/fuel/10048885-varthur-road/en_IN,2026-09-03 11:52:36
10053734,VIBHUTIPURA,Shell,"VIGNANANAGAR MAIN RD, VIBHUTIPURA",BANGALORE,Karnataka,560037,+91 90356 06150,12.971211,77.68186,"air_and_water, bakery_shop, credit_card, credit_card_general, fuel_card, full_service, mobile_loyalty, quick_lubes, service_bay, shell_card, shop, standard_toilet, manned",https://find.shell.com/in/fuel/10053734-vibhutipura/en_IN,2026-09-03 11:52:33
12526925,VIJAYA BANK LAYOUT,Shell,"BEGUR HOBLI,BANGALORE SOUTH TALUK",BANGALORE,Karnataka,560068,+91 91130 44233,12.87688,77.609206,"air_and_water, bakery_shop, cafe, credit_card, credit_card_general, food_offerings, fuel_card, full_service, mobile_loyalty, mobile_payment, pay_tm, quick_lubes, service_bay, shell_card, shop, snack_food, standard_toilet, twenty_four_hour, manned",https://find.shell.com/in/fuel/12526925-vijaya-bank-layout/en_IN,2026-09-03 11:52:33
10035041,VM ROAD,Shell,NEXT TO UB CITY,BANGALORE,Karnataka,560001,+91 70227 40163,12.971323,77.59703,"air_and_water, bakery_shop, cafe, credit_card, credit_card_general, deli2go, disabled_facilities, food_offerings, fuel_card, full_service, high_speed_diesel_pump, mobile_loyalty, pay_at_pump, quick_lubes, service_bay, shell_card, shop, standard_toilet, twenty_four_hour, manned",https://find.shell.com/in/fuel/10035041-vm-road/en_IN,2026-09-03 11:52:33
10053738,WHITEFIELD.,Shell,"MAHADEVPURA, WHITEFIELD MAIN RD",BANGALORE,Karnataka,560048,+91 73489 84666,12.998097,77.68917,"air_and_water, bakery_shop, cafe, credit_card, credit_card_general, fleet_card_general, food_offerings, fuel_card, mobile_loyalty, mobile_payment, quick_lubes, shop, standard_toilet, twenty_four_hour, unmanned",https://find.shell.com/in/fuel/10053738-whitefield/en_IN,2026-09-03 11:52:33
12113036,YELAHANKA BANGALORE,Shell,BANGALORE NORTH TALUK,BANGALORE,Karnataka,560064,+91 99514 99888,13.130347,77.571493,"air_and_water, bakery_shop, full_service, loyalty_cards, loyalty_program, mobile_loyalty, other_loyalty_cards, quick_lubes, shop, standard_toilet, twenty_four_hour, manned",https://find.shell.com/in/fuel/12113036-yelahanka-bangalore/en_IN,2026-09-03 11:52:34
12721669,YESHWANTHPURA - 2,Shell,"TUMKUR ROAD,",BANGALORE,Karnataka,560022,+91 91483 40159,13.024361,77.54725,"air_and_water, bakery_shop, cafe, credit_card, credit_card_general, food_offerings, fuel_card, full_service, mobile_loyalty, mobile_payment, pay_at_pump, pay_tm, quick_lubes, shop, standard_toilet, twenty_four_hour, manned",https://find.shell.com/in/fuel/12721669-yeshwanthpura-2/en_IN,2026-09-03 11:52:33
10048877,YESHWANTPUR,Shell,"TUMKUR RD, YESHWANTHPUR",BANGALORE,Karnataka,560022,+91 86185 78316,13.024924,77.54743,"air_and_water, bakery_shop, cafe, credit_card, credit_card_general, deli2go, disabled_facilities, food_offerings, fuel_card, full_service, go_plus, loyalty_cards, loyalty_program, mobile_loyalty, pay_at_pump, quick_lubes, service_bay, shell_card, shop, standard_toilet, twenty_four_hour, twenty_four_hour_ev_service, motorway_service, manned",https://find.shell.com/in/fuel/10048877-yeshwantpur/en_IN,2026-09-03 11:52:33
12640973,AMBEDKAR ROAD BELGAUM,Shell,BELGAUM,BELGAUM,Karnataka,590001,+91 99640 50000,15.878191,74.515611,"air_and_water, bakery_shop, cafe, credit_card, credit_card_general, disabled_facilities, food_offerings, fuel_card, full_service, mobile_loyalty, mobile_payment, pay_at_pump, pay_tm, quick_lubes, service_bay, shop, standard_toilet, manned",https://find.shell.com/in/fuel/12640973-ambedkar-road-belgaum/en_IN,2026-09-03 11:52:41
13057003,BAGMANE SOLARIUM OFFICE BANGALORE,Shell,"KUNDALAHALLI COLONY, BROOKEFIELD",BENGALURU,Karnataka,560037,+91 11 4084 9548,12.97241,77.70771,"shop, twenty_four_hour_ev_service, manned",https://find.shell.com/in/fuel/13057003-bagmane-solarium-office-bangalore/en_IN,2026-09-03 11:52:33
12546507,INDIRANAGAR 80 FT ROAD,Shell,"WARD NO.83,CV RAMAN NAGAR",BENGALURU,Karnataka,560038,+91 98800 11055,12.97406,77.647043,"air_and_water, bakery_shop, credit_card, credit_card_general, fuel_card, full_service, mobile_payment, pay_at_pump, pay_tm, quick_lubes, service_bay, shell_card, shop, standard_toilet, manned",https://find.shell.com/in/fuel/12546507-indiranagar-80-ft-road/en_IN,2026-09-03 11:52:33
12567952,INTERMEDIATE RING ROAD,Shell,"AMARJYOTI CO-OPERATIVE, IRR DOMLUR",BENGALURU,Karnataka,560038,+91 96208 01595,12.953096,77.640478,"air_and_water, bakery_shop, cafe, credit_card, credit_card_american_express, credit_card_general, credit_card_mastercard, credit_card_visa, food_offerings, fuel_card, full_service, mobile_loyalty, quick_lubes, shop, snack_food, standard_toilet, twenty_four_hour, manned",https://find.shell.com/in/fuel/12567952-intermediate-ring-road/en_IN,2026-09-03 11:52:33
12849105,MAJOR SANDEEP UNNI KRISHNAN,Shell,"ATTUR LAYOUT, YELAHANKA HOBLI,",BENGALURU,Karnataka,560064,+91 91875 69419,13.097874,77.565824,"air_and_water, bakery_shop, credit_card, credit_card_visa, food_offerings, fuel_card, full_service, loyalty_cards, loyalty_program, mobile_loyalty, mobile_payment, others, pay_at_pump, pay_tm, quick_lubes, service_bay, shell_card, shop, standard_toilet, twenty_four_hour, manned",https://find.shell.com/in/fuel/12849105-major-sandeep-unni-krishnan/en_IN,2026-09-03 11:52:34
12581782,VARTHUR GUNJUR ROAD BANGALORE,Shell,VARTHUR HOBLI BENGALURU EAST TALUK,BENGALURU,Karnataka,560087,+91 89717 21163,12.932081,77.74007,"air_and_water, bakery_shop, cafe, credit_card, credit_card_general, food_offerings, fuel_card, full_service, mobile_loyalty, mobile_payment, pay_tm, quick_lubes, service_bay, shop, snack_food, standard_toilet, twenty_four_hour, manned",https://find.shell.com/in/fuel/12581782-varthur-gunjur-road-bangalore/en_IN,2026-09-03 11:52:36
12654830,WHITE FILED MAIN ROAD,Shell,"WHITEFIELD ROAD,PATTANDUR AGRAHARA",BENGALURU,Karnataka,560066,+91 87222 14359,12.982045,77.751752,"air_and_water, bakery_shop, cafe, credit_card, credit_card_visa, food_offerings, fuel_card, full_service, mobile_loyalty, mobile_payment, pay_at_pump, pay_tm, quick_lubes, service_bay, shell_card, shop, standard_toilet, twenty_four_hour, manned",https://find.shell.com/in/fuel/12654830-white-filed-main-road/en_IN,2026-09-03 11:52:37
12622930,CHAKAVELU,Shell,DISTRICT-CHIKKABALLAPUR,CHAKAVELU,Karnataka,563124,+91 99004 93892,13.817126,78.092169,"air_and_water, bakery_shop, full_service, quick_lubes, shop, standard_toilet, twenty_four_hour, manned",https://find.shell.com/in/fuel/12622930-chakavelu/en_IN,2026-09-03 11:52:41
12723461,CHINTAMANI,Shell,CHIKKABALLAPUR,CHIKKABALLAPUR,Karnataka,563125,+91 98450 19700,13.404421,78.042271,"air_and_water, bakery_shop, credit_card, credit_card_visa, fuel_card, full_service, mobile_loyalty, pay_at_pump, quick_lubes, service_bay, shop, standard_toilet, manned",https://find.shell.com/in/fuel/12723461-chintamani/en_IN,2026-09-03 11:52:57
12610101,GAURIBIDNAUR,Shell,DISTRICT-CHIKKABALLAPUR,CHIKKABALLAPUR,Karnataka,561228,+91 98455 38708,13.628367,77.517558,"air_and_water, bakery_shop, credit_card, credit_card_visa, food_offerings, fuel_card, full_service, mobile_payment, others, pay_tm, quick_lubes, service_bay, shell_card, shop, standard_toilet, twenty_four_hour, manned",https://find.shell.com/in/fuel/12610101-gauribidnaur/en_IN,2026-09-03 11:52:41
12640586,KENCHARALAHALLI,Shell,CHINTAMANI,CHIKKABALLAPUR,Karnataka,563125,+91 94499 25158,13.511563,78.073723,"air_and_water, bakery_shop, disabled_facilities, full_service, quick_lubes, shop, standard_toilet, manned",https://find.shell.com/in/fuel/12640586-kencharalahalli/en_IN,2026-09-03 11:52:57
12622959,YARRAGANAPALLI,Shell,YARRAGANAPALLI,CHIKKABALLAPUR,Karnataka,563124,+91 63616 31725,13.855153,78.022165,"air_and_water, bakery_shop, full_service, quick_lubes, shop, standard_toilet, manned",https://find.shell.com/in/fuel/12622959-yarraganapalli/en_IN,2026-09-03 11:52:41
12967915,CHIKMAGALUR ENTRY,Shell,"KASABA HOBLI, CHIKMAGALUR TALUK,",CHIKMAGALUR,Karnataka,577101,+91 96200 66005,13.30865,75.78628,"air_and_water, credit_card, credit_card_visa, fuel_card, mobile_payment, pay_tm, quick_lubes, service_bay, shop, standard_toilet, manned",https://find.shell.com/in/fuel/12967915-chikmagalur-entry/en_IN,2026-09-03 11:52:41
12862815,HIREPALYA,Shell,CHIKBALLAPURA,CHINTAMANI,Karnataka,563128,+91 96329 80005,13.28205,77.95695,"air_and_water, credit_card, credit_card_visa, fuel_card, full_service, mobile_payment, pay_tm, quick_lubes, service_bay, shop, standard_toilet, twenty_four_hour, manned",https://find.shell.com/in/fuel/12862815-hirepalya/en_IN,2026-09-03 11:52:57
12631669,CHOTTANAHALLI,Shell,DISTRICT-TUMKUR,CHOTTONAHALLI,Karnataka,572130,+91 98801 63801,13.057641,76.905394,"air_and_water, bakery_shop, credit_card, credit_card_general, fuel_card, full_service, quick_lubes, shop, standard_toilet, twenty_four_hour, manned",https://find.shell.com/in/fuel/12631669-chottanahalli/en_IN,2026-09-03 11:52:39
12834535,PUTTUR,Shell,DAKSHIN KANNADA,DAKSINA KANNADA,Karnataka,574201,+91 99022 93442,12.76974,75.19071,"air_and_water, bakery_shop, credit_card, credit_card_visa, food_offerings, fuel_card, full_service, mobile_payment, others, pay_tm, quick_lubes, service_bay, shell_card, shop, standard_toilet, twenty_four_hour, manned",https://find.shell.com/in/fuel/12834535-puttur/en_IN,2026-09-03 11:52:41
12665703,DAVANAGERE-OLD PB RD,Shell,DAVANGERE,DAVANGERE,Karnataka,577004,+91 99014 90156,14.472296,75.893283,"air_and_water, bakery_shop, credit_card, credit_card_general, disabled_facilities, food_offerings, fuel_card, full_service, others, pay_at_pump, quick_lubes, service_bay, shop, standard_toilet, manned",https://find.shell.com/in/fuel/12665703-davanagere-old-pb-rd/en_IN,2026-09-03 11:52:41
12666253,HEGGERI DHARWAD,Shell,NEAR BELUR KIADB INDUSTRIAL AREA,DHARWAD,Karnataka,580011,+91 78290 88822,15.527972,74.906194,"air_and_water, bakery_shop, cafe, credit_card, credit_card_general, disabled_facilities, food_offerings, fuel_card, full_service, mobile_loyalty, mobile_payment, others, pay_at_pump, pay_tm, quick_lubes, service_bay, shell_card, shop, standard_toilet, twenty_four_hour, twenty_four_hour_ev_service, manned",https://find.shell.com/in/fuel/12666253-heggeri-dharwad/en_IN,2026-09-03 11:52:41
12628220,HOSAYALLAPUR,Shell,HOSAYALLAPUR,DHARWAD,Karnataka,580001,+91 99640 50000,15.44816,75.01205,"air_and_water, bakery_shop, cafe, credit_card, credit_card_general, food_offerings, fuel_card, full_service, high_speed_diesel_pump, mobile_loyalty, mobile_payment, others, pay_at_pump, pay_tm, quick_lubes, service_bay, shell_card, shop, snack_food, standard_toilet, twenty_four_hour, manned",https://find.shell.com/in/fuel/12628220-hosayallapur/en_IN,2026-09-03 11:52:41
12584473,PALE NH4 HUBLI,Shell,"CHABBI, TALUKA HUBLI",DHARWAD,Karnataka,580020,+91 63641 28199,15.24041,75.14325,"air_and_water, bakery_shop, cafe, credit_card, credit_card_general, disabled_facilities, food_offerings, fuel_card, full_service, high_speed_diesel_pump, mobile_loyalty, mobile_payment, others, pay_at_pump, pay_tm, quick_lubes, service_bay, shell_card, shop, snack_food, standard_toilet, twenty_four_hour, twenty_four_hour_ev_service, manned",https://find.shell.com/in/fuel/12584473-pale-nh4-hubli/en_IN,2026-09-03 11:52:41
12653415,GUNDLUPETE,Shell,CHAMRAJNAGAR DISTRICT,GUNDLUPETE,Karnataka,571111,+91 98868 96888,11.82604,76.680443,"air_and_water, bakery_shop, cafe, credit_card, credit_card_general, disabled_facilities, food_offerings, fuel_card, full_service, mobile_loyalty, others, pay_at_pump, quick_lubes, service_bay, shop, standard_toilet, manned",https://find.shell.com/in/fuel/12653415-gundlupete/en_IN,2026-09-03 11:52:39
12779333,BANAVARA,Shell,"BANAVARA HOBLI, ARSIKERE TALUK,",HASSAN,Karnataka,573112,+91 77958 07121,13.409577,76.157395,"air_and_water, bakery_shop, credit_card, credit_card_general, fuel_card, full_service, pay_at_pump, quick_lubes, service_bay, shop, standard_toilet, manned",https://find.shell.com/in/fuel/12779333-banavara/en_IN,2026-09-03 11:52:41
12638339,BAGALKOT ROAD HUBLI,Shell,"KESHAVAPUR HUBLI,DHARWAD",HUBLI,Karnataka,580023,+91 97310 13883,15.362806,75.153167,"air_and_water, bakery_shop, cafe, credit_card, credit_card_general, food_offerings, fuel_card, full_service, mobile_loyalty, mobile_payment, others, pay_at_pump, pay_tm, quick_lubes, service_bay, shell_card, shop, standard_toilet, manned",https://find.shell.com/in/fuel/12638339-bagalkot-road-hubli/en_IN,2026-09-03 11:52:41
12609420,GOKUL ROAD HUBLI,Shell,GOKUL ROAD HUBLI,HUBLI,Karnataka,580030,+91 90351 99504,15.350916,75.116446,"air_and_water, bakery_shop, cafe, credit_card, credit_card_diners_club, credit_card_general, credit_card_mastercard, credit_card_visa, food_offerings, fuel_card, full_service, mobile_loyalty, others, quick_lubes, service_bay, shell_card, shop, standard_toilet, manned",https://find.shell.com/in/fuel/12609420-gokul-road-hubli/en_IN,2026-09-03 11:52:41
12635711,PB ROAD HUBLI,Shell,BAIRIDEVARAKOPPA,HUBLI,Karnataka,580025,+91 90351 99504,15.38325,75.10861,"air_and_water, bakery_shop, cafe, credit_card, credit_card_american_express, credit_card_diners_club, credit_card_general, credit_card_mastercard, credit_card_visa, disabled_facilities, food_offerings, fuel_card, full_service, mobile_loyalty, mobile_payment, pay_at_pump, pay_tm, quick_lubes, service_bay, shell_card, shop, standard_toilet, manned",https://find.shell.com/in/fuel/12635711-pb-road-hubli/en_IN,2026-09-03 11:52:41
12623230,KARVAR ROAD HUBLI,Shell,"OPP TO ELECTRIC GRID,DHARWAD",HUBLI-DHARWAD,Karnataka,580024,+91 74834 48821,15.3315,75.119944,"air_and_water, bakery_shop, cafe, credit_card, credit_card_general, disabled_facilities, food_offerings, fuel_card, full_service, mobile_loyalty, mobile_payment, others, pay_at_pump, pay_tm, quick_lubes, service_bay, shell_card, shop, standard_toilet, twenty_four_hour, manned",https://find.shell.com/in/fuel/12623230-karvar-road-hubli/en_IN,2026-09-03 11:52:41
12799024,CHAKKAPALLI,Shell,"NELAVANKI HOBLI,",KOLAR,Karnataka,563135,+91 98869 99503,13.460105,78.272688,"bakery_shop, mobile_loyalty, quick_lubes, shop, standard_toilet, twenty_four_hour, manned",https://find.shell.com/in/fuel/12799024-chakkapalli/en_IN,2026-09-03 11:52:57
12710942,KORNHALLI,Shell,"SRINIVASPUR TALUK,",KOLAR,Karnataka,563138,+91 96329 80005,13.370866,78.321661,"air_and_water, bakery_shop, disabled_facilities, full_service, mobile_loyalty, quick_lubes, shop, standard_toilet, manned",https://find.shell.com/in/fuel/12710942-kornhalli/en_IN,2026-09-03 11:52:57
12734887,MOPURAHALLI,Shell,"MULBAGAL TALUK,",KOLAR,Karnataka,563136,+91 99027 10111,13.088736,78.46662,"air_and_water, bakery_shop, full_service, shop, standard_toilet, manned",https://find.shell.com/in/fuel/12734887-mopurahalli/en_IN,2026-09-03 11:52:57
12811014,PANTHANAHALLI,Shell,KOLAR ON NH42,KOLAR,Karnataka,563116,+91 97424 89992,12.976722,78.465243,"air_and_water, credit_card, credit_card_visa, food_offerings, fuel_card, full_service, mobile_payment, others, pay_tm, quick_lubes, service_bay, shell_card, shop, standard_toilet, twenty_four_hour, manned",https://find.shell.com/in/fuel/12811014-panthanahalli/en_IN,2026-09-03 11:52:57
12799027,MADAKARIPURA,Shell,CHITRADURGA TALUK,MADAKARIPURA,Karnataka,577502,+91 81233 98186,14.220341,76.422927,"air_and_water, bakery_shop, credit_card, credit_card_visa, food_offerings, fuel_card, full_service, mobile_payment, others, pay_at_pump, pay_tm, quick_lubes, service_bay, shell_card, shop, standard_toilet, twenty_four_hour, manned",https://find.shell.com/in/fuel/12799027-madakaripura/en_IN,2026-09-03 11:52:41
12713891,BELLUR CROSS,Shell,NAGAMANGALA TALUK,MANDYA,Karnataka,571418,+91 99029 79557,12.973557,76.823993,"air_and_water, credit_card, credit_card_visa, food_offerings, fuel_card, mobile_payment, others, pay_tm, quick_lubes, service_bay, shell_card, shop, standard_toilet, twenty_four_hour, manned",https://find.shell.com/in/fuel/12713891-bellur-cross/en_IN,2026-09-03 11:52:39
13096160,ADVAITH HYUDAI MANGALORE,Shell,"KHATA NO. 88, DEREBAIL, MANGALORE,",MANGALORE,Karnataka,575006,+91 11 4084 9548,12.90144,74.84193,"shop, twenty_four_hour_ev_service, manned",https://find.shell.com/in/fuel/13096160-advaith-hyudai-mangalore/en_IN,2026-09-03 11:52:41
12866484,BALMATTA RD MANGALORE,Shell,BALMATTA ROAD,MANGALORE,Karnataka,575005,+91 63640 40742,12.870389,74.846583,"air_and_water, credit_card, credit_card_visa, food_offerings, fuel_card, full_service, loyalty_cards, loyalty_program, mobile_loyalty, mobile_payment, others, pay_tm, quick_lubes, service_bay, shell_card, shop, standard_toilet, twenty_four_hour, manned",https://find.shell.com/in/fuel/12866484-balmatta-rd-mangalore/en_IN,2026-09-03 11:52:41
12635736,"BEJAI,MANGALORE",Shell,"KODIALBAIL VILLAGE, BEJAI MAIN ROAD",MANGALORE,Karnataka,575004,+91 96866 82697,12.886682,74.849828,"air_and_water, bakery_shop, cafe, credit_card, credit_card_general, disabled_facilities, food_offerings, fuel_card, full_service, mobile_loyalty, mobile_payment, others, pay_at_pump, pay_tm, quick_lubes, service_bay, shell_card, shop, standard_toilet, twenty_four_hour, manned",https://find.shell.com/in/fuel/12635736-bejai-mangalore/en_IN,2026-09-03 11:52:41
12617585,LADY HILL ROAD MANGALORE,Shell,KULOOR FERRY ROAD,MANGALORE,Karnataka,575006,+91 96866 82697,12.897083,74.835833,"air_and_water, bakery_shop, credit_card, credit_card_general, disabled_facilities, food_offerings, fuel_card, full_service, mobile_loyalty, mobile_payment, others, pay_at_pump, pay_tm, quick_lubes, service_bay, shell_card, shop, standard_toilet, manned",https://find.shell.com/in/fuel/12617585-lady-hill-road-mangalore/en_IN,2026-09-03 11:52:41
12681705,G AGRAHARA,Shell,MUDIGERE TALUK,MUDIGERE,Karnataka,577132,+91 73537 04367,13.083115,75.693494,"air_and_water, bakery_shop, disabled_facilities, full_service, shop, standard_toilet, manned",https://find.shell.com/in/fuel/12681705-g-agrahara/en_IN,2026-09-03 11:52:41
13104255,ADVAITH HYUDAI MYSOR,Shell,"BELAVADI VILLAGE, ELAWALA HOBLI",MYSORE,Karnataka,570016,+91 11 4084 9548,12.34907,76.57167,"shop, twenty_four_hour_ev_service, manned",https://find.shell.com/in/fuel/13104255-advaith-hyudai-mysor/en_IN,2026-09-03 11:52:39
10053765,HUNSUR ROAD,Shell,"VILL HINKAL, KASABA HOBLI",MYSORE,Karnataka,570017,+91 78993 88888,12.32785,76.60819,"air_and_water, bakery_shop, credit_card, credit_card_general, fleet_card_general, fuel_card, full_service, mobile_loyalty, quick_lubes, service_bay, shop, standard_toilet, twenty_four_hour, twenty_four_hour_ev_service, motorway_service, manned",https://find.shell.com/in/fuel/10053765-hunsur-road/en_IN,2026-09-03 11:52:39
10055406,MANANTWADI.,Shell,MANANDAVADI ROAD,MYSORE,Karnataka,570001,+91 99646 77877,12.28378,76.64192,"air_and_water, bakery_shop, credit_card, credit_card_general, credit_card_mastercard, credit_card_visa, disabled_facilities, fuel_card, full_service, hgv_lane, high_speed_diesel_pump, loyalty_cards, loyalty_program, mobile_loyalty, mobile_payment, other_loyalty_cards, parking_lanes, pay_tm, quick_lubes, shell_card, shop, standard_toilet, twenty_four_hour, type_of_parking, manned",https://find.shell.com/in/fuel/10055406-manantwadi/en_IN,2026-09-03 11:52:39
12632413,MANDAKALLI MYSORE CALICUT HIGHWAY,Shell,MYSORE TALUK & DISTRICT,MYSORE,Karnataka,570008,+91 99646 77977,12.245211,76.659761,"air_and_water, bakery_shop, cafe, credit_card, credit_card_general, food_offerings, fuel_card, full_service, mobile_payment, others, pay_at_pump, pay_tm, quick_lubes, service_bay, shell_card, shop, standard_toilet, twenty_four_hour, twenty_four_hour_ev_service, manned",https://find.shell.com/in/fuel/12632413-mandakalli-mysore-calicut-highway/en_IN,2026-09-03 11:52:39
10055407,STN NILGIRI ROAD MYSORE,Shell,LASHKAR MOHALLA,MYSORE,Karnataka,570001,+91 96638 34597,12.320054,76.661804,"air_and_water, bakery_shop, cafe, credit_card, credit_card_american_express, credit_card_general, credit_card_mastercard, credit_card_visa, deli2go, food_offerings, fuel_card, full_service, mobile_loyalty, mobile_payment, pay_tm, quick_lubes, service_bay, shell_card, shop, snack_food, standard_toilet, twenty_four_hour, manned",https://find.shell.com/in/fuel/10055407-stn-nilgiri-road-mysore/en_IN,2026-09-03 11:52:39
12685308,RAMANAGARA,Shell,"B.M. ROAD,",RAMANAGARA,Karnataka,562159,+91 85508 75197,12.729064,77.27639,"air_and_water, bakery_shop, cafe, credit_card, credit_card_general, food_offerings, fuel_card, full_service, mobile_loyalty, pay_at_pump, quick_lubes, service_bay, shop, standard_toilet, manned",https://find.shell.com/in/fuel/12685308-ramanagara/en_IN,2026-09-03 11:52:39
12653412,BYRAGANAHALLI,Shell,CHIKKABALLAPUR DISTRICT,SIDLAGHATTA,Karnataka,562105,+91 86391 19154,13.623357,77.969029,"air_and_water, bakery_shop, disabled_facilities, full_service, mobile_loyalty, shop, standard_toilet, manned",https://find.shell.com/in/fuel/12653412-byraganahalli/en_IN,2026-09-03 11:52:41
12685316,PANJIGANAHALLI,Shell,"SIRA TALUK, TUMKUR",SIRA,Karnataka,572139,+91 99803 44500,13.775083,76.83848,"air_and_water, bakery_shop, credit_card, credit_card_general, food_offerings, fuel_card, full_service, mobile_loyalty, others, pay_at_pump, quick_lubes, service_bay, shop, standard_toilet, twenty_four_hour, manned",https://find.shell.com/in/fuel/12685316-panjiganahalli/en_IN,2026-09-03 11:52:41
12634906,"BH ROAD, TUMKUR",Shell,"AMANI KHARE, BH ROAD",TUMKUR,Karnataka,572107,+91 96866 82698,13.345242,77.08471,"air_and_water, bakery_shop, cafe, credit_card, credit_card_general, disabled_facilities, food_offerings, fuel_card, full_service, mobile_loyalty, mobile_payment, others, pay_at_pump, pay_tm, quick_lubes, service_bay, shell_card, shop, standard_toilet, twenty_four_hour, manned",https://find.shell.com/in/fuel/12634906-bh-road-tumkur/en_IN,2026-09-03 11:52:39
12665702,DOMMATHAMARI,Shell,TUMKUR,TUMKUR,Karnataka,561202,+91 89711 50711,13.970926,77.371878,"air_and_water, bakery_shop, disabled_facilities, full_service, quick_lubes, shop, standard_toilet, manned",https://find.shell.com/in/fuel/12665702-dommathamari/en_IN,2026-09-03 11:52:41
12755469,KOTAGUDDA,Shell,PAVAGADA TALUK,TUMKUR,Karnataka,572141,+91 85498 47908,14.140166,77.183916,"air_and_water, bakery_shop, disabled_facilities, full_service, shop, standard_toilet, manned",https://find.shell.com/in/fuel/12755469-kotagudda/en_IN,2026-09-03 11:52:41
12774569,MUDDENHALLI,Shell,MADHUGIRI TALUK,TUMKUR,Karnataka,572132,+91 94496 74050,13.789721,77.426712,"air_and_water, bakery_shop, full_service, quick_lubes, shop, standard_toilet, manned",https://find.shell.com/in/fuel/12774569-muddenhalli/en_IN,2026-09-03 11:52:41
12610084,THIRUMANI,Shell,DISTRICT-TUMKUR,TUMKUR,Karnataka,572136,+91 94817 45861,14.22721,77.43054,"air_and_water, bakery_shop, credit_card, credit_card_general, fuel_card, full_service, quick_lubes, shop, standard_toilet, twenty_four_hour, manned",https://find.shell.com/in/fuel/12610084-thirumani/en_IN,2026-09-03 11:52:41
12631295,TUMKUR (SIRA GATE),Shell,DISTRICT-TUMKUR,TUMKUR,Karnataka,572106,+91 98862 26617,13.350686,77.103265,"air_and_water, bakery_shop, full_service, mobile_loyalty, quick_lubes, shop, standard_toilet, twenty_four_hour, manned",https://find.shell.com/in/fuel/12631295-tumkur-sira-gate/en_IN,2026-09-03 11:52:39
12622982,VENKATPURA,Shell,DISTRICT-KOLAR,VENKATPURA,Karnataka,563101,+91 96115 72727,13.138758,78.208449,"air_and_water, bakery_shop, credit_card, credit_card_general, fuel_card, full_service, mobile_loyalty, quick_lubes, shop, standard_toilet, twenty_four_hour, manned",https://find.shell.com/in/fuel/12622982-venkatpura/en_IN,2026-09-03 11:52:57
12834541,RAHURI,Shell,RAHURI,AHMEDNAGAR,Maharashtra,413706,+91 95521 48948,19.4675,74.583889,"air_and_water, credit_card, credit_card_visa, food_offerings, fuel_card, full_service, mobile_payment, others, pay_tm, quick_lubes, service_bay, shell_card, shop, standard_toilet, manned",https://find.shell.com/in/fuel/12834541-rahuri/en_IN,2026-09-03 11:53:15
12836573,KARAD ENTRY,Shell,"VILL SATARA,",KARAD,Maharashtra,415109,+91 88791 33333,17.345787,74.135391,"air_and_water, credit_card, credit_card_visa, food_offerings, fuel_card, full_service, mobile_payment, others, pay_tm, quick_lubes, service_bay, shell_card, shop, standard_toilet, twenty_four_hour, manned",https://find.shell.com/in/fuel/12836573-karad-entry/en_IN,2026-09-03 11:52:41
12745702,NAGAR ROAD,Shell,"NEAR HADAPSAR BYPASS,PUNE- NAGAR RO","KHARADI, PUNE",Maharashtra,411014,+91 74208 76410,18.56282,73.93982,"air_and_water, credit_card, credit_card_visa, food_offerings, fuel_card, full_service, loyalty_cards, loyalty_program, mobile_loyalty, mobile_payment, others, pay_at_pump, pay_tm, quick_lubes, shell_card, shop, standard_toilet, twenty_four_hour, manned",https://find.shell.com/in/fuel/12745702-nagar-road/en_IN,2026-09-03 11:52:49
12681845,ANDHERI SAKI VIHAR,Shell,TAL - KURLA,MUMBAI,Maharashtra,400072,+91 98679 72998,19.106059,72.888071,"air_and_water, credit_card, credit_card_visa, food_offerings, fuel_card, full_service, loyalty_cards, loyalty_program, mobile_loyalty, mobile_payment, others, pay_at_pump, pay_tm, quick_lubes, service_bay, shell_card, shop, standard_toilet, twenty_four_hour, manned",https://find.shell.com/in/fuel/12681845-andheri-saki-vihar/en_IN,2026-09-03 11:53:32
12690826,"PANVEL NH48, MUMBAI",Shell,"TALUKA PANVEL NH 48 (OLD NH4), RAIG",MUMBAI,Maharashtra,410221,+91 94049 77055,18.96471,73.14118,"air_and_water, food_offerings, fuel_card, full_service, loyalty_cards, loyalty_program, mobile_loyalty, mobile_payment, others, pay_tm, quick_lubes, service_bay, shell_card, shop, standard_toilet, twenty_four_hour, manned",https://find.shell.com/in/fuel/12690826-panvel-nh48-mumbai/en_IN,2026-09-03 11:53:32
12813538,"POWAI JVLR, MUMBAI",Shell,"TALUKA-KURLA, VIKHROLI WEST",MUMBAI,Maharashtra,400083,+91 93249 99385,19.12624,72.92137,"air_and_water, bakery_shop, credit_card, credit_card_visa, food_offerings, fuel_card, full_service, loyalty_cards, loyalty_program, mobile_loyalty, mobile_payment, others, pay_tm, quick_lubes, service_bay, shell_card, shop, standard_toilet, manned",https://find.shell.com/in/fuel/12813538-powai-jvlr-mumbai/en_IN,2026-09-03 11:53:32
12681635,"AURANGABAD RD, NASHIK",Shell,NASHIK-AURANGABAD ROAD,NASHIK,Maharashtra,422002,+91 98813 80899,20.005965,73.823725,"air_and_water, bakery_shop, cafe, credit_card, credit_card_general, food_offerings, fuel_card, full_service, mobile_payment, pay_at_pump, pay_tm, quick_lubes, service_bay, shell_card, shop, standard_toilet, twenty_four_hour, manned",https://find.shell.com/in/fuel/12681635-aurangabad-rd-nashik/en_IN,2026-09-03 11:53:32
12666995,GANGAPUR SATPUR LINK ROAD,Shell,GANGAPUR SATPUR LINK,NASHIK,Maharashtra,422002,+91 77580 99049,19.992942,73.711133,"air_and_water, bakery_shop, cafe, credit_card, credit_card_general, disabled_facilities, food_offerings, fuel_card, full_service, mobile_payment, others, pay_at_pump, pay_tm, quick_lubes, service_bay, shell_card, shop, standard_toilet, twenty_four_hour, manned",https://find.shell.com/in/fuel/12666995-gangapur-satpur-link-road/en_IN,2026-09-03 11:53:32
12811011,MURAMBI,Shell,MURAMBI,NASHIK,Maharashtra,422402,+91 96040 85001,19.83362,73.629587,"air_and_water, bakery_shop, credit_card, credit_card_visa, fuel_card, full_service, pay_at_pump, quick_lubes, service_bay, shop, standard_toilet, twenty_four_hour, manned",https://find.shell.com/in/fuel/12811011-murambi/en_IN,2026-09-03 11:53:32
12623327,NASIK AIRPORT ROAD,Shell,OPP TRUCK TERMINAL,NASHIK,Maharashtra,422003,+91 81695 37149,20.045426,73.874382,"air_and_water, bakery_shop, cafe, credit_card, credit_card_general, disabled_facilities, food_offerings, fuel_card, full_service, mobile_loyalty, mobile_payment, others, pay_at_pump, pay_tm, quick_lubes, service_bay, shell_card, shop, standard_toilet, manned",https://find.shell.com/in/fuel/12623327-nasik-airport-road/en_IN,2026-09-03 11:53:32
12642876,"TRAMBAK RD, NASHIK",Shell,NEAR BLVD,NASHIK,Maharashtra,422007,+91 93250 82935,19.991553,73.743389,"air_and_water, bakery_shop, cafe, credit_card, credit_card_general, disabled_facilities, food_offerings, fuel_card, full_service, mobile_loyalty, mobile_payment, others, pay_at_pump, pay_tm, quick_lubes, service_bay, shell_card, shop, standard_toilet, manned",https://find.shell.com/in/fuel/12642876-trambak-rd-nashik/en_IN,2026-09-03 11:53:32
12792759,DEVERGAON,Shell,"TALUKA CHANDWAD,",NASIK,Maharashtra,423101,+91 98905 57210,20.206925,74.182594,"air_and_water, full_service, shop, standard_toilet, manned",https://find.shell.com/in/fuel/12792759-devergaon/en_IN,2026-09-03 11:53:40
12635634,PATHARDI DEOLALI ROAD,Shell,DIST: NASIK,NASIK,Maharashtra,422010,+91 77580 99049,19.948877,73.770766,"air_and_water, bakery_shop, cafe, credit_card, credit_card_general, disabled_facilities, food_offerings, fuel_card, mobile_loyalty, mobile_payment, others, pay_at_pump, pay_tm, quick_lubes, service_bay, shell_card, shop, standard_toilet, unmanned",https://find.shell.com/in/fuel/12635634-pathardi-deolali-road/en_IN,2026-09-03 11:53:32
10048890,STN THANE BELAPUR ROAD MUMBAI.,Shell,THANE BELAPUR ROAD REBALE,NAVI MUMBAI,Maharashtra,400708,+91 98929 81049,19.145397,73.001396,"air_and_water, bakery_shop, cafe, credit_card, credit_card_general, disabled_facilities, food_offerings, fuel_card, full_service, mobile_loyalty, pay_at_pump, quick_lubes, service_bay, shell_card, shop, snack_food, standard_toilet, twenty_four_hour, manned",https://find.shell.com/in/fuel/10048890-stn-thane-belapur-road-mumbai/en_IN,2026-09-03 11:53:32
12665711,NIPHAD,Shell,NIPHAD,NIPHAD,Maharashtra,422305,+91 70212 73189,19.978605,74.215004,"air_and_water, bakery_shop, disabled_facilities, full_service, shop, standard_toilet, manned",https://find.shell.com/in/fuel/12665711-niphad/en_IN,2026-09-03 11:53:40
12662127,"AIR INDIA HOUSE,RTO CHOWK",Shell,NEAR RTO F.P. NO. 308 OF AIR INDIA,PUNE,Maharashtra,411001,+91 91568 48424,18.529529,73.862219,"air_and_water, bakery_shop, cafe, credit_card, credit_card_general, food_offerings, fuel_card, full_service, mobile_loyalty, mobile_payment, others, pay_at_pump, pay_tm, quick_lubes, service_bay, shell_card, shop, standard_toilet, twenty_four_hour, manned",https://find.shell.com/in/fuel/12662127-air-india-house-rto-chowk/en_IN,2026-09-03 11:52:49
12877422,ALANDI ROAD,Shell,ALANDI ROAD,PUNE,Maharashtra,412105,+91 97621 78120,18.649238,73.882125,"air_and_water, bakery_shop, credit_card, credit_card_visa, food_offerings, fuel_card, full_service, loyalty_cards, loyalty_program, mobile_loyalty, mobile_payment, others, pay_tm, quick_lubes, service_bay, shop, standard_toilet, twenty_four_hour, manned",https://find.shell.com/in/fuel/12877422-alandi-road/en_IN,2026-09-03 11:52:49
12754960,AMBEGAON,Shell,AMBEGAON BUDRUK,PUNE,Maharashtra,411046,+91 77588 37959,18.451146,73.846443,"air_and_water, credit_card, credit_card_visa, food_offerings, fuel_card, full_service, loyalty_cards, loyalty_program, mobile_loyalty, mobile_payment, others, pay_at_pump, pay_tm, quick_lubes, service_bay, shell_card, shop, standard_toilet, twenty_four_hour, manned",https://find.shell.com/in/fuel/12754960-ambegaon/en_IN,2026-09-03 11:52:41
10053803,CHAKAN.,Shell,"NASIK RD, CHIMBALI PHATAK, T KHED",PUNE,Maharashtra,410501,+91 70289 11213,18.694836,73.84718,"air_and_water, bakery_shop, credit_card, credit_card_american_express, credit_card_general, credit_card_mastercard, credit_card_visa, disabled_facilities, food_offerings, fuel_card, full_service, hgv_lane, high_speed_diesel_pump, mobile_loyalty, others, quick_lubes, shell_card, shop, snack_food, standard_toilet, motorway_service, manned",https://find.shell.com/in/fuel/10053803-chakan/en_IN,2026-09-03 11:52:49
12722104,CHIKHALI EXIT,Shell,DEHU MOSHI ROAD,PUNE,Maharashtra,411062,+91 96570 95166,18.681525,73.830138,"air_and_water, cafe, credit_card, credit_card_visa, food_offerings, fuel_card, full_service, mobile_loyalty, mobile_payment, pay_at_pump, pay_tm, quick_lubes, service_bay, shell_card, shop, standard_toilet, twenty_four_hour, twenty_four_hour_ev_service, manned",https://find.shell.com/in/fuel/12722104-chikhali-exit/en_IN,2026-09-03 11:52:49
10053800,CHINCHWAD,Shell,CHINCHWAD PCMC,PUNE,Maharashtra,411019,+91 80877 30873,18.648581,73.80674,"air_and_water, bakery_shop, credit_card, credit_card_american_express, credit_card_diners_club, credit_card_general, credit_card_mastercard, credit_card_visa, food_offerings, fuel_card, full_service, high_speed_diesel_pump, mobile_loyalty, mobile_payment, pay_tm, quick_lubes, service_bay, shell_card, shop, snack_food, standard_toilet, twenty_four_hour, manned",https://find.shell.com/in/fuel/10053800-chinchwad/en_IN,2026-09-03 11:52:49
12831387,HADAPSAR,Shell,HADAPSAR,PUNE,Maharashtra,411028,+91 91759 77659,18.5015,73.95267,"air_and_water, credit_card, credit_card_visa, food_offerings, fuel_card, full_service, loyalty_cards, loyalty_program, mobile_loyalty, mobile_payment, others, pay_at_pump, pay_tm, quick_lubes, service_bay, shell_card, shop, standard_toilet, twenty_four_hour, manned",https://find.shell.com/in/fuel/12831387-hadapsar/en_IN,2026-09-03 11:52:49
10053735,HINJEWADI,Shell,"HINJEWADI RD, VILL HINJEWADI",PUNE,Maharashtra,411057,+91 70387 96660,18.590625,73.74117,"air_and_water, bakery_shop, cafe, credit_card, credit_card_american_express, credit_card_diners_club, credit_card_general, credit_card_mastercard, credit_card_visa, food_offerings, fuel_card, full_service, mobile_loyalty, mobile_payment, pay_tm, quick_lubes, service_bay, shell_card, shop, standard_toilet, twenty_four_hour, twenty_four_hour_ev_service, manned",https://find.shell.com/in/fuel/10053735-hinjewadi/en_IN,2026-09-03 11:52:49
12761511,HINJEWADI - PH-2,Shell,"VILLAGE: MAAN, TALUKA: MULSHI",PUNE,Maharashtra,411057,+91 70387 96660,18.587201,73.701427,"air_and_water, bakery_shop, cafe, credit_card, credit_card_general, food_offerings, fuel_card, full_service, mobile_loyalty, mobile_payment, pay_at_pump, pay_tm, quick_lubes, service_bay, shell_card, shop, standard_toilet, twenty_four_hour, manned",https://find.shell.com/in/fuel/12761511-hinjewadi-ph-2/en_IN,2026-09-03 11:52:49
10055398,KALASAGAR,Shell,"PIMPRI, PCMC",PUNE,Maharashtra,411018,+91 88308 64171,18.612992,73.8176,"air_and_water, bakery_shop, cafe, credit_card, credit_card_american_express, credit_card_diners_club, credit_card_general, credit_card_mastercard, credit_card_visa, food_offerings, fuel_card, full_service, mobile_loyalty, quick_lubes, shell_card, shop, standard_toilet, twenty_four_hour, manned",https://find.shell.com/in/fuel/10055398-kalasagar/en_IN,2026-09-03 11:52:49
12831382,KHALAMBURE CHAKAN,Shell,"TALEGAON CHAKAN ROAD,",PUNE,Maharashtra,410507,+91 80874 59646,18.745723,73.788153,"air_and_water, cafe, credit_card, credit_card_visa, food_offerings, fuel_card, full_service, loyalty_cards, loyalty_program, mobile_loyalty, mobile_payment, pay_tm, quick_lubes, service_bay, shell_card, shop, standard_toilet, twenty_four_hour, manned",https://find.shell.com/in/fuel/12831382-khalambure-chakan/en_IN,2026-09-03 11:53:32
10048897,KHARADI.,Shell,KHARADI,PUNE,Maharashtra,411014,+91 84848 22037,18.55889,73.93819,"air_and_water, bakery_shop, credit_card, credit_card_general, fuel_card, full_service, high_speed_diesel_pump, mobile_loyalty, pay_at_pump, quick_lubes, shop, standard_toilet, twenty_four_hour, manned",https://find.shell.com/in/fuel/10048897-kharadi/en_IN,2026-09-03 11:52:49
12690386,KOREGAON BHIMA,Shell,"KOREGAON BHIMA ,SHIRUR",PUNE,Maharashtra,412216,+91 98235 82628,18.647543,74.068709,"air_and_water, bakery_shop, credit_card, credit_card_general, fuel_card, full_service, mobile_loyalty, pay_at_pump, quick_lubes, service_bay, shop, standard_toilet, manned",https://find.shell.com/in/fuel/12690386-koregaon-bhima/en_IN,2026-09-03 11:52:49
10053736,MAGARPATTA,Shell,MUNDHWA KHARADI BYPASS,PUNE,Maharashtra,411036,+91 99602 80669,18.531872,73.93289,"air_and_water, bakery_shop, credit_card, credit_card_american_express, credit_card_mastercard, credit_card_visa, fuel_card, full_service, hgv_lane, mobile_loyalty, quick_lubes, shell_card, shop, standard_toilet, twenty_four_hour, twenty_four_hour_ev_service, manned",https://find.shell.com/in/fuel/10053736-magarpatta/en_IN,2026-09-03 11:52:49
12689338,"MOHAMMADWADI, PUNE",Shell,TAL- HAVELI,PUNE,Maharashtra,411028,+91 99226 09394,18.466112,73.918238,"air_and_water, bakery_shop, cafe, credit_card, credit_card_visa, food_offerings, fuel_card, full_service, mobile_loyalty, mobile_payment, pay_at_pump, pay_tm, quick_lubes, service_bay, shell_card, shop, standard_toilet, twenty_four_hour, manned",https://find.shell.com/in/fuel/12689338-mohammadwadi-pune/en_IN,2026-09-03 11:52:41
10048893,MULSHI RD.,Shell,"MULSHI RD, VILL BHUKUM T MULSHI",PUNE,Maharashtra,411042,+91 88880 03456,18.500522,73.7265,"air_and_water, bakery_shop, cafe, credit_card, credit_card_general, disabled_facilities, food_offerings, fuel_card, full_service, mobile_loyalty, pay_at_pump, quick_lubes, shell_card, shop, standard_toilet, twenty_four_hour, twenty_four_hour_ev_service, manned",https://find.shell.com/in/fuel/10048893-mulshi-rd/en_IN,2026-09-03 11:52:49
12726168,PIMPLE GURAV,Shell,PIMPLE GURAV,PUNE,Maharashtra,411061,+91 93227 37396,18.59073,73.81682,"air_and_water, bakery_shop, credit_card, credit_card_visa, food_offerings, fuel_card, full_service, mobile_loyalty, mobile_payment, others, pay_at_pump, pay_tm, quick_lubes, service_bay, shell_card, shop, standard_toilet, twenty_four_hour, manned",https://find.shell.com/in/fuel/12726168-pimple-gurav/en_IN,2026-09-03 11:52:49
12718365,PIMPLE NILAKH,Shell,"VISHAL NAGAR, PIMPLE NILAKH",PUNE,Maharashtra,411027,+91 82379 87263,18.585773,73.781582,"air_and_water, bakery_shop, cafe, credit_card, credit_card_general, food_offerings, fuel_card, full_service, mobile_loyalty, mobile_payment, pay_at_pump, pay_tm, quick_lubes, service_bay, shell_card, shop, standard_toilet, twenty_four_hour, twenty_four_hour_ev_service, manned",https://find.shell.com/in/fuel/12718365-pimple-nilakh/en_IN,2026-09-03 11:52:49
10053767,PIMPRI,Shell,"OLD BOMBAY RD, KASARWADI, PCMC",PUNE,Maharashtra,411018,+91 92848 26604,18.612058,73.81722,"air_and_water, bakery_shop, cafe, credit_card, credit_card_american_express, credit_card_diners_club, credit_card_general, credit_card_mastercard, credit_card_visa, food_offerings, fuel_card, full_service, mobile_loyalty, mobile_payment, pay_tm, quick_lubes, service_bay, shell_card, shop, standard_toilet, twenty_four_hour, manned",https://find.shell.com/in/fuel/10053767-pimpri/en_IN,2026-09-03 11:52:49
12659453,RAVET - PUNE,Shell,TALUKA - HAVELI,PUNE,Maharashtra,411033,+91 82375 47883,18.65638,73.732509,"air_and_water, bakery_shop, cafe, credit_card, credit_card_general, disabled_facilities, food_offerings, fuel_card, full_service, mobile_loyalty, mobile_payment, pay_at_pump, pay_tm, quick_lubes, service_bay, shell_card, shop, standard_toilet, twenty_four_hour, manned",https://find.shell.com/in/fuel/12659453-ravet-pune/en_IN,2026-09-03 11:52:49
12967919,RAVET BRT,Shell,RAVET,PUNE,Maharashtra,411044,+91 88308 64171,18.65001,73.73984,"air_and_water, bakery_shop, food_offerings, fuel_card, full_service, loyalty_cards, loyalty_program, mobile_loyalty, mobile_payment, others, pay_tm, quick_lubes, service_bay, shell_card, shop, standard_toilet, manned",https://find.shell.com/in/fuel/12967919-ravet-brt/en_IN,2026-09-03 11:52:49
12646755,SADHU VASWANI ROAD - PUNE,Shell,"TAL.- HAVELI, DIST.- PUNE",PUNE,Maharashtra,411001,+91 70286 00979,18.525782,73.876717,"air_and_water, bakery_shop, credit_card, credit_card_general, fuel_card, full_service, mobile_loyalty, mobile_payment, pay_at_pump, pay_tm, quick_lubes, service_bay, shell_card, shop, standard_toilet, twenty_four_hour, manned",https://find.shell.com/in/fuel/12646755-sadhu-vaswani-road-pune/en_IN,2026-09-03 11:52:49
12633418,SENAPATI BAPAT ROAD,Shell,"BHAMBURDA SENAPATI BAPAT ROAD, SHIV",PUNE,Maharashtra,411016,+91 92091 85873,18.5268,73.829697,"air_and_water, bakery_shop, cafe, credit_card, credit_card_general, food_offerings, fuel_card, full_service, mobile_loyalty, mobile_payment, pay_at_pump, pay_tm, quick_lubes, service_bay, shell_card, shop, standard_toilet, twenty_four_hour, manned",https://find.shell.com/in/fuel/12633418-senapati-bapat-road/en_IN,2026-09-03 11:52:49
12807181,SHIVAJINAGAR,Shell,(WELLESLEY ROAD),PUNE,Maharashtra,411003,+91 84848 43422,18.5311,73.85413,"air_and_water, credit_card, credit_card_visa, food_offerings, fuel_card, full_service, loyalty_cards, loyalty_program, mobile_loyalty, mobile_payment, others, pay_at_pump, pay_tm, quick_lubes, service_bay, shell_card, shop, standard_toilet, twenty_four_hour, manned",https://find.shell.com/in/fuel/12807181-shivajinagar/en_IN,2026-09-03 11:52:49
10048892,SOLAPUR RD.,Shell,"NH9, VILL LONI KALBHOR",PUNE,Maharashtra,412204,+91 84848 22047,18.48875,74.04156,"air_and_water, bakery_shop, credit_card, credit_card_general, disabled_facilities, fuel_card, full_service, hgv_lane, high_speed_diesel_pump, mobile_loyalty, pay_at_pump, quick_lubes, shell_card, shop, standard_toilet, twenty_four_hour, twenty_four_hour_ev_service, manned",https://find.shell.com/in/fuel/10048892-solapur-rd/en_IN,2026-09-03 11:52:41
10053770,STN THERGAON PUNE,Shell,AUNDH RAVET ROAD PCMC,PUNE,Maharashtra,411017,+91 97663 33680,18.611373,73.768151,"air_and_water, bakery_shop, cafe, credit_card, credit_card_american_express, credit_card_diners_club, credit_card_general, credit_card_mastercard, credit_card_visa, food_offerings, fuel_card, full_service, hot_food, mobile_loyalty, mobile_payment, others, pay_tm, quick_lubes, sandwich, shop, snack_food, standard_toilet, manned",https://find.shell.com/in/fuel/10053770-stn-thergaon-pune/en_IN,2026-09-03 11:52:49
12814090,SUSS ROAD,Shell,"SUS VILLAGE,",PUNE,Maharashtra,411021,+91 83296 09721,18.551943,73.76083,"air_and_water, bakery_shop, cafe, credit_card, credit_card_visa, food_offerings, fuel_card, full_service, mobile_loyalty, mobile_payment, pay_at_pump, pay_tm, quick_lubes, service_bay, shell_card, shop, standard_toilet, twenty_four_hour_ev_service, manned",https://find.shell.com/in/fuel/12814090-suss-road/en_IN,2026-09-03 11:52:49
10053799,TALEGAON.,Shell,OLD BOMBAY RD,PUNE,Maharashtra,410506,+91 90047 77149,18.697506,73.70119,"air_and_water, bakery_shop, cafe, credit_card, credit_card_general, disabled_facilities, fleet_card_general, food_offerings, fuel_card, full_service, hgv_lane, high_speed_diesel_pump, mobile_loyalty, quick_lubes, shop, standard_toilet, motorway_service, manned",https://find.shell.com/in/fuel/10053799-talegaon/en_IN,2026-09-03 11:52:49
10048898,TATHODE,Shell,"VILL TATHEWADE, T MULSHI, PCMC",PUNE,Maharashtra,411033,+91 89562 15154,18.614056,73.74886,"air_and_water, bakery_shop, cafe, credit_card, credit_card_general, disabled_facilities, food_offerings, fuel_card, full_service, hgv_lane, high_speed_diesel_pump, mobile_loyalty, pay_at_pump, quick_lubes, shell_card, shop, standard_toilet, motorway_service, manned",https://find.shell.com/in/fuel/10048898-tathode/en_IN,2026-09-03 11:52:49
12718374,"URULI 2, PUNE",Shell,URULI,PUNE,Maharashtra,412307,+91 97620 51150,18.457166,73.945214,"air_and_water, bakery_shop, cafe, credit_card, credit_card_visa, food_offerings, fuel_card, full_service, mobile_loyalty, mobile_payment, pay_at_pump, pay_tm, quick_lubes, service_bay, shell_card, shop, standard_toilet, twenty_four_hour, twenty_four_hour_ev_service, manned",https://find.shell.com/in/fuel/12718374-uruli-2-pune/en_IN,2026-09-03 11:52:41
12639568,VADAGAON SINHAGAD ROAD,Shell,"VILLAGE-DHAYARI, TAL.- HAVELI",PUNE,Maharashtra,411041,+91 91563 87759,18.457267,73.80543,"air_and_water, bakery_shop, cafe, credit_card, credit_card_general, food_offerings, fuel_card, full_service, mobile_loyalty, mobile_payment, pay_at_pump, pay_tm, quick_lubes, service_bay, shell_card, shop, standard_toilet, manned",https://find.shell.com/in/fuel/12639568-vadagaon-sinhagad-road/en_IN,2026-09-03 11:52:49
12755031,VARVE BK,Shell,VILLAGE VRVE BK,PUNE,Maharashtra,412205,+91 97666 91016,18.295566,73.871637,"air_and_water, credit_card, credit_card_visa, food_offerings, fuel_card, full_service, mobile_loyalty, mobile_payment, pay_at_pump, pay_tm, quick_lubes, service_bay, shell_card, shop, standard_toilet, twenty_four_hour, manned",https://find.shell.com/in/fuel/12755031-varve-bk/en_IN,2026-09-03 11:52:41
10048891,VARVE.,Shell,"NR RASOI MAGIC, VIL VARVE, T BHOR",PUNE,Maharashtra,412205,+91 74209 04682,18.31038,73.86767,"air_and_water, bakery_shop, cafe, credit_card, credit_card_general, disabled_facilities, food_offerings, fuel_card, full_service, hgv_lane, high_speed_diesel_pump, mobile_loyalty, pay_at_pump, quick_lubes, shop, standard_toilet, manned",https://find.shell.com/in/fuel/10048891-varve/en_IN,2026-09-03 11:52:41
12772893,WAGHOLI 2,Shell,WAGHOLI,PUNE,Maharashtra,412207,+91 98811 23402,18.59886,74.006341,"air_and_water, credit_card, credit_card_visa, food_offerings, fuel_card, full_service, mobile_loyalty, mobile_payment, others, pay_at_pump, pay_tm, quick_lubes, service_bay, shell_card, shop, standard_toilet, twenty_four_hour, manned",https://find.shell.com/in/fuel/12772893-wagholi-2/en_IN,2026-09-03 11:52:49
10048899,WAGHOLI RD.,Shell,"OPP PCK WAREHOUSE, NAGAR PUNE RD",PUNE,Maharashtra,412207,+91 98811 23402,18.599081,74.00532,"air_and_water, bakery_shop, cafe, credit_card, credit_card_general, food_offerings, fuel_card, full_service, hgv_lane, high_speed_diesel_pump, mobile_loyalty, pay_at_pump, quick_lubes, shell_card, shop, standard_toilet, twenty_four_hour, motorway_service, manned",https://find.shell.com/in/fuel/10048899-wagholi-rd/en_IN,2026-09-03 11:52:49
10053756,WARJE,Shell,WARJE,PUNE,Maharashtra,411052,+91 87999 70748,18.487556,73.79526,"air_and_water, bakery_shop, credit_card, credit_card_general, fuel_card, full_service, mobile_loyalty, quick_lubes, shell_card, shop, standard_toilet, twenty_four_hour, motorway_service, manned",https://find.shell.com/in/fuel/10053756-warje/en_IN,2026-09-03 11:52:49
12685309,TEMBURNI,Shell,"TALUKA MADHA,",SOLAPUR,Maharashtra,413211,+91 94223 50041,18.038899,75.16045,"air_and_water, credit_card, credit_card_general, food_offerings, fuel_card, full_service, mobile_loyalty, others, pay_at_pump, quick_lubes, service_bay, shop, standard_toilet, twenty_four_hour, manned",https://find.shell.com/in/fuel/12685309-temburni/en_IN,2026-09-03 11:52:41
12841068,BHAYANDER PADA,Shell,"GHODBUNDER ROAD ,THANE WEST",THANE,Maharashtra,400615,+91 98929 81049,19.285149,72.940724,"air_and_water, credit_card, credit_card_visa, food_offerings, fuel_card, full_service, loyalty_cards, loyalty_program, mobile_loyalty, mobile_payment, others, pay_tm, quick_lubes, service_bay, shell_card, shop, standard_toilet, manned",https://find.shell.com/in/fuel/12841068-bhayander-pada/en_IN,2026-09-03 11:53:32
12670793,PALAVA DOMBIVALI,Shell,TALUKA- KALYAN,THANE,Maharashtra,421204,+91 77388 99506,19.17805,73.087067,"air_and_water, bakery_shop, cafe, credit_card, credit_card_visa, food_offerings, fuel_card, full_service, mobile_loyalty, mobile_payment, pay_at_pump, pay_tm, quick_lubes, service_bay, shell_card, shop, standard_toilet, twenty_four_hour, manned",https://find.shell.com/in/fuel/12670793-palava-dombivali/en_IN,2026-09-03 11:53:32
12640976,"PANCH PAKHADI, THANE",Shell,"EASTERN EXPRESS HIGHWAY,SERVICE RD",THANE,Maharashtra,400602,+91 77388 99506,19.195491,72.963081,"air_and_water, bakery_shop, cafe, credit_card, credit_card_general, disabled_facilities, food_offerings, fuel_card, full_service, mobile_loyalty, mobile_payment, others, pay_at_pump, pay_tm, service_bay, shell_card, shop, standard_toilet, twenty_four_hour, manned",https://find.shell.com/in/fuel/12640976-panch-pakhadi-thane/en_IN,2026-09-03 11:53:32
12643487,BYRNIHAT,Shell,ELAKA NONGPOH SIRDIRSHIP,RI BHOI,Meghalaya,793105,+91 70023 10355,26.027586,91.868508,"air_and_water, bakery_shop, disabled_facilities, full_service, shop, standard_toilet, manned",https://find.shell.com/in/fuel/12643487-byrnihat/en_IN,2026-09-03 11:54:07
12647274,MUTHAIYALPET,Shell,VELAYUTHAM PILLAI STREET,PUDUCHERRY,Pondicherry,605003,+91 95001 27127,11.94669,79.83141,"air_and_water, credit_card, credit_card_visa, food_offerings, fuel_card, full_service, loyalty_cards, loyalty_program, mobile_loyalty, mobile_payment, others, pay_tm, quick_lubes, service_bay, shop, standard_toilet, manned",https://find.shell.com/in/fuel/12647274-muthaiyalpet/en_IN,2026-09-03 11:52:57
10048915,200 FT. LINK ROAD,Shell,"200 FT LINK RD, D KANCHEEPURAM",CHENNAI,Tamil Nadu,600043,+91 88385 67628,12.95253,80.17021,"air_and_water, bakery_shop, cafe, credit_card, credit_card_american_express, credit_card_mastercard, credit_card_visa, food_offerings, fuel_card, full_service, hot_food, mobile_loyalty, mobile_payment, others, pay_at_pump, pay_tm, quick_lubes, sandwich, shell_card, shop, snack_food, standard_toilet, manned",https://find.shell.com/in/fuel/10048915-200-ft-link-road/en_IN,2026-09-03 11:52:57
12637988,AKKARAI,Shell,KANCHIPURAM DISTRICT,CHENNAI,Tamil Nadu,600119,+91 95662 96969,12.895215,80.246529,"air_and_water, bakery_shop, cafe, credit_card, credit_card_general, disabled_facilities, food_offerings, fuel_card, full_service, mobile_loyalty, mobile_payment, others, pay_at_pump, pay_tm, quick_lubes, service_bay, shop, standard_toilet, twenty_four_hour, twenty_four_hour_ev_service, manned",https://find.shell.com/in/fuel/12637988-akkarai/en_IN,2026-09-03 11:52:57
10048912,AMBATTUR.,Shell,"VILL PADI, MTH RD, AMBATTUR",CHENNAI,Tamil Nadu,600050,+91 89398 79442,13.09754,80.17841,"air_and_water, bakery_shop, cafe, credit_card, credit_card_american_express, credit_card_mastercard, credit_card_visa, food_offerings, fuel_card, full_service, mobile_loyalty, mobile_payment, pay_at_pump, pay_tm, quick_lubes, service_bay, shell_card, shop, snack_food, standard_toilet, manned",https://find.shell.com/in/fuel/10048912-ambattur/en_IN,2026-09-03 11:52:57
10048908,CHROMPET 2.,Shell,"GST RD, CHROMPET",CHENNAI,Tamil Nadu,600044,+91 98845 78221,12.95506,80.14293,"air_and_water, bakery_shop, cafe, credit_card, credit_card_american_express, credit_card_mastercard, credit_card_visa, food_offerings, fuel_card, full_service, hot_food, mobile_loyalty, mobile_payment, others, pay_at_pump, pay_tm, pizza, quick_lubes, sandwich, service_bay, shell_card, shop, snack_food, standard_toilet, twenty_four_hour, manned",https://find.shell.com/in/fuel/10048908-chrompet-2/en_IN,2026-09-03 11:52:57
12631583,EDAYANCHAVADI,Shell,"KADAPPAKKAM VILLAGE,THIRUVALLUR",CHENNAI,Tamil Nadu,600103,+91 99442 93032,13.201578,80.269261,"air_and_water, bakery_shop, cafe, credit_card, credit_card_general, disabled_facilities, food_offerings, fuel_card, full_service, mobile_loyalty, pay_at_pump, quick_lubes, service_bay, shell_card, shop, standard_toilet, twenty_four_hour, manned",https://find.shell.com/in/fuel/12631583-edayanchavadi/en_IN,2026-09-03 11:52:57
10048906,GNT ROAD.,Shell,"VILL MADHAVARAM, GNT RD",CHENNAI,Tamil Nadu,600110,+91 93600 11911,13.13638,80.23067,"air_and_water, bakery_shop, cafe, credit_card, credit_card_american_express, credit_card_general, credit_card_mastercard, credit_card_visa, disabled_facilities, food_offerings, fuel_card, full_service, hgv_lane, mobile_loyalty, mobile_payment, pay_at_pump, pay_tm, quick_lubes, shell_card, shop, standard_toilet, twenty_four_hour, manned",https://find.shell.com/in/fuel/10048906-gnt-road/en_IN,2026-09-03 11:52:57
10048904,J N ROAD,Shell,"JN RD, EKKATTUTHANGAL",CHENNAI,Tamil Nadu,600032,+91 93600 11911,13.02474,80.20657,"air_and_water, bakery_shop, cafe, credit_card, credit_card_american_express, credit_card_general, credit_card_mastercard, credit_card_visa, disabled_facilities, food_offerings, fuel_card, full_service, hot_food, mobile_loyalty, mobile_payment, pay_at_pump, pay_tm, pizza, quick_lubes, sandwich, service_bay, shell_card, shop, snack_food, standard_toilet, twenty_four_hour, manned",https://find.shell.com/in/fuel/10048904-j-n-road/en_IN,2026-09-03 11:52:57
12722411,KANNATHURREDDYKUPPAM,Shell,KANCHIPURAM DIST.,CHENNAI,Tamil Nadu,603112,+91 95001 29252,12.844261,80.241059,"air_and_water, bakery_shop, food_offerings, fuel_card, full_service, loyalty_cards, loyalty_program, mobile_loyalty, mobile_payment, others, pay_tm, quick_lubes, service_bay, shell_card, shop, standard_toilet, twenty_four_hour, twenty_four_hour_ev_service, manned",https://find.shell.com/in/fuel/12722411-kannathurreddykuppam/en_IN,2026-09-03 11:52:57
12684801,KATTUPAKKAM,Shell,"POONAMALLEE TALUK, TIRUVALLUR DIST",CHENNAI,Tamil Nadu,600056,+91 95000 19990,13.047137,80.120003,"air_and_water, bakery_shop, cafe, food_offerings, full_service, mobile_loyalty, mobile_payment, pay_tm, quick_lubes, service_bay, shop, standard_toilet, twenty_four_hour, twenty_four_hour_ev_service, manned",https://find.shell.com/in/fuel/12684801-kattupakkam/en_IN,2026-09-03 11:52:57
12769685,KAVANUR - M,Shell,SH113,CHENNAI,Tamil Nadu,600069,+91 89439 09733,12.99411,80.077383,"air_and_water, bakery_shop, cafe, credit_card, credit_card_visa, food_offerings, fuel_card, full_service, mobile_loyalty, mobile_payment, others, pay_at_pump, pay_tm, quick_lubes, service_bay, shell_card, shop, standard_toilet, twenty_four_hour, manned",https://find.shell.com/in/fuel/12769685-kavanur-m/en_IN,2026-09-03 11:52:57
12598782,KAZHIPATTUR,Shell,SHOLINGANALLUR TALUK,CHENNAI,Tamil Nadu,600119,+91 95001 29252,12.821069,80.230272,"air_and_water, bakery_shop, burger, cafe, credit_card, credit_card_american_express, credit_card_diners_club, credit_card_general, credit_card_mastercard, credit_card_visa, deli2go, disabled_facilities, food_offerings, fuel_card, full_service, hot_food, mobile_loyalty, mobile_payment, others, pay_at_pump, pay_tm, pizza, quick_lubes, sandwich, shell_card, shop, snack_food, standard_toilet, manned",https://find.shell.com/in/fuel/12598782-kazhipattur/en_IN,2026-09-03 11:52:57
12623461,KORATTUR AAVIN-DAIRY ROAD,Shell,KORATTUR OPP TO AAVIN MILK PROCESSI,CHENNAI,Tamil Nadu,600080,+91 99622 03678,13.108624,80.176419,"air_and_water, bakery_shop, cafe, credit_card, credit_card_american_express, credit_card_general, credit_card_mastercard, credit_card_visa, food_offerings, fuel_card, full_service, hot_food, mobile_loyalty, mobile_payment, pay_at_pump, pay_tm, pizza, quick_lubes, sandwich, service_bay, shell_card, shop, snack_food, standard_toilet, twenty_four_hour, manned",https://find.shell.com/in/fuel/12623461-korattur-aavin-dairy-road/en_IN,2026-09-03 11:52:57
12711804,KOYAMBEDU,Shell,"JANAKIRAMAN COLONY, KOYAMBEDU",CHENNAI,Tamil Nadu,600107,+91 93600 11911,13.073735,80.20081,"air_and_water, bakery_shop, cafe, credit_card, credit_card_general, food_offerings, fuel_card, full_service, mobile_loyalty, mobile_payment, others, pay_at_pump, pay_tm, quick_lubes, service_bay, shell_card, shop, standard_toilet, twenty_four_hour, manned",https://find.shell.com/in/fuel/12711804-koyambedu/en_IN,2026-09-03 11:52:57
12670197,KUNDRATHUR ROAD,Shell,KUNDRATHUR ROAD,CHENNAI,Tamil Nadu,600125,+91 99946 11190,13.021635,80.144953,"air_and_water, bakery_shop, cafe, credit_card, credit_card_general, food_offerings, fuel_card, full_service, mobile_loyalty, mobile_payment, pay_at_pump, pay_tm, quick_lubes, service_bay, shell_card, shop, standard_toilet, twenty_four_hour, manned",https://find.shell.com/in/fuel/12670197-kundrathur-road/en_IN,2026-09-03 11:52:57
10048905,MADHAVARAM.,Shell,VILL MADHAVARAM,CHENNAI,Tamil Nadu,600099,+91 99622 03678,13.132978,80.214713,"air_and_water, bakery_shop, cafe, credit_card, credit_card_american_express, credit_card_diners_club, credit_card_general, credit_card_mastercard, credit_card_visa, disabled_facilities, food_offerings, fuel_card, hgv_lane, high_speed_diesel_pump, hot_food, mobile_loyalty, mobile_payment, others, pay_at_pump, pay_tm, pizza, quick_lubes, sandwich, shell_card, shop, snack_food, standard_toilet, twenty_four_hour, unmanned",https://find.shell.com/in/fuel/10048905-madhavaram/en_IN,2026-09-03 11:52:57
12655362,MADURAVOYAL,Shell,"NAGAR, MADURAVOYAL,THIRUVALUR DIST",CHENNAI,Tamil Nadu,600107,+91 78248 65095,13.068213,80.178919,"air_and_water, cafe, disabled_facilities, food_offerings, fuel_card, full_service, mobile_loyalty, mobile_payment, pay_tm, quick_lubes, service_bay, shell_card, shop, standard_toilet, manned",https://find.shell.com/in/fuel/12655362-maduravoyal/en_IN,2026-09-03 11:52:57
10048918,OLD MAHABALIPURAM ROAD.,Shell,"OMR, TAMBARAM TK, KANCHEEPURAM",CHENNAI,Tamil Nadu,600119,+91 95001 27127,12.86724,80.22667,"air_and_water, bakery_shop, cafe, credit_card, credit_card_american_express, credit_card_mastercard, credit_card_visa, disabled_facilities, food_offerings, fuel_card, full_service, mobile_loyalty, mobile_payment, others, pay_at_pump, pay_tm, quick_lubes, service_bay, shell_card, shop, snack_food, standard_toilet, manned",https://find.shell.com/in/fuel/10048918-old-mahabalipuram-road/en_IN,2026-09-03 11:52:57
12590898,PADAPPAI,Shell,"PADAPPAI SRIPERUMBADUR TALUK,KANCHI",CHENNAI,Tamil Nadu,601301,+91 89439 09733,12.890786,80.036299,"air_and_water, bakery_shop, burger, cafe, credit_card, credit_card_american_express, credit_card_diners_club, credit_card_general, credit_card_mastercard, credit_card_visa, food_offerings, fuel_card, full_service, high_speed_diesel_pump, mobile_loyalty, mobile_payment, others, pay_tm, pizza, quick_lubes, sandwich, service_bay, shell_card, shop, snack_food, standard_toilet, twenty_four_hour, manned",https://find.shell.com/in/fuel/12590898-padappai/en_IN,2026-09-03 11:52:57
10048910,POONAMALLEE,Shell,"POONAMALLEE RD, VILL POONAMALLEE",CHENNAI,Tamil Nadu,600056,+91 95000 19990,13.04935,80.10623,"air_and_water, bakery_shop, cafe, credit_card, credit_card_american_express, credit_card_general, credit_card_mastercard, credit_card_visa, disabled_facilities, food_offerings, fuel_card, full_service, high_speed_diesel_pump, mobile_loyalty, pay_at_pump, quick_lubes, shell_card, shop, snack_food, standard_toilet, twenty_four_hour, motorway_service, manned",https://find.shell.com/in/fuel/10048910-poonamallee/en_IN,2026-09-03 11:52:57
10048903,PORUR,Shell,"MOUNT POONAMALLEE RD, PORUR",CHENNAI,Tamil Nadu,600116,+91 89398 79441,13.0313,80.16456,"air_and_water, bakery_shop, burger, cafe, credit_card, credit_card_american_express, credit_card_mastercard, credit_card_visa, food_offerings, fuel_card, full_service, hot_food, mobile_loyalty, mobile_payment, others, pay_tm, pizza, quick_lubes, sandwich, service_bay, shell_card, shop, snack_food, standard_toilet, twenty_four_hour, manned",https://find.shell.com/in/fuel/10048903-porur/en_IN,2026-09-03 11:52:57
12636625,SEMBARAMBAKKAM,Shell,"VILLAGE 32 POONAMALLE TALUK,THIRUVA",CHENNAI,Tamil Nadu,600124,+91 99442 93032,13.035276,80.039933,"air_and_water, bakery_shop, cafe, credit_card, credit_card_general, food_offerings, fuel_card, full_service, mobile_loyalty, mobile_payment, others, pay_at_pump, pay_tm, quick_lubes, shell_card, shop, standard_toilet, twenty_four_hour, manned",https://find.shell.com/in/fuel/12636625-sembarambakkam/en_IN,2026-09-03 11:52:57
13099287,SHELL CENTER CHENNAI,Shell,"200’ ROAD, OPPOSITE KAMAKSHI HOSPIT",CHENNAI,Tamil Nadu,600100,+91 11 4084 9548,12.948222,80.207694,"shop, twenty_four_hour_ev_service, manned",https://find.shell.com/in/fuel/13099287-shell-center-chennai/en_IN,2026-09-03 11:52:57
12083209,SHELL INJAMBAKKAM,Shell,INJAMBAKKAM,CHENNAI,Tamil Nadu,600041,+91 88385 67628,12.90861,80.25006,"air_and_water, bakery_shop, cafe, credit_card, credit_card_general, food_offerings, fuel_card, full_service, mobile_loyalty, mobile_payment, pay_tm, quick_lubes, service_bay, shell_card, shop, snack_food, standard_toilet, twenty_four_hour, manned",https://find.shell.com/in/fuel/12083209-shell-injambakkam/en_IN,2026-09-03 11:52:57
12137244,SHELL MEDAVAKKAM,Shell,265/12 MEDAVAKKAM MAIN ROAD,CHENNAI,Tamil Nadu,600091,+91 80722 89663,12.964086,80.187569,"air_and_water, bakery_shop, burger, cafe, credit_card, credit_card_american_express, credit_card_mastercard, credit_card_visa, deli2go, food_offerings, fuel_card, full_service, hot_food, mobile_loyalty, mobile_payment, pay_tm, pizza, quick_lubes, sandwich, service_bay, shell_card, shop, snack_food, standard_toilet, twenty_four_hour, manned",https://find.shell.com/in/fuel/12137244-shell-medavakkam/en_IN,2026-09-03 11:52:57
12675435,THAILAVARAM,Shell,"GST ROAD THAILAVARAM, CHENGALPATTU",CHENNAI,Tamil Nadu,603203,+91 97900 05016,12.83195,80.046778,"air_and_water, bakery_shop, food_offerings, full_service, loyalty_cards, loyalty_program, mobile_loyalty, others, quick_lubes, service_bay, shop, standard_toilet, manned",https://find.shell.com/in/fuel/12675435-thailavaram/en_IN,2026-09-03 11:52:57
12675438,THAIYUR,Shell,"THIRUPORUR TALUK,",CHENNAI,Tamil Nadu,603103,+91 98845 78221,12.775067,80.215016,"air_and_water, bakery_shop, cafe, food_offerings, fuel_card, full_service, mobile_loyalty, mobile_payment, pay_tm, quick_lubes, service_bay, shell_card, shop, standard_toilet, twenty_four_hour, twenty_four_hour_ev_service, manned",https://find.shell.com/in/fuel/12675438-thaiyur/en_IN,2026-09-03 11:52:57
10055409,V K ROAD.,Shell,CHENGALPET TAL,CHENNAI,Tamil Nadu,603103,+91 98845 78221,12.79139,80.21794,"air_and_water, cafe, credit_card, credit_card_american_express, credit_card_general, credit_card_mastercard, credit_card_visa, food_offerings, fuel_card, full_service, hot_food, mobile_loyalty, mobile_payment, pay_tm, pizza, quick_lubes, sandwich, service_bay, shell_card, shop, snack_food, standard_toilet, twenty_four_hour, manned",https://find.shell.com/in/fuel/10055409-v-k-road/en_IN,2026-09-03 11:52:57
12069374,VALASARAVAKKAM.,Shell,VALASARAVAKKAM,CHENNAI,Tamil Nadu,600087,+91 89398 79443,13.04226,80.17959,"air_and_water, bakery_shop, credit_card, credit_card_american_express, credit_card_mastercard, credit_card_visa, food_offerings, fuel_card, full_service, hgv_lane, mobile_loyalty, mobile_payment, others, parking_lanes, pay_tm, quick_lubes, shell_card, shop, snack_food, standard_toilet, type_of_parking, manned",https://find.shell.com/in/fuel/12069374-valasaravakkam/en_IN,2026-09-03 11:52:57
12644113,"VAVIN, MOGAPPAIR",Shell,MOGAPPAIR EAST,CHENNAI,Tamil Nadu,600058,+91 89398 79445,13.088764,80.170255,"air_and_water, bakery_shop, cafe, deli2go, disabled_facilities, food_offerings, fuel_card, full_service, mobile_loyalty, mobile_payment, pay_tm, quick_lubes, service_bay, shell_card, shop, standard_toilet, manned",https://find.shell.com/in/fuel/12644113-vavin-mogappair/en_IN,2026-09-03 11:52:57
10048913,VELACHERY RD,Shell,VILL PALIKARNI,CHENNAI,Tamil Nadu,600100,+91 99946 11190,12.94707,80.20905,"air_and_water, bakery_shop, cafe, credit_card, credit_card_american_express, credit_card_general, credit_card_mastercard, credit_card_visa, disabled_facilities, food_offerings, fuel_card, hot_food, loyalty_cards, loyalty_program, mobile_loyalty, mobile_payment, other_loyalty_cards, others, pay_at_pump, pay_tm, pizza, quick_lubes, sandwich, service_bay, shell_card, shop, snack_food, standard_toilet, twenty_four_hour, unmanned",https://find.shell.com/in/fuel/10048913-velachery-rd/en_IN,2026-09-03 11:52:57
12686528,CHINNIYAMPALAYAM,Shell,KALAPATI VILLAGE,COIMBATORE,Tamil Nadu,641014,+91 99166 75226,11.04825,77.055,"air_and_water, credit_card, credit_card_visa, food_offerings, fuel_card, full_service, loyalty_cards, loyalty_program, mobile_loyalty, mobile_payment, others, pay_at_pump, pay_tm, quick_lubes, service_bay, shell_card, shop, standard_toilet, twenty_four_hour, manned",https://find.shell.com/in/fuel/12686528-chinniyampalayam/en_IN,2026-09-03 11:52:55
12623163,"KUNIAMUTHUR,PALGHAT ROAD",Shell,PALGHAT ROAD,COIMBATORE,Tamil Nadu,641008,+91 99166 75226,10.965611,76.955622,"air_and_water, bakery_shop, cafe, credit_card, credit_card_general, disabled_facilities, food_offerings, fuel_card, full_service, mobile_loyalty, mobile_payment, pay_at_pump, pay_tm, quick_lubes, service_bay, shell_card, shop, standard_toilet, twenty_four_hour, manned",https://find.shell.com/in/fuel/12623163-kuniamuthur-palghat-road/en_IN,2026-09-03 11:52:55
12738337,NEYVELI,Shell,KADAMPULIYUR,CUDDALORE,Tamil Nadu,607801,+91 94424 77786,11.63887,79.549022,"air_and_water, credit_card, credit_card_visa, food_offerings, fuel_card, full_service, others, quick_lubes, service_bay, shop, standard_toilet, twenty_four_hour, manned",https://find.shell.com/in/fuel/12738337-neyveli/en_IN,2026-09-03 11:52:57
12642007,"GOWRIVAKKAM,VELACHERYTAMBARAM ROAD",Shell,"GOWRIVAKKAM, TAMBARAM TALUK",KANCHIPURAM,Tamil Nadu,600073,+91 95001 27127,12.921886,80.165261,"air_and_water, bakery_shop, cafe, food_offerings, fuel_card, full_service, mobile_loyalty, quick_lubes, service_bay, shell_card, shop, standard_toilet, twenty_four_hour, manned",https://find.shell.com/in/fuel/12642007-gowrivakkam-velacherytambaram-road/en_IN,2026-09-03 11:52:57
12615769,SRIPERUMBUDUR,Shell,SRIPERUMBUTTUR,KANCHIPURAM,Tamil Nadu,602105,+91 99442 93032,12.952611,79.932389,"air_and_water, food_offerings, fuel_card, full_service, loyalty_cards, loyalty_program, mobile_loyalty, mobile_payment, others, pay_tm, quick_lubes, service_bay, shell_card, shop, standard_toilet, twenty_four_hour, manned",https://find.shell.com/in/fuel/12615769-sriperumbudur/en_IN,2026-09-03 11:52:57
12740494,SIGARALAPPALLI,Shell,"BARGUR TALUK,",KRISHNAGIRI,Tamil Nadu,635104,+91 94860 70516,12.50307,78.41021,"air_and_water, bakery_shop, credit_card, credit_card_visa, fuel_card, full_service, mobile_loyalty, pay_at_pump, quick_lubes, service_bay, shop, standard_toilet, manned",https://find.shell.com/in/fuel/12740494-sigaralappalli/en_IN,2026-09-03 11:52:57
12737562,ILANDHAIKULAM,Shell,MADURAI EAST TALUK,MADURAI,Tamil Nadu,625020,+91 91766 31989,9.944222,78.181861,"air_and_water, food_offerings, fuel_card, full_service, loyalty_cards, loyalty_program, mobile_loyalty, mobile_payment, others, pay_tm, quick_lubes, service_bay, shell_card, shop, standard_toilet, twenty_four_hour, manned",https://find.shell.com/in/fuel/12737562-ilandhaikulam/en_IN,2026-09-03 11:53:02
12747986,VILANGUDI,Shell,MADURAI NORTH TALUK,MADURAI,Tamil Nadu,625018,+91 91766 31989,9.958028,78.079361,"air_and_water, food_offerings, fuel_card, full_service, loyalty_cards, loyalty_program, mobile_loyalty, mobile_payment, others, pay_tm, quick_lubes, service_bay, shell_card, shop, standard_toilet, twenty_four_hour, manned",https://find.shell.com/in/fuel/12747986-vilangudi/en_IN,2026-09-03 11:53:02
10058196,STN MAYILADUTHURAI.,Shell,MAYILADUTHURAI TALUK,NAGAPATTINAM,Tamil Nadu,609003,+91 99523 82948,10.991556,79.568361,"air_and_water, bakery_shop, full_service, quick_lubes, shop, standard_toilet, manned",https://find.shell.com/in/fuel/10058196-stn-mayiladuthurai/en_IN,2026-09-03 11:52:57
12713884,PUDUKOTTAI,Shell,NATHAMPANNAI VILLAGE,PUDUKOTTAI,Tamil Nadu,622005,+91 77084 54134,10.387182,78.784363,"air_and_water, bakery_shop, credit_card, credit_card_visa, fuel_card, full_service, mobile_loyalty, pay_at_pump, quick_lubes, service_bay, shop, standard_toilet, twenty_four_hour, manned",https://find.shell.com/in/fuel/12713884-pudukottai/en_IN,2026-09-03 11:53:02
12774568,KOORAMBADI,Shell,KOORAMBADI,RANIPET,Tamil Nadu,632521,+91 88616 33999,12.857834,79.312451,"air_and_water, bakery_shop, credit_card, credit_card_general, fuel_card, full_service, mobile_loyalty, pay_at_pump, quick_lubes, service_bay, shop, standard_toilet, manned",https://find.shell.com/in/fuel/12774568-koorambadi/en_IN,2026-09-03 11:52:57
12776999,SWAMIMALAI,Shell,ALAVANTHIPURAM-SWAMIMALAI(MURUGAN T,THANJAVUR,Tamil Nadu,612302,+91 80725 11770,10.955255,79.322974,"air_and_water, bakery_shop, credit_card, credit_card_general, fuel_card, full_service, pay_at_pump, quick_lubes, service_bay, shop, standard_toilet, twenty_four_hour, manned",https://find.shell.com/in/fuel/12776999-swamimalai/en_IN,2026-09-03 11:52:58
12112377,SHELL AVADI,Shell,"CTH ROAD AVADI TALUK, THIRUVALLUR D",THIRUVALLUR,Tamil Nadu,600054,+91 89398 81666,13.122797,80.109755,"air_and_water, bakery_shop, cafe, credit_card, credit_card_american_express, credit_card_mastercard, credit_card_visa, food_offerings, fuel_card, full_service, mobile_loyalty, mobile_payment, pay_tm, quick_lubes, shell_card, shop, snack_food, standard_toilet, manned",https://find.shell.com/in/fuel/12112377-shell-avadi/en_IN,2026-09-03 11:52:57
12723462,DEVANOOR,Shell,"MUSIRI TALUK,",TRICHY,Tamil Nadu,621214,+91 70191 24311,11.112008,78.458934,"air_and_water, bakery_shop, credit_card, credit_card_general, fuel_card, full_service, mobile_loyalty, pay_at_pump, quick_lubes, service_bay, shop, standard_toilet, manned",https://find.shell.com/in/fuel/12723462-devanoor/en_IN,2026-09-03 11:53:02
12630589,ABDULLAPURAM,Shell,REVENUE VILLAGE-MELMONAVUR,VELLORE,Tamil Nadu,632010,+91 416 297 2731,12.915055,79.077642,"air_and_water, bakery_shop, full_service, mobile_loyalty, quick_lubes, shop, standard_toilet, twenty_four_hour, manned",https://find.shell.com/in/fuel/12630589-abdullapuram/en_IN,2026-09-03 11:52:57
10058197,STN RISHIVANDHIYAM.,Shell,SANKARAPURAM TK,VILLUPURAM,Tamil Nadu,606205,+91 90039 33626,11.817674,79.100103,"air_and_water, bakery_shop, full_service, quick_lubes, shop, standard_toilet, manned",https://find.shell.com/in/fuel/10058197-stn-rishivandhiyam/en_IN,2026-09-03 11:52:57
