RO ID,Outlet Name,Display Name,Address Line 1,Address Line 2,City / Town,District,State / UT,State ISO,Pincode,Full Formatted Address,Phone / Mobile,Email Address,Latitude,Longitude,Fuels Available,Amenities,Extracted At
0000191984,KRISHNA FUEL SERVICE STATION BHARAT PETROLEUM DEALERS,KRISHNA FUEL SERVICE STATION BHARAT PETROLEUM DEALERS,DURGAULI,,KAIMUR,KAIMUR,Bihar,IN-13,821106,"DURGAULI, , KAIMUR, KAIMUR, 821106, India",,krishna191984@bpclretail.in,25.057612,83.352327,"DIESEL, PETROL","Automation, Pure_Sure, Air_Filling, TWO_FOUR_SEVEN",2026-09-02 16:15:18
0000124608,AUTO SERVICE STATION BHARAT PETROLEUM DEALERS,AUTO SERVICE STATION BHARAT PETROLEUM DEALERS,SECTOR 4,CHANDIGARH,CHANDIGARH,CHANDIGARH,Chandigarh,IN-42,160001,"SECTOR 4, CHANDIGARH, CHANDIGARH, CHANDIGARH, 160001, India",9814740064,autoservice124608@bpclretail.in,30.753285,76.797736,"DIESEL, PETROL, SPEED","Automation, Parking, Air_Filling",2026-09-02 16:15:14
0000124607,BANVEET SERVICE STATION BHARAT PETROLEUM DEALERS,BANVEET SERVICE STATION BHARAT PETROLEUM DEALERS,MANIMAJRA,NEAR DHILLON COMPLEX,CHANDIGARH,CHANDIGARH,Chandigarh,IN-42,160101,"MANIMAJRA, NEAR DHILLON COMPLEX, CHANDIGARH, CHANDIGARH, 160101, India",9872494133,banveet124607@bpclretail.in,30.712801,76.846422,"DIESEL, PETROL, SPEED","Automation, Air_Filling",2026-09-02 16:15:14
0000124609,BHULLAR AUTOMOBILE BHARAT PETROLEUM DEALERS,BHULLAR AUTOMOBILE BHARAT PETROLEUM DEALERS,SECTOR 41-C,NEAR BEANT SINGH MEMORIAL,CHANDIGARH,CHANDIGARH,Chandigarh,IN-42,160036,"SECTOR 41-C, NEAR BEANT SINGH MEMORIAL, CHANDIGARH, CHANDIGARH, 160036, India",9855015436,bhullar124609@bpclretail.in,30.729057,76.733405,"DIESEL, PETROL, SPEED","Automation, Air_Filling",2026-09-02 16:15:14
0000124616,BP-21 CHANDIGARH BHARAT PETROLEUM CORPORATION L,BP-21 CHANDIGARH BHARAT PETROLEUM CORPORATION L,SECTOR 21-C,DAKSHIN MARG,CHANDIGARH,CHANDIGARH,Chandigarh,IN-42,160021,"SECTOR 21-C, DAKSHIN MARG, CHANDIGARH, CHANDIGARH, 160021, India",8826724068,bp124616@bpclretail.in,30.72344687,76.77145243,"DIESEL, PETROL, SPEED","In_Out, Automation, Air_Filling",2026-09-02 16:15:14
0000124611,BRAHAM SARUP & SONS BHARAT PETROLEUM DEALERS,BRAHAM SARUP & SONS BHARAT PETROLEUM DEALERS,SECTOR 28,MADHYA MARG,CHANDIGARH,CHANDIGARH,Chandigarh,IN-42,160019,"SECTOR 28, MADHYA MARG, CHANDIGARH, CHANDIGARH, 160019, India",9858800001,braham124611@bpclretail.in,30.720188,76.809612,"DIESEL, PETROL","Automation, Pure_Sure, Air_Filling, TWO_FOUR_SEVEN",2026-09-02 16:15:14
0000124614,CITCO PETROL STATION BHARAT PETROLEUM DEALERS,CITCO PETROL STATION BHARAT PETROLEUM DEALERS,SECTOR 9,MADHYA MARG,CHANDIGARH,CHANDIGARH,Chandigarh,IN-42,160009,"SECTOR 9, MADHYA MARG, CHANDIGARH, CHANDIGARH, 160009, India",9463188469,citco124614@bpclretail.in,30.743101,76.789228,"DIESEL, PETROL, SPEED","Automation, Pure_Sure, Air_Filling, TWO_FOUR_SEVEN",2026-09-02 16:15:14
0000124612,EMM PEE MOTORS BHARAT PETROLEUM DEALERS,EMM PEE MOTORS BHARAT PETROLEUM DEALERS,SECTOR 22,DAKSHIN MARG,CHANDIGARH,CHANDIGARH,Chandigarh,IN-42,160022,"SECTOR 22, DAKSHIN MARG, CHANDIGARH, CHANDIGARH, 160022, India",9815951442,emmpee124612@bpclretail.in,30.7292,76.7666,"DIESEL, PETROL, SPEED","Automation, Pure_Sure, Air_Filling, TWO_FOUR_SEVEN",2026-09-02 16:15:14
0000124610,KAUSHAL SERVICE STATION BHARAT PETROLEUM DEALERS,KAUSHAL SERVICE STATION BHARAT PETROLEUM DEALERS,INDUSTRIAL AREA,PHASE 2,CHANDIGARH,CHANDIGARH,Chandigarh,IN-42,160002,"INDUSTRIAL AREA, PHASE 2, CHANDIGARH, CHANDIGARH, 160002, India",9417494885,kaushal124610@bpclretail.in,30.696258,76.787506,"DIESEL, PETROL, SPEED","Automation, Air_Filling",2026-09-02 16:15:14
0000124613,NATIONAL SERVICE CENTRE BHARAT PETROLEUM DEALERS,NATIONAL SERVICE CENTRE BHARAT PETROLEUM DEALERS,SECTOR 17-E,BEHIND NEELAM THEATRE,CHANDIGARH,CHANDIGARH,Chandigarh,IN-42,160017,"SECTOR 17-E, BEHIND NEELAM THEATRE, CHANDIGARH, CHANDIGARH, 160017, India",9814122680,national124613@bpclretail.in,30.739268,76.7801,"DIESEL, PETROL, SPEED","Automation, Pure_Sure, Air_Filling, Parking, TWO_FOUR_SEVEN",2026-09-02 16:15:14
0000124615,SHYAMA SHYAM FILLING STATION BHARAT PETROLEUM DEALERS,SHYAMA SHYAM FILLING STATION BHARAT PETROLEUM DEALERS,SECTOR35-B,DAKSHIN MARG,CHANDIGARH,CHANDIGARH,Chandigarh,IN-42,160019,"SECTOR35-B, DAKSHIN MARG, CHANDIGARH, CHANDIGARH, 160019, India",9815004410,shyama124615@bpclretail.in,30.729194,76.765897,"DIESEL, PETROL, SPEED, SPEED 100 BS IV","Automation, Pure_Sure, Air_Filling, TWO_FOUR_SEVEN",2026-09-02 16:15:14
0000147286,FAST TRACK FILLING STATION BHARAT PETROLEUM DEALERS,FAST TRACK FILLING STATION BHARAT PETROLEUM DEALERS,CHOWKI NO. 2,"BEHIND LSC,GULABI BAGH",DELHI,CENTRAL DELHI,Delhi,IN-43,110052,"CHOWKI NO. 2, BEHIND LSC,GULABI BAGH, DELHI, CENTRAL DELHI, 110052, India",9810054013,fasttrack147286@bpclretail.in,28.678154,77.188537,"DIESEL, PETROL, SPEED","Automation, Pure_Sure, Air_Filling, TWO_FOUR_SEVEN",2026-09-02 16:15:14
0000112418,LINK ROAD PETROL F.STN. BHARAT PETROLEUM DEALERS,LINK ROAD PETROL F.STN. BHARAT PETROLEUM DEALERS,"LINK ROAD,KAROL BAGH","LINK ROAD,KAROL BAGH",DELHI,CENTRAL DELHI,Delhi,IN-43,110005,"LINK ROAD,KAROL BAGH, LINK ROAD,KAROL BAGH, DELHI, CENTRAL DELHI, 110005, India",9818324129,linkroad112418@bpclretail.in,28.644456,77.198797,"DIESEL, Hi-SPEED DIESEL, PETROL, SPEED","Automation, Pure_Sure, Air_Filling, TWO_FOUR_SEVEN",2026-09-02 16:15:14
0000112422,MANN SERVICE STATION BHARAT PETROLEUM DEALERS,MANN SERVICE STATION BHARAT PETROLEUM DEALERS,"RAJINDRA PLACE,NEAR RACHANA,PUSHA",PUSA ROAD,DELHI,CENTRAL DELHI,Delhi,IN-43,110008,"RAJINDRA PLACE,NEAR RACHANA,PUSHA, PUSA ROAD, DELHI, CENTRAL DELHI, 110008, India",9810977099,mann112422@bpclretail.in,28.642538,77.176285,"DIESEL, PETROL, SPEED, SPEED 100 BS IV, SPEED 97","Automation, Pure_Sure, Air_Filling, TWO_FOUR_SEVEN",2026-09-02 16:15:14
0000112439,R.S.BHOLA RAM & SONS BHARAT PETROLEUM DEALERS,R.S.BHOLA RAM & SONS BHARAT PETROLEUM DEALERS,"19 A, ALIPUR ROAD",SHAMNATH MARG,DELHI,CENTRAL DELHI,Delhi,IN-43,110054,"19 A, ALIPUR ROAD, SHAMNATH MARG, DELHI, CENTRAL DELHI, 110054, India",9810225430,rsbholaram112439@bpclretail.in,28.678305,77.224698,"DIESEL, PETROL, SPEED","Automation, Pure_Sure, Air_Filling, TWO_FOUR_SEVEN",2026-09-02 16:15:14
0000112442,RAJINDER SERVICE STATION BHARAT PETROLEUM DEALERS,RAJINDER SERVICE STATION BHARAT PETROLEUM DEALERS,"LUDLOW CASTLE ESTATE, 2 ALIPUR RAO",ALIPUR ROAD,DELHI,CENTRAL DELHI,Delhi,IN-43,110054,"LUDLOW CASTLE ESTATE, 2 ALIPUR RAO, ALIPUR ROAD, DELHI, CENTRAL DELHI, 110054, India",9871018455,rajinder112442@bpclretail.in,28.670952,77.226065,"DIESEL, Hi-SPEED DIESEL, PETROL, SPEED","In_Out, Automation, Pure_Sure, Air_Filling, TWO_FOUR_SEVEN",2026-09-02 16:15:14
0000112461,VEEJAY SERVICE STATION BHARAT PETROLEUM DEALERS,VEEJAY SERVICE STATION BHARAT PETROLEUM DEALERS,KALIDAS MARG SHASHTRI NAGAR,SHASTRI NAGAR,DELHI,CENTRAL DELHI,Delhi,IN-43,110052,"KALIDAS MARG SHASHTRI NAGAR, SHASTRI NAGAR, DELHI, CENTRAL DELHI, 110052, India",9811077757,veejay112461@bpclretail.in,28.673722,77.186996,"DIESEL, PETROL, SPEED, SPEED 100 BS IV","Automation, Pure_Sure, Air_Filling, TWO_FOUR_SEVEN",2026-09-02 16:15:14
0000112385,ANAND SUPER SEVICE STN. BHARAT PETROLEUM DEALERS,ANAND SUPER SEVICE STN. BHARAT PETROLEUM DEALERS,MALKA GANJ,MALKA GANJ,DELHI,CENTRAL NORTH DELHI,Delhi,IN-43,110007,"MALKA GANJ, MALKA GANJ, DELHI, CENTRAL NORTH DELHI, 110007, India",9811227127,anand112385@bpclretail.in,28.679467,77.212041,"DIESEL, PETROL, SPEED","Automation, Pure_Sure, Air_Filling, TWO_FOUR_SEVEN",2026-09-02 16:15:14
0000112386,ANIL FILLING STATION BHARAT PETROLEUM DEALERS,ANIL FILLING STATION BHARAT PETROLEUM DEALERS,"A - BLOCK,COM.CENT.,PASCHIM PURI","A - BLOCK,COM.CENT.,PASCHIM PURI",DELHI,CENTRAL NORTH DELHI,Delhi,IN-43,110063,"A - BLOCK,COM.CENT.,PASCHIM PURI, A - BLOCK,COM.CENT.,PASCHIM PURI, DELHI, CENTRAL NORTH DELHI, 110063, India",9810080931,anil112386@bpclretail.in,28.670483,77.102313,"DIESEL, PETROL, SPEED","Automation, Pure_Sure, Air_Filling, ATM, TWO_FOUR_SEVEN",2026-09-02 16:15:14
0000112402,GANPATI FILLING STATION BHARAT PETROLEUM DEALERS,GANPATI FILLING STATION BHARAT PETROLEUM DEALERS,MANGOL PURI INDUSTR.AREA PHASE-1,MANGOLPURI,DELHI,CENTRAL NORTH DELHI,Delhi,IN-43,110026,"MANGOL PURI INDUSTR.AREA PHASE-1, MANGOLPURI, DELHI, CENTRAL NORTH DELHI, 110026, India",9818182623,ganpati112402@bpclretail.in,28.688291,77.089723,"DIESEL, PETROL, SPEED","Automation, Pure_Sure, Air_Filling, TWO_FOUR_SEVEN",2026-09-02 16:15:14
0000244458,KAMLA FUELS & MOTORS BHARAT PETROLEUM DEALERS,KAMLA FUELS & MOTORS BHARAT PETROLEUM DEALERS,MAIN ROAD IBRAHIMPUR PVR,"KHASRA NO. 79/2, NR NAVRANG FARMS",DELHI,CENTRAL NORTH DELHI,Delhi,IN-43,110084,"MAIN ROAD IBRAHIMPUR PVR, KHASRA NO. 79/2, NR NAVRANG FARMS, DELHI, CENTRAL NORTH DELHI, 110084, India",9868761061,cc244458@bpclretail.in,28.770841,77.179316,"DIESEL, PETROL, SPEED","Pure_Sure, Air_Filling, TWO_FOUR_SEVEN",2026-09-02 16:15:14
0000167171,KRISHNA FILLING STATION BHARAT PETROLEUM DEALERS,KRISHNA FILLING STATION BHARAT PETROLEUM DEALERS,NEAR JAWAHARLAL NEHRUMARG INTERSEC,OPP. TO MCD CIVIC CENTRE,DELHI,CENTRAL NORTH DELHI,Delhi,IN-43,110001,"NEAR JAWAHARLAL NEHRUMARG INTERSEC, OPP. TO MCD CIVIC CENTRE, DELHI, CENTRAL NORTH DELHI, 110001, India",9999944945,krishna167171@bpclretail.in,28.641448,77.225883,"DIESEL, PETROL, SPEED","Automation, Pure_Sure, Air_Filling, TWO_FOUR_SEVEN",2026-09-02 16:15:14
0000112424,MOBILE CENTRE BHARAT PETROLEUM DEALERS,MOBILE CENTRE BHARAT PETROLEUM DEALERS,"RAJINDRA MARKET,NEAR TIS HAZARI",RAJINDRA MARKET,DELHI,CENTRAL NORTH DELHI,Delhi,IN-43,110054,"RAJINDRA MARKET,NEAR TIS HAZARI, RAJINDRA MARKET, DELHI, CENTRAL NORTH DELHI, 110054, India",9810272008,mobilecentre112424@bpclretail.in,28.663591,77.218806,"DIESEL, PETROL, SPEED","Automation, Pure_Sure, Air_Filling, TWO_FOUR_SEVEN",2026-09-02 16:15:14
0000112438,R.N.MOTORS BHARAT PETROLEUM DEALERS,R.N.MOTORS BHARAT PETROLEUM DEALERS,"ZONE G-17, OUTER RING ROAD,PIRA GA",PEERA GARHI,DELHI,CENTRAL NORTH DELHI,Delhi,IN-43,110041,"ZONE G-17, OUTER RING ROAD,PIRA GA, PEERA GARHI, DELHI, CENTRAL NORTH DELHI, 110041, India",9711816060,rn112438@bpclretail.in,28.67531,77.093428,"DIESEL, PETROL, SPEED, SPEED 100 BS IV","In_Out, Automation, Pure_Sure, Air_Filling, ATM, TWO_FOUR_SEVEN",2026-09-02 16:15:14
0000112440,RAIZADA MOTORS BHARAT PETROLEUM DEALERS,RAIZADA MOTORS BHARAT PETROLEUM DEALERS,"BLOCK 3, DAG EXTENSIONNEAR DELITE","BLOCK 3, DAG EXTENSIONNEAR DELITE",DELHI,CENTRAL NORTH DELHI,Delhi,IN-43,110002,"BLOCK 3, DAG EXTENSIONNEAR DELITE, BLOCK 3, DAG EXTENSIONNEAR DELITE, DELHI, CENTRAL NORTH DELHI, 110002, India",8750000331,raizada112440@bpclretail.in,28.641781,77.23381,"DIESEL, PETROL, SPEED","Automation, Pure_Sure, Air_Filling, TWO_FOUR_SEVEN",2026-09-02 16:15:14
0000163708,SAI FILLING STATION BHARAT PETROLEUM DEALERS,SAI FILLING STATION BHARAT PETROLEUM DEALERS,"VILLAGE JHARODA MAJRA,",MAIN ROAD BURARI,DELHI,CENTRAL NORTH DELHI,Delhi,IN-43,110006,"VILLAGE JHARODA MAJRA,, MAIN ROAD BURARI, DELHI, CENTRAL NORTH DELHI, 110006, India",9811169251,sai163708@bpclretail.in,28.733523,77.198281,"DIESEL, PETROL, SPEED, SPEED 100 BS IV","Automation, Pure_Sure, Air_Filling, TWO_FOUR_SEVEN",2026-09-02 16:15:14
0000112407,JAGDISH FILLING STATION BHARAT PETROLEUM DEALERS,JAGDISH FILLING STATION BHARAT PETROLEUM DEALERS,"G - BLOCK,NEAR COMM.HALL, SEC-16","G - BLOCK,NEAR COMM.HALL, SEC-16",DELHI,DELHI,Delhi,IN-43,110085,"G - BLOCK,NEAR COMM.HALL, SEC-16, G - BLOCK,NEAR COMM.HALL, SEC-16, DELHI, DELHI, 110085, India",9891231672,jagdish112407@bpclretail.in,28.739353,77.118289,"DIESEL, PETROL, SPEED","Automation, Pure_Sure, Air_Filling, TWO_FOUR_SEVEN",2026-09-02 16:15:14
0000112420,M.L.SETHI SERVICE STATION BHARAT PETROLEUM DEALERS,M.L.SETHI SERVICE STATION BHARAT PETROLEUM DEALERS,"NEAR RAJIV GANDHI CANCER HOSPITAL,",ROHINI DELHI,DELHI,DELHI,Delhi,IN-43,110085,"NEAR RAJIV GANDHI CANCER HOSPITAL,, ROHINI DELHI, DELHI, DELHI, 110085, India",9899953395,mlsethi112420@bpclretail.in,28.717999,77.110324,"DIESEL, PETROL, SPEED, SPEED 100 BS IV","Automation, Pure_Sure, Air_Filling, ATM, TWO_FOUR_SEVEN",2026-09-02 16:15:14
0000112427,MUKUL DIESELS BHARAT PETROLEUM DEALERS,MUKUL DIESELS BHARAT PETROLEUM DEALERS,"WAZIRABAD ROAD,GOKULPUR",GOKULPUR,DELHI,DELHI,Delhi,IN-43,110094,"WAZIRABAD ROAD,GOKULPUR, GOKULPUR, DELHI, DELHI, 110094, India",9711461465,mukul112427@bpclretail.in,28.701651,77.289619,"DIESEL, PETROL, SPEED","Automation, Pure_Sure, Air_Filling, TWO_FOUR_SEVEN",2026-09-02 16:15:14
0000112428,NATIONAL SERVICE STATION BHARAT PETROLEUM DEALERS,NATIONAL SERVICE STATION BHARAT PETROLEUM DEALERS,"H - BLOCK, CONN.PLACE",C PLACE,DELHI,DELHI,Delhi,IN-43,110001,"H - BLOCK, CONN.PLACE, C PLACE, DELHI, DELHI, 110001, India",9811054523,national112428@bpclretail.in,28.634858,77.217791,"DIESEL, PETROL, SPEED","Automation, Pure_Sure, Air_Filling, Parking, TWO_FOUR_SEVEN",2026-09-02 16:15:14
0000112435,PAM FILLING STATION BHARAT PETROLEUM DEALERS,PAM FILLING STATION BHARAT PETROLEUM DEALERS,"C - BLOCK, COMMUNITY CENTRE",NOOR-E-ILLAHI,DELHI,DELHI,Delhi,IN-43,110053,"C - BLOCK, COMMUNITY CENTRE, NOOR-E-ILLAHI, DELHI, DELHI, 110053, India",9811023462,pam112435@bpclretail.in,28.697041,77.271847,"DIESEL, PETROL","Automation, Pure_Sure, Air_Filling, TWO_FOUR_SEVEN",2026-09-02 16:15:14
0000112455,SONDHI MOTORS BHARAT PETROLEUM DEALERS,SONDHI MOTORS BHARAT PETROLEUM DEALERS,"21 - C, C BLOCKCONN.PLACE",C PLACE,DELHI,DELHI,Delhi,IN-43,110001,"21 - C, C BLOCKCONN.PLACE, C PLACE, DELHI, DELHI, 110001, India",9818435113,sondhi112455@bpclretail.in,28.634459,77.220722,"DIESEL, PETROL, SPEED","Automation, Pure_Sure, Air_Filling, TWO_FOUR_SEVEN",2026-09-02 16:15:14
0000184171,R.N.MOTORS(ADHOC) BHARAT PETROLEUM DEALERS,R.N.MOTORS(ADHOC) BHARAT PETROLEUM DEALERS,"GOLDEN PARK,RAMPURA,ROHTAK ROAD",RAMPURA,DELHI,DELHI  WEST,Delhi,IN-43,110026,"GOLDEN PARK,RAMPURA,ROHTAK ROAD, RAMPURA, DELHI, DELHI  WEST, 110026, India",,rnmotor184171@bpclretail.in,28.6719698,77.1545577,,Air_Filling,2026-09-02 16:15:14
0000192332,VAIBHAV FILLING STATION ADHOC BHARAT PETROLEUM DEALERS,VAIBHAV FILLING STATION ADHOC BHARAT PETROLEUM DEALERS,GOLDEN PARK,ROHTAK ROAD,DELHI,DELHI  WEST,Delhi,IN-43,110035,"GOLDEN PARK, ROHTAK ROAD, DELHI, DELHI  WEST, 110035, India",,vaibhav112458@bpclretail.in,28.6719698,77.1545577,,Air_Filling,2026-09-02 16:15:14
0000112419,LINK ROAD PETROL S.STN. BHARAT PETROLEUM DEALERS,LINK ROAD PETROL S.STN. BHARAT PETROLEUM DEALERS,LINK ROAD,KAROL BAGH,DELHI,DELHI - CENTRAL,Delhi,IN-43,110005,"LINK ROAD, KAROL BAGH, DELHI, DELHI - CENTRAL, 110005, India",9625799070,linkroad112419@bpclretail.in,28.645055,77.198875,"DIESEL, PETROL, SPEED","Automation, Pure_Sure, Air_Filling, TWO_FOUR_SEVEN",2026-09-02 16:15:14
0000112396,BP-PREET VIHAR BHARAT PETROLEUM CORPORATION L,BP-PREET VIHAR BHARAT PETROLEUM CORPORATION L,COMMUNITY CENTRE,,DELHI,DELHI - EAST,Delhi,IN-43,110092,"COMMUNITY CENTRE, , DELHI, DELHI - EAST, 110092, India",,singhrp7771@bharatpetroleum.in,28.639705,77.293534,,Air_Filling,2026-09-02 16:15:14
0000112457,UNIQUE FILLING STATION BHARAT PETROLEUM DEALERS,UNIQUE FILLING STATION BHARAT PETROLEUM DEALERS,POCKET 3 POST OFFICE,MAYUR VIHAR P,DELHI,DELHI - EAST,Delhi,IN-43,110091,"POCKET 3 POST OFFICE, MAYUR VIHAR P, DELHI, DELHI - EAST, 110091, India",9810153363,unique112457@bpclretail.in,28.606093,77.300204,"DIESEL, PETROL, SPEED","Automation, Pure_Sure, Air_Filling, TWO_FOUR_SEVEN",2026-09-02 16:15:14
0000112403,GYMKHANA SERVICE STATION BHARAT PETROLEUM DEALERS,GYMKHANA SERVICE STATION BHARAT PETROLEUM DEALERS,NEAR RACE COURSE,NEAR RACE COURSE,DELHI,DELHI - NEW DELHI,Delhi,IN-43,110003,"NEAR RACE COURSE, NEAR RACE COURSE, DELHI, DELHI - NEW DELHI, 110003, India",9213677395,gymkhana112403@bpclretail.in,28.596196,77.204918,"DIESEL, Hi-SPEED DIESEL, PETROL, SPEED, SPEED 100 BS IV","In_Out, Automation, Pure_Sure, Air_Filling, ATM, TWO_FOUR_SEVEN",2026-09-02 16:15:14
0000112411,JIWAN SERVICE STATION BHARAT PETROLEUM DEALERS,JIWAN SERVICE STATION BHARAT PETROLEUM DEALERS,"Q, POINT,",10-MANSINGH ROAD,DELHI,DELHI - NEW DELHI,Delhi,IN-43,110001,"Q, POINT,, 10-MANSINGH ROAD, DELHI, DELHI - NEW DELHI, 110001, India",8920916871,jiwan112411@bpclretail.in,28.604552,77.22459,"DIESEL, PETROL, SPEED","Automation, Pure_Sure, Air_Filling, TWO_FOUR_SEVEN",2026-09-02 16:15:14
0000164134,BP-JAKHIRA BHARAT PETROLEUM CORPN LTD.,BP-JAKHIRA BHARAT PETROLEUM CORPN LTD.,JAKHIRA CHOWK,,DELHI,DELHI - NORTH WEST,Delhi,IN-43,110035,"JAKHIRA CHOWK, , DELHI, DELHI - NORTH WEST, 110035, India",,mehtaan@bharatpetroleum.in,28.6671125,77.1665311,,"Pure_Sure, Air_Filling, TWO_FOUR_SEVEN",2026-09-02 16:15:14
0000168008,JAI SHREE GANESH ADHOC BHARAT PETROLEUM DEALERS,JAI SHREE GANESH ADHOC BHARAT PETROLEUM DEALERS,AUCHANDI-KANJAHWALA ROAD,VILL. PUNJAB KHOR,NEW DELHI,DELHI - NORTH WEST,Delhi,IN-43,110081,"AUCHANDI-KANJAHWALA ROAD, VILL. PUNJAB KHOR, NEW DELHI, DELHI - NORTH WEST, 110081, India",,jaishree168008@bpclretail.in,28.786768,76.962817,,Air_Filling,2026-09-02 16:15:14
0000163982,T K OIL COMPANY BHARAT PETROLEUM DEALERS,T K OIL COMPANY BHARAT PETROLEUM DEALERS,GREEN PARK,,NEW DELHI,DELHI - SOUTH,Delhi,IN-43,110016,"GREEN PARK, , NEW DELHI, DELHI - SOUTH, 110016, India",,tk163982@bpclretail.in,28.557593,77.206389,DIESEL,Air_Filling,2026-09-02 16:15:14
0000112410,JAIPUR GOLDEN TPT.CO.LTD. BHARAT PETROLEUM DEALERS,JAIPUR GOLDEN TPT.CO.LTD. BHARAT PETROLEUM DEALERS,KAPASHERA BORDER,DELHI,DELHI,DELHI - SOUTH WEST,Delhi,IN-43,110037,"KAPASHERA BORDER, DELHI, DELHI, DELHI - SOUTH WEST, 110037, India",9810785941,fs.delhi@jaipurgolden.in,28.522202,77.082021,"DIESEL, PETROL, SPEED, SPEED 100 BS IV","Automation, Pure_Sure, Air_Filling, Parking, TWO_FOUR_SEVEN",2026-09-02 16:15:14
0000144348,JAI SHREE KRISHNA FILLING STAT BHARAT PETROLEUM DEALERS,JAI SHREE KRISHNA FILLING STAT BHARAT PETROLEUM DEALERS,BIJIWASAN ROAD,DINDARPUR,NEW DELHI,DELHI - SOUTH WEST,Delhi,IN-43,110043,"BIJIWASAN ROAD, DINDARPUR, NEW DELHI, DELHI - SOUTH WEST, 110043, India",9810353653,jaishreekrish144348@bpclretail.in,28.588702,76.994407,"DIESEL, E85, PETROL, SPEED","Automation, Pure_Sure, Air_Filling, TWO_FOUR_SEVEN",2026-09-02 16:15:14
0000147087,MANGAL BHARAT PETROLEUM DEALERS,MANGAL BHARAT PETROLEUM DEALERS,VILLAGE KAPASHERA,NAJAFGARH-KAPASHERA ROAD,NEW DELHI,DELHI - SOUTH WEST,Delhi,IN-43,110037,"VILLAGE KAPASHERA, NAJAFGARH-KAPASHERA ROAD, NEW DELHI, DELHI - SOUTH WEST, 110037, India",9811322354,mangal147087@bpclretail.in,28.530833,77.080176,"DIESEL, PETROL, SPEED","Automation, Pure_Sure, Air_Filling, TWO_FOUR_SEVEN",2026-09-02 16:15:14
0000149412,SHOKEEN PETRO BHARAT PETROLEUM DEALERS,SHOKEEN PETRO BHARAT PETROLEUM DEALERS,VILLAGE CHAWLA,NEAR CHAWLA CAMP,NEW DELHI,DELHI - SOUTH WEST,Delhi,IN-43,110071,"VILLAGE CHAWLA, NEAR CHAWLA CAMP, NEW DELHI, DELHI - SOUTH WEST, 110071, India",9211865314,shokeen149412@bpclretail.in,28.55682,77.004611,"DIESEL, PETROL, SPEED","Automation, Pure_Sure, Air_Filling, TWO_FOUR_SEVEN",2026-09-02 16:15:14
0000112406,HIGHWAY SERVICE STATION BHARAT PETROLEUM DEALERS,HIGHWAY SERVICE STATION BHARAT PETROLEUM DEALERS,"GOLDEN PARK,RAMPURA,ROHTAK ROAD",RAMPURA,DELHI,DELHI - WEST,Delhi,IN-43,110026,"GOLDEN PARK,RAMPURA,ROHTAK ROAD, RAMPURA, DELHI, DELHI - WEST, 110026, India",,highway112406@bpclretail.in,28.6719698,77.1545577,,"Automation, Air_Filling",2026-09-02 16:15:14
0000112417,LAKSHMI FILLING STATION BHARAT PETROLEUM DEALERS,LAKSHMI FILLING STATION BHARAT PETROLEUM DEALERS,"G- 1, SHOPPING CENTRENEAR SONIA,VIK",VIKAR PURI,DELHI,DELHI - WEST,Delhi,IN-43,110018,"G- 1, SHOPPING CENTRENEAR SONIA,VIK, VIKAR PURI, DELHI, DELHI - WEST, 110018, India",9810442981,laxmi112417@bpclretail.in,28.640245,77.074909,"DIESEL, PETROL, SPEED","Automation, Pure_Sure, Air_Filling, TWO_FOUR_SEVEN",2026-09-02 16:15:14
0000112432,NEW UNITED SERVICE STN. BHARAT PETROLEUM DEALERS,NEW UNITED SERVICE STN. BHARAT PETROLEUM DEALERS,"RING ROAD MUNIRKA CROSSING, R.K.PU",,DELHI,DELHI NEW DELHI,Delhi,IN-43,110022,"RING ROAD MUNIRKA CROSSING, R.K.PU, , DELHI, DELHI NEW DELHI, 110022, India",,newunited112432@bpclretail.in,28.570269,77.187269,,"In_Out, Pure_Sure, Air_Filling, TWO_FOUR_SEVEN",2026-09-02 16:15:14
0000179068,GARG ROADLINES ADHOC BHARAT PETROLEUM DEALERS,GARG ROADLINES ADHOC BHARAT PETROLEUM DEALERS,JAKHIRA FLYOVER,ROHTAK ROAD,DELHI,DELHI NORTH WEST,Delhi,IN-43,110035,"JAKHIRA FLYOVER, ROHTAK ROAD, DELHI, DELHI NORTH WEST, 110035, India",,gargroa179068@bpclretail.in,28.6671125,77.1665311,,"Automation, Pure_Sure, Air_Filling, TWO_FOUR_SEVEN",2026-09-02 16:15:14
0000192323,KANWAR & CO. (ADHOC) BHARAT PETROLEUM DEALERS,KANWAR & CO. (ADHOC) BHARAT PETROLEUM DEALERS,ZAKHIRA,ZAKHIRA,DELHI,DELHI NORTH WEST,Delhi,IN-43,110035,"ZAKHIRA, ZAKHIRA, DELHI, DELHI NORTH WEST, 110035, India",9711152225,kanwar192323@bpclretail.in,28.6671125,77.1665311,,"Automation, Pure_Sure, Air_Filling, TWO_FOUR_SEVEN",2026-09-02 16:15:14
0000188231,VASUNDHARA SERVICE STATION (AD BHARAT PETROLEUM DEALERS,VASUNDHARA SERVICE STATION (AD BHARAT PETROLEUM DEALERS,ZAKHIRA,,DELHI,DELHI NORTH WEST,Delhi,IN-43,110035,"ZAKHIRA, , DELHI, DELHI NORTH WEST, 110035, India",,vasundh188231@bpclretail.in,28.6671125,77.1665311,,"Automation, Air_Filling",2026-09-02 16:15:14
0000129151,ALLIED MOTORS LTD. BHARAT PETROLEUM DEALERS,ALLIED MOTORS LTD. BHARAT PETROLEUM DEALERS,VIKAS MARG,PREET VIHAR,DELHI,EAST DELHI,Delhi,IN-43,110092,"VIKAS MARG, PREET VIHAR, DELHI, EAST DELHI, 110092, India",9811533519,alliedm129151@bpclretail.in,28.639705,77.293534,"DIESEL, PETROL, SPEED","Automation, Pure_Sure, Air_Filling, TWO_FOUR_SEVEN",2026-09-02 16:15:14
0000250828,DEEPAK AUTOMOBILES ADHOC BHARAT PETROLEUM DEALERS,DEEPAK AUTOMOBILES ADHOC BHARAT PETROLEUM DEALERS,ROAD NO 56,GHAZIPUR,DELHI,EAST DELHI,Delhi,IN-43,110096,"ROAD NO 56, GHAZIPUR, DELHI, EAST DELHI, 110096, India",7303453200,deepakautoadhoc@gmail.com,28.634552,77.315473,"DIESEL, E85, PETROL, SPEED","Automation, Pure_Sure, Air_Filling, TWO_FOUR_SEVEN",2026-09-02 16:15:14
0000112423,MATTA AUTOMOBILES BHARAT PETROLEUM DEALERS,MATTA AUTOMOBILES BHARAT PETROLEUM DEALERS,"ROAD NO. 56,",GHAZIPUR,DELHI,EAST DELHI,Delhi,IN-43,110096,"ROAD NO. 56,, GHAZIPUR, DELHI, EAST DELHI, 110096, India",9811156529,matta112423@bpclretail.in,28.634552,77.315473,,"In_Out, Automation, Air_Filling",2026-09-02 16:15:14
0000203309,RAJDHANI SERVICE STN. BHARAT PETROLEUM DEALERS,RAJDHANI SERVICE STN. BHARAT PETROLEUM DEALERS,NH-24,VINOD NAGAR EAST,DELHI,EAST DELHI,Delhi,IN-43,110096,"NH-24, VINOD NAGAR EAST, DELHI, EAST DELHI, 110096, India",9810164682,rajdhani112441@bpclretail.in,28.6248696,77.3133448,"DIESEL, PETROL, SPEED","Automation, Air_Filling",2026-09-02 16:15:14
0000112460,VASUNDHARA SERVICE STN. BHARAT PETROLEUM DEALERS,VASUNDHARA SERVICE STN. BHARAT PETROLEUM DEALERS,PLOT NO. 12,DALLUPURA,DELHI,EAST DELHI,Delhi,IN-43,110096,"PLOT NO. 12, DALLUPURA, DELHI, EAST DELHI, 110096, India",9650599894,vasundhara112460@bpclretail.in,28.604382,77.323162,"DIESEL, PETROL, SPEED","Automation, Pure_Sure, Air_Filling, TWO_FOUR_SEVEN",2026-09-02 16:15:14
0000236924,VEEJAY SERVICE STATION ADHOC BHARAT PETROLEUM DEALERS,VEEJAY SERVICE STATION ADHOC BHARAT PETROLEUM DEALERS,ROAD NO 56,GHAZIPUR,DELHI,EAST DELHI,Delhi,IN-43,110096,"ROAD NO 56, GHAZIPUR, DELHI, EAST DELHI, 110096, India",7011468272,veejayssadhoc@gmail.com,28.634552,77.315473,"DIESEL, PETROL, SPEED","In_Out, Automation, Air_Filling",2026-09-02 16:15:14
0000112462,VIJ AUTO CENTRE BHARAT PETROLEUM DEALERS,VIJ AUTO CENTRE BHARAT PETROLEUM DEALERS,KONDLI,GHAROLI,DELHI,EAST DELHI,Delhi,IN-43,110091,"KONDLI, GHAROLI, DELHI, EAST DELHI, 110091, India",9811012610,vij112462@bpclretail.in,28.607319,77.335322,"DIESEL, Hi-SPEED DIESEL, PETROL, SPEED","Automation, Pure_Sure, Air_Filling, TWO_FOUR_SEVEN",2026-09-02 16:15:14
0000112384,ANAND FILLING STATION BHARAT PETROLEUM DEALERS,ANAND FILLING STATION BHARAT PETROLEUM DEALERS,OPP. GURUDWARA BANGLA SAHIB,BABU KHADAK SINGH MARG,DELHI,NEW DELHI,Delhi,IN-43,110001,"OPP. GURUDWARA BANGLA SAHIB, BABU KHADAK SINGH MARG, DELHI, NEW DELHI, 110001, India",9811042002,anand112384@bpclretail.in,28.628879,77.210248,"DIESEL, Hi-SPEED DIESEL, PETROL, SPEED, SPEED 100 BS IV","Automation, Pure_Sure, Air_Filling, TWO_FOUR_SEVEN",2026-09-02 16:15:14
0000112395,BCC AUTO PVT.LTD. BHARAT PETROLEUM DEALERS,BCC AUTO PVT.LTD. BHARAT PETROLEUM DEALERS,"PRATAP BUILDING,N-BLOCK,C.PLACE","N BLOCK , CP",DELHI,NEW DELHI,Delhi,IN-43,110001,"PRATAP BUILDING,N-BLOCK,C.PLACE, N BLOCK , CP, DELHI, NEW DELHI, 110001, India",9810065263,alka.sahni@yahoo.com,28.63142,77.22189,"DIESEL, PETROL","Automation, Pure_Sure, Air_Filling, TWO_FOUR_SEVEN",2026-09-02 16:15:14
0000123784,BP-SHANTIPATH BHARAT PETROLEUM CORPORATION L,BP-SHANTIPATH BHARAT PETROLEUM CORPORATION L,SHANTIPATH,ROAD,DELHI,NEW DELHI,Delhi,IN-43,110021,"SHANTIPATH, ROAD, DELHI, NEW DELHI, 110021, India",7034552990,bpshantipath123784@bpclretail.in,28.580494,77.17927,"DIESEL, Hi-SPEED DIESEL, PETROL, SPEED, SPEED 100 BS IV","In_Out, Automation, Air_Filling",2026-09-02 16:15:14
0000112412,KAMLA BEHL & C0.PVT.LTD. BHARAT PETROLEUM DEALERS,KAMLA BEHL & C0.PVT.LTD. BHARAT PETROLEUM DEALERS,"12, SCINDIA HOUSEK.G.MARG C.P",C PLACE,DELHI,NEW DELHI,Delhi,IN-43,110001,"12, SCINDIA HOUSEK.G.MARG C.P, C PLACE, DELHI, NEW DELHI, 110001, India",9518648136,kamal112412@bpclretail.in,28.629647,77.221322,"DIESEL, PETROL","Automation, Pure_Sure, Air_Filling, TWO_FOUR_SEVEN",2026-09-02 16:15:14
0000112416,L.GOPINATH BHARAT PETROLEUM DEALERS,L.GOPINATH BHARAT PETROLEUM DEALERS,"GOPINATH BAZAR,CDELHI CONT.AREA",DELHI CANTT,DELHI,NEW DELHI,Delhi,IN-43,110010,"GOPINATH BAZAR,CDELHI CONT.AREA, DELHI CANTT, DELHI, NEW DELHI, 110010, India",9958375454,gopinath112416@bpclretail.in,28.596467,77.132884,"DIESEL, PETROL, SPEED","Automation, Pure_Sure, Air_Filling, TWO_FOUR_SEVEN",2026-09-02 16:15:14
0000142009,MASAURHI SERVICE STATION BHARAT PETROLEUM DEALERS,MASAURHI SERVICE STATION BHARAT PETROLEUM DEALERS,SHANTI PATH,ROAD,DELHI,NEW DELHI,Delhi,IN-43,110002,"SHANTI PATH, ROAD, DELHI, NEW DELHI, 110002, India",,masaurhi142009@bpclretail.in,28.580494,77.17927,"DIESEL, Hi-SPEED DIESEL, PETROL, SPEED, SPEED 100 BS IV","In_Out, Automation, Pure_Sure, Air_Filling, TWO_FOUR_SEVEN",2026-09-02 16:15:14
0000112425,MODERN SERVICE STATION BHARAT PETROLEUM DEALERS,MODERN SERVICE STATION BHARAT PETROLEUM DEALERS,"JANPATH,OPP. EASTERN COURT","JANPATH,OPP. EASTERN COURT",DELHI,NEW DELHI,Delhi,IN-43,110001,"JANPATH,OPP. EASTERN COURT, JANPATH,OPP. EASTERN COURT, DELHI, NEW DELHI, 110001, India",9990386688,modern112425@bpclretail.in,28.624517,77.218776,"DIESEL, Hi-SPEED DIESEL, PETROL, SPEED, SPEED 100 BS IV","Automation, Pure_Sure, Air_Filling, TWO_FOUR_SEVEN",2026-09-02 16:15:14
0000112443,RAM SERVICE STATION BHARAT PETROLEUM DEALERS,RAM SERVICE STATION BHARAT PETROLEUM DEALERS,"PRAGATI MAIDAN,",OPP. NSCI,DELHI,NEW DELHI,Delhi,IN-43,110001,"PRAGATI MAIDAN,, OPP. NSCI, DELHI, NEW DELHI, 110001, India",9810163997,ram112443@bpclretail.in,28.614646,77.240612,"DIESEL, Hi-SPEED DIESEL, PETROL, SPEED","Automation, Pure_Sure, Air_Filling, Parking, TWO_FOUR_SEVEN",2026-09-02 16:15:14
0000112464,VINOD SERVICE STATION,VINOD SERVICE STATION,"NEAR CARGO COMPLEX,","TERMINAL -2 , IGI AIRPORT ROAD,",DELHI,NEW DELHI,Delhi,IN-43,110010,"NEAR CARGO COMPLEX,, TERMINAL -2 , IGI AIRPORT ROAD,, DELHI, NEW DELHI, 110010, India",9810037417,vinod112464@bpclretail.in,28.553839,77.103119,DIESEL,"In_Out, Automation, Pure_Sure, Air_Filling, TWO_FOUR_SEVEN",2026-09-02 16:15:14
0000112466,YASHWANT PLACE SERVICE STATION BHARAT PETROLEUM DEALERS,YASHWANT PLACE SERVICE STATION BHARAT PETROLEUM DEALERS,"OPP. CHANAKYA CINEMA,",VINAY MARG,DELHI,NEW DELHI,Delhi,IN-43,110021,"OPP. CHANAKYA CINEMA,, VINAY MARG, DELHI, NEW DELHI, 110021, India",9868255788,yashwant112466@bpclretail.in,28.583514,77.191015,"DIESEL, PETROL, SPEED","In_Out, Automation, Pure_Sure, Air_Filling, Parking, ATM, TWO_FOUR_SEVEN",2026-09-02 16:15:14
0000160705,BP- BAWANA BHARAT PETROLEUM CORPN LTD.,BP- BAWANA BHARAT PETROLEUM CORPN LTD.,BAWANA VILLAGE,BAVANA,DELHI,NORTH DELHI,Delhi,IN-43,110039,"BAWANA VILLAGE, BAVANA, DELHI, NORTH DELHI, 110039, India",,bp160705@bpclretail.in,28.798088,77.034974,,"Automation, Air_Filling",2026-09-02 16:15:14
0000112721,BP-AZADPUR BHARAT PETROLEUM CORPORATION L,BP-AZADPUR BHARAT PETROLEUM CORPORATION L,NEAR AZADPUR SABJI MANDI,,DELHI,NORTH DELHI,Delhi,IN-43,110023,"NEAR AZADPUR SABJI MANDI, , DELHI, NORTH DELHI, 110023, India",,bpazadpur@gmail.com,28.71035,77.17504,,"Automation, Pure_Sure, Air_Filling, TWO_FOUR_SEVEN",2026-09-02 16:15:14
0000112413,KANWAR & CO. BHARAT PETROLEUM DEALERS,KANWAR & CO. BHARAT PETROLEUM DEALERS,OPP. GURUDWARA NANAK PIAO,RANA PRATAP /BAGH,DELHI,NORTH DELHI,Delhi,IN-43,110033,"OPP. GURUDWARA NANAK PIAO, RANA PRATAP /BAGH, DELHI, NORTH DELHI, 110033, India",9811152225,kanwar112413@bpclretail.in,28.691525,77.190907,"DIESEL, PETROL, SPEED","Automation, Pure_Sure, Air_Filling, TWO_FOUR_SEVEN",2026-09-02 16:15:14
0000205891,MASAURHI S/STN BHARAT PETROLEUM DEALERS,MASAURHI S/STN BHARAT PETROLEUM DEALERS,AZADPUR,AZADPUR,DELHI,NORTH DELHI,Delhi,IN-43,110023,"AZADPUR, AZADPUR, DELHI, NORTH DELHI, 110023, India",7982219931,masaurhiss205891@bpclretail.in,28.71035,77.17504,"DIESEL, PETROL, SPEED","Automation, Pure_Sure, Air_Filling, TWO_FOUR_SEVEN",2026-09-02 16:15:14
0000112452,SIDHU SERVICE STATION BHARAT PETROLEUM DEALERS,SIDHU SERVICE STATION BHARAT PETROLEUM DEALERS,"5/5, G.T. KARNAL ROAD NEAR AZADPUR",JAHANGIRPURI,DELHI,NORTH DELHI,Delhi,IN-43,110033,"5/5, G.T. KARNAL ROAD NEAR AZADPUR, JAHANGIRPURI, DELHI, NORTH DELHI, 110033, India",9810133172,sidhu112452@bpclretail.in,28.724267,77.164504,"DIESEL, PETROL, SPEED","Automation, Pure_Sure, Air_Filling, TWO_FOUR_SEVEN",2026-09-02 16:15:14
0000112400,DEEPAK AUTOMOBILES BHARAT PETROLEUM DEALERS,DEEPAK AUTOMOBILES BHARAT PETROLEUM DEALERS,G.T. ROAD,SHAHADRA,DELHI,NORTH EAST DELHI,Delhi,IN-43,110032,"G.T. ROAD, SHAHADRA, DELHI, NORTH EAST DELHI, 110032, India",9910003200,deepak112400@bpclretail.in,28.67645,77.315803,"DIESEL, PETROL, SPEED","Automation, Pure_Sure, Air_Filling, TWO_FOUR_SEVEN",2026-09-02 16:15:14
0000112404,HARI CHAND & CO. BHARAT PETROLEUM DEALERS,HARI CHAND & CO. BHARAT PETROLEUM DEALERS,"LONI ROAD BORDER,",GOKUL PUR,DELHI,NORTH EAST DELHI,Delhi,IN-43,110094,"LONI ROAD BORDER,, GOKUL PUR, DELHI, NORTH EAST DELHI, 110094, India",8851689507,harichand112404@bpclretail.in,28.705626,77.291853,"DIESEL, PETROL, SPEED","Automation, Pure_Sure, Air_Filling, TWO_FOUR_SEVEN",2026-09-02 16:15:14
0000112720,MASIH AUTOMOBILES BHARAT PETROLEUM DEALERS,MASIH AUTOMOBILES BHARAT PETROLEUM DEALERS,"RD NO 75B,",VIKAS MARG EXTN,DELHI,NORTH EAST DELHI,Delhi,IN-43,110092,"RD NO 75B,, VIKAS MARG EXTN, DELHI, NORTH EAST DELHI, 110092, India",9810154387,masih112720@bpclretail.in,28.658079,77.310863,"DIESEL, Hi-SPEED DIESEL, PETROL, SPEED, SPEED 100 BS IV","In_Out, Automation, Pure_Sure, Air_Filling, TWO_FOUR_SEVEN",2026-09-02 16:15:14
0000198868,BHARAT FILLING STATION BHARAT PETROLEUM DEALERS,BHARAT FILLING STATION BHARAT PETROLEUM DEALERS,"ROHTAK ROAD,ZAKHIRA",ZAKHIRA,DELHI,NORTH WEST DELHI,Delhi,IN-43,110035,"ROHTAK ROAD,ZAKHIRA, ZAKHIRA, DELHI, NORTH WEST DELHI, 110035, India",8800777064,bharatfillingstation198868@bpclretail.in,28.6695,77.1635,"DIESEL, PETROL","Automation, Pure_Sure, Air_Filling, TWO_FOUR_SEVEN",2026-09-02 16:15:14
0000188189,GARG ROADLINES (ADHOC) BHARAT PETROLEUM DEALERS,GARG ROADLINES (ADHOC) BHARAT PETROLEUM DEALERS,PUNJAB KHOR,,DELHI,NORTH WEST DELHI,Delhi,IN-43,110081,"PUNJAB KHOR, , DELHI, NORTH WEST DELHI, 110081, India",,gargroa188189@bpclretail.in,28.786768,76.962817,,Air_Filling,2026-09-02 16:15:14
0000112415,KRITI NANAK FILLING STN. BHARAT PETROLEUM DEALERS,KRITI NANAK FILLING STN. BHARAT PETROLEUM DEALERS,"COMMUNITY CENTRE,CANAL ROAD,AP BLO","COMMUNITY CENTRE,CANAL ROAD,AP BLO",DELHI,NORTH WEST DELHI,Delhi,IN-43,110052,"COMMUNITY CENTRE,CANAL ROAD,AP BLO, COMMUNITY CENTRE,CANAL ROAD,AP BLO, DELHI, NORTH WEST DELHI, 110052, India",9953442133,kirtinanak112415@bpclretail.in,28.703093,77.157304,"DIESEL, PETROL","Automation, Pure_Sure, Air_Filling, TWO_FOUR_SEVEN",2026-09-02 16:15:14
0000112446,ROHINI FILLING STATION BHARAT PETROLEUM DEALERS,ROHINI FILLING STATION BHARAT PETROLEUM DEALERS,"COMMUNITY CENTRE,SEC-8 ROHINI",SECTOR 8,DELHI,NORTH WEST DELHI,Delhi,IN-43,110085,"COMMUNITY CENTRE,SEC-8 ROHINI, SECTOR 8, DELHI, NORTH WEST DELHI, 110085, India",9599947467,rohini112446@bpclretail.in,28.7025,77.122107,"DIESEL, PETROL, SPEED","Automation, Pure_Sure, Air_Filling, TWO_FOUR_SEVEN",2026-09-02 16:15:14
0000136152,SANJEEV FILLING STATION BHARAT PETROLEUM CORPORATION L,SANJEEV FILLING STATION BHARAT PETROLEUM CORPORATION L,"PLOT NO.5, MANGLAM PLACE","SECTOR-3, ROHINI",DELHI,NORTH WEST DELHI,Delhi,IN-43,110085,"PLOT NO.5, MANGLAM PLACE, SECTOR-3, ROHINI, DELHI, NORTH WEST DELHI, 110085, India",9312257972,sanjeev136152@bpclretail.in,28.700852,77.115153,"DIESEL, PETROL, SPEED","Automation, Pure_Sure, Air_Filling, TWO_FOUR_SEVEN",2026-09-02 16:15:14
0000128472,SHAURYA BHUSHAN FILLING STATIO BHARAT PETROLEUM DEALERS,SHAURYA BHUSHAN FILLING STATIO BHARAT PETROLEUM DEALERS,RAM KISHAN MARG,SECTOR 16 ROHINI,DELHI,NORTH WEST DELHI,Delhi,IN-43,110085,"RAM KISHAN MARG, SECTOR 16 ROHINI, DELHI, NORTH WEST DELHI, 110085, India",9810714114,shaurya128472@bpclretail.in,28.736107,77.128021,"DIESEL, PETROL, SPEED","Automation, Pure_Sure, Air_Filling, TWO_FOUR_SEVEN",2026-09-02 16:15:14
0000192371,TRIYAMJIT ENERGIES (ADHOC) BHARAT PETROLEUM DEALERS,TRIYAMJIT ENERGIES (ADHOC) BHARAT PETROLEUM DEALERS,PUNJAB KHOR,PUNJAB KHOR,DELHI,NORTH WEST DELHI,Delhi,IN-43,110081,"PUNJAB KHOR, PUNJAB KHOR, DELHI, NORTH WEST DELHI, 110081, India",9990805656,triyamjit192371@bpclretail.in,28.786768,76.962817,,"Automation, Pure_Sure, Air_Filling, TWO_FOUR_SEVEN",2026-09-02 16:15:14
0000152706,AJANTA FILL N FLY NH1,AJANTA FILL N FLY NH1,VILLAGE KHAMPUR,G.T.KARNAL ROAD,DELHI,OUTER NORTH DELHI,Delhi,IN-43,110036,"VILLAGE KHAMPUR, G.T.KARNAL ROAD, DELHI, OUTER NORTH DELHI, 110036, India",9215202222,ajantafill152706@bpclretail.in,28.820279,77.134353,"DIESEL, PETROL, SPEED","Automation, Pure_Sure, Air_Filling, TWO_FOUR_SEVEN",2026-09-02 16:15:14
0000151186,BHAGWATI FILLING STATION BHARAT PETROLEUM DEALERS,BHAGWATI FILLING STATION BHARAT PETROLEUM DEALERS,OPPOSITE IOC LPG BOTTLING PLANT,GHEVRA- KANJAWALA ROAD,DELHI,OUTER NORTH DELHI,Delhi,IN-43,110041,"OPPOSITE IOC LPG BOTTLING PLANT, GHEVRA- KANJAWALA ROAD, DELHI, OUTER NORTH DELHI, 110041, India",9873335246,bhagwati151186@bpclretail.in,28.687,76.994797,"DIESEL, PETROL, SPEED","Automation, Pure_Sure, Air_Filling, TWO_FOUR_SEVEN",2026-09-02 16:15:14
0000112399,DAWAR SERVICE STATION BHARAT PETROLEUM DEALERS,DAWAR SERVICE STATION BHARAT PETROLEUM DEALERS,"AUCHINNDI VILLAGE,BAWANA","AUCHINNDI VILLAGE,BAWANA",DELHI,OUTER NORTH DELHI,Delhi,IN-43,110039,"AUCHINNDI VILLAGE,BAWANA, AUCHINNDI VILLAGE,BAWANA, DELHI, OUTER NORTH DELHI, 110039, India",9811520123,dawar112399@bpclretail.in,28.829667,76.986643,"DIESEL, PETROL, SPEED","Automation, Pure_Sure, Air_Filling, TWO_FOUR_SEVEN",2026-09-02 16:15:14
0000144329,GARG ROAD LINES BHARAT PETROLEUM DEALERS,GARG ROAD LINES BHARAT PETROLEUM DEALERS,VILLAGE MUNDKA,"KM STONE 24.306LHS, ROHTAK ROAD, NH",DELHI,OUTER NORTH DELHI,Delhi,IN-43,110041,"VILLAGE MUNDKA, KM STONE 24.306LHS, ROHTAK ROAD, NH, DELHI, OUTER NORTH DELHI, 110041, India",7065465320,gargroad144329@bpclretail.in,28.683623,77.009351,"DIESEL, PETROL, SPEED","Automation, Pure_Sure, Air_Filling, TWO_FOUR_SEVEN",2026-09-02 16:15:14
0000168006,GREEN HEART FILLING STATION BHARAT PETROLEUM DEALERS,GREEN HEART FILLING STATION BHARAT PETROLEUM DEALERS,VILLAGE GHEVRA,KANJHAWALA GHEVRA ROAD,DELHI,OUTER NORTH DELHI,Delhi,IN-43,110041,"VILLAGE GHEVRA, KANJHAWALA GHEVRA ROAD, DELHI, OUTER NORTH DELHI, 110041, India",9999199624,greenheart168006@bpclretail.in,28.704538,77.00105,"DIESEL, PETROL","Automation, Pure_Sure, Air_Filling, TWO_FOUR_SEVEN",2026-09-02 16:15:14
0000168009,JAI MATA SERVICE STATION BHARAT PETROLEUM DEALERS,JAI MATA SERVICE STATION BHARAT PETROLEUM DEALERS,ROHINII BAWANA ROAD,BAWANA,DELHI,OUTER NORTH DELHI,Delhi,IN-43,110039,"ROHINII BAWANA ROAD, BAWANA, DELHI, OUTER NORTH DELHI, 110039, India",9810628350,jaimata168009@bpclretail.in,28.783392,77.042184,"DIESEL, PETROL, SPEED","Automation, Pure_Sure, Air_Filling, TWO_FOUR_SEVEN",2026-09-02 16:15:14
0000148414,JAI SHREE GANESH FILLING STATI BHARAT PETROLEUM DEALERS,JAI SHREE GANESH FILLING STATI BHARAT PETROLEUM DEALERS,KHASRA NO.66/14&66/15,"G.T.KARNAL ROAD, ALIPUR",DELHI,OUTER NORTH DELHI,Delhi,IN-43,110036,"KHASRA NO.66/14&66/15, G.T.KARNAL ROAD, ALIPUR, DELHI, OUTER NORTH DELHI, 110036, India",9811890635,jaishree148414@bpclretail.in,28.798305,77.144275,"DIESEL, PETROL, SPEED","Automation, Pure_Sure, Air_Filling, TWO_FOUR_SEVEN",2026-09-02 16:15:14
0000148413,JALVAYU FILLING STATION BHARAT PETROLEUM DEALERS,JALVAYU FILLING STATION BHARAT PETROLEUM DEALERS,B - BLOCK,LOCAL SHOPPING CENTRE,DELHI,OUTER NORTH DELHI,Delhi,IN-43,110035,"B - BLOCK, LOCAL SHOPPING CENTRE, DELHI, OUTER NORTH DELHI, 110035, India",9891146280,jalvayu148413@bpclretail.in,28.686343,77.157761,"DIESEL, PETROL, SPEED","Automation, Pure_Sure, Air_Filling, TWO_FOUR_SEVEN",2026-09-02 16:15:14
0000198751,MAHADEV FILLING STATION BHARAT PETROLEUM DEALERS,MAHADEV FILLING STATION BHARAT PETROLEUM DEALERS,PUNJAB KHOR,PUNJAB KHOR,DELHI,OUTER NORTH DELHI,Delhi,IN-43,110081,"PUNJAB KHOR, PUNJAB KHOR, DELHI, OUTER NORTH DELHI, 110081, India",8373990996,karanpanwar1006@gmail.com,28.786768,76.962817,"DIESEL, PETROL","Automation, Pure_Sure, Air_Filling, TWO_FOUR_SEVEN",2026-09-02 16:15:14
0000112426,MOOL CHAND SIRI PAL JAIN BHARAT PETROLEUM DEALERS,MOOL CHAND SIRI PAL JAIN BHARAT PETROLEUM DEALERS,"15/1,G.T.KARNAL ROAD,SINGHU BODER",DELHI,DELHI,OUTER NORTH DELHI,Delhi,IN-43,110040,"15/1,G.T.KARNAL ROAD,SINGHU BODER, DELHI, DELHI, OUTER NORTH DELHI, 110040, India",9810021112,moolchand112426@bpclretail.in,28.856247,77.124473,"DIESEL, PETROL, SPEED","Automation, Pure_Sure, Air_Filling, ATM, TWO_FOUR_SEVEN",2026-09-02 16:15:14
0000112430,NEM CHAND TARA CHAND BHARAT PETROLEUM DEALERS,NEM CHAND TARA CHAND BHARAT PETROLEUM DEALERS,"10/7, MILE STONEG.T KARNAL ROAD,",G.T. KARNAL ROAD,DELHI,OUTER NORTH DELHI,Delhi,IN-43,110036,"10/7, MILE STONEG.T KARNAL ROAD,, G.T. KARNAL ROAD, DELHI, OUTER NORTH DELHI, 110036, India",9811101467,vitulahuja112430@yahoo.com,28.796248,77.13908,"DIESEL, PETROL, SPEED","Automation, Pure_Sure, Air_Filling, TWO_FOUR_SEVEN",2026-09-02 16:15:14
0000112431,NEW HARYANA SERVICE STN BHARAT PETROLEUM DEALERS,NEW HARYANA SERVICE STN BHARAT PETROLEUM DEALERS,"DELHI-HARYANA BORDER, ROHTAK ROAD,","DELHI-HARYANA BORDER, ROHTAK ROAD,",DELHI,OUTER NORTH DELHI,Delhi,IN-43,110041,"DELHI-HARYANA BORDER, ROHTAK ROAD,, DELHI-HARYANA BORDER, ROHTAK ROAD,, DELHI, OUTER NORTH DELHI, 110041, India",9050207693,newharyana112431@bpclretail.in,28.688066,76.960351,"DIESEL, PETROL, SPEED","Automation, Pure_Sure, Air_Filling, TWO_FOUR_SEVEN",2026-09-02 16:15:14
0000142283,PAUL S PETRO MART BHARAT PETROLEUM DEALERS,PAUL S PETRO MART BHARAT PETROLEUM DEALERS,ADJOINING NARELA FRUIT MANDI,VILLAGE KHAMPUR,DELHI,OUTER NORTH DELHI,Delhi,IN-43,110036,"ADJOINING NARELA FRUIT MANDI, VILLAGE KHAMPUR, DELHI, OUTER NORTH DELHI, 110036, India",9811036093,pauls142283@bpclretail.in,28.831151,77.13085,"DIESEL, PETROL, SPEED","Automation, Pure_Sure, Air_Filling, TWO_FOUR_SEVEN",2026-09-02 16:15:14
0000131712,VIJAY AGRO CENTRE BHARAT PETROLEUM DEALERS,VIJAY AGRO CENTRE BHARAT PETROLEUM DEALERS,TOURIST COMPLEX VILLAGE TIKRI KALAN,NEW DELHI,DELHI,OUTER NORTH DELHI,Delhi,IN-43,110041,"TOURIST COMPLEX VILLAGE TIKRI KALAN, NEW DELHI, DELHI, OUTER NORTH DELHI, 110041, India",9999148282,vijay131712@bpclretail.in,28.686901,76.980339,"DIESEL, PETROL, SPEED","Automation, Pure_Sure, Air_Filling, TWO_FOUR_SEVEN",2026-09-02 16:15:14
0000198666,VISHWAS FILLING STATION BHARAT PETROLEUM DEALERS,VISHWAS FILLING STATION BHARAT PETROLEUM DEALERS,NARELA ROAD,BAWANA,DELHI,OUTER NORTH DELHI,Delhi,IN-43,110039,"NARELA ROAD, BAWANA, DELHI, OUTER NORTH DELHI, 110039, India",9311149886,vishwasfillingstation2024@gmail.com,28.798088,77.034974,"DIESEL, PETROL, SPEED","Automation, Pure_Sure, Air_Filling, TWO_FOUR_SEVEN",2026-09-02 16:15:14
0000181987,TRIYAMJIT ENERGIES BHARAT PETROLEUM DEALERS,TRIYAMJIT ENERGIES BHARAT PETROLEUM DEALERS,VILLAGE - SULTANPUR DABAS,TEHSIL-NARELA BAWANA KHANJHAWALA RD,NEW DELHI,OUTER NORTH DELHI,Delhi,IN-43,110081,"VILLAGE - SULTANPUR DABAS, TEHSIL-NARELA BAWANA KHANJHAWALA RD, NEW DELHI, OUTER NORTH DELHI, 110081, India",9990805656,triyamj181987@bpclretail.in,28.77453,77.01914,"DIESEL, PETROL, SPEED","Automation, Pure_Sure, Air_Filling, TWO_FOUR_SEVEN",2026-09-02 16:15:14
0000112441,RAJDHANI SERVICE STN. BHARAT PETROLEUM DEALERS,RAJDHANI SERVICE STN. BHARAT PETROLEUM DEALERS,"SEELAMPUR, G.T.KARNAL ROAD,",SAHADARA,DELHI,SHAHDARA,Delhi,IN-43,110053,"SEELAMPUR, G.T.KARNAL ROAD,, SAHADARA, DELHI, SHAHDARA, 110053, India",9312239435,rajdhani112441@bpclretail.in,28.673546,77.278217,"DIESEL, PETROL","Pure_Sure, Air_Filling, TWO_FOUR_SEVEN",2026-09-02 16:15:14
0000149238,BP - VASANT VIHAR BHARAT PETROLEUM CORPN LTD.,BP - VASANT VIHAR BHARAT PETROLEUM CORPN LTD.,VASANT VIHAR,PALAM MARG,DELHI,SOUTH DELHI,Delhi,IN-43,110057,"VASANT VIHAR, PALAM MARG, DELHI, SOUTH DELHI, 110057, India",8527437200,bp149238@bpclretail.in,28.559364,77.171005,"DIESEL, Hi-SPEED DIESEL, PETROL, SPEED, SPEED 100 BS IV","Automation, Pure_Sure, Air_Filling, ATM, TWO_FOUR_SEVEN",2026-09-02 16:15:14
0000156837,BP-GREEN PARK BHARAT PETROLEUM CORPN LTD.,BP-GREEN PARK BHARAT PETROLEUM CORPN LTD.,GREEN PARK EXTENSION,OPP. YUSUF SARAI MARKET,DELHI,SOUTH DELHI,Delhi,IN-43,110016,"GREEN PARK EXTENSION, OPP. YUSUF SARAI MARKET, DELHI, SOUTH DELHI, 110016, India",6005071179,mkumar082026@gmail.com,28.557593,77.206389,"DIESEL, Hi-SPEED DIESEL, PETROL, SPEED, SPEED 100 BS IV","Automation, Air_Filling",2026-09-02 16:15:14
0000112397,BUDH SINGH GULAB SINGH BHARAT PETROLEUM DEALERS,BUDH SINGH GULAB SINGH BHARAT PETROLEUM DEALERS,"LADOO SARAI,MEHRAULI ROAD",MEHRAULI ROAD,DELHI,SOUTH DELHI,Delhi,IN-43,110030,"LADOO SARAI,MEHRAULI ROAD, MEHRAULI ROAD, DELHI, SOUTH DELHI, 110030, India",9811006749,budhsingh112397@bpclretail.in,28.527987,77.189809,"DIESEL, Hi-SPEED DIESEL, PETROL, SPEED, SPEED 100 BS IV","Automation, Pure_Sure, Air_Filling, TWO_FOUR_SEVEN",2026-09-02 16:15:14
0000112429,NAVYUG SERVICE STATION BHARAT PETROLEUM DEALERS,NAVYUG SERVICE STATION BHARAT PETROLEUM DEALERS,"B - BLOCK,G.K.-1",GREATER KAILASH - 1,DELHI,SOUTH DELHI,Delhi,IN-43,110039,"B - BLOCK,G.K.-1, GREATER KAILASH - 1, DELHI, SOUTH DELHI, 110039, India",9910000986,navyug112429@bpclretail.in,28.559181,77.232018,"DIESEL, Hi-SPEED DIESEL, PETROL, SPEED, SPEED 100 BS IV","In_Out, Automation, Pure_Sure, Air_Filling, Parking, TWO_FOUR_SEVEN",2026-09-02 16:15:14
0000112436,PREM SERVICE STATION BHARAT PETROLEUM DEALERS,PREM SERVICE STATION BHARAT PETROLEUM DEALERS,"J.B TITO MARG, ANDREWS GANJ",DELHI,DELHI,SOUTH DELHI,Delhi,IN-43,110049,"J.B TITO MARG, ANDREWS GANJ, DELHI, DELHI, SOUTH DELHI, 110049, India",9999184231,prem112436@bpclretail.in,28.562963,77.232151,"DIESEL, Hi-SPEED DIESEL, PETROL, SPEED, SPEED 100 BS IV","In_Out, Automation, Pure_Sure, Air_Filling, Parking, ATM, TWO_FOUR_SEVEN",2026-09-02 16:15:14
0000112437,PUSHPANJALI BHARAT PETROLEUM DEALERS,PUSHPANJALI BHARAT PETROLEUM DEALERS,"NELSON MANDELA MARG,",VASANT KUNJ -1,DELHI,SOUTH DELHI,Delhi,IN-43,110070,"NELSON MANDELA MARG,, VASANT KUNJ -1, DELHI, SOUTH DELHI, 110070, India",9990490014,pushpanjali112437@bpclretail.in,28.537794,77.153376,"DIESEL, Hi-SPEED DIESEL, PETROL, SPEED, SPEED 100 BS IV","In_Out, Automation, Pure_Sure, Air_Filling, ATM, TWO_FOUR_SEVEN",2026-09-02 16:15:14
0000112444,RAVI FILLING STATION BHARAT PETROLEUM DEALERS,RAVI FILLING STATION BHARAT PETROLEUM DEALERS,SHOPPING CENTRE,MADANGIR,DELHI,SOUTH DELHI,Delhi,IN-43,110062,"SHOPPING CENTRE, MADANGIR, DELHI, SOUTH DELHI, 110062, India",9811331785,ravi112444@bpclretail.in,28.526736,77.233452,"DIESEL, PETROL, SPEED","Automation, Pure_Sure, Air_Filling, TWO_FOUR_SEVEN",2026-09-02 16:15:14
0000112453,SINGH MOTORS BHARAT PETROLEUM DEALERS,SINGH MOTORS BHARAT PETROLEUM DEALERS,"HEMKUND COLONY, NEHRU PLACE",NEHRU PLACE,DELHI,SOUTH DELHI,Delhi,IN-43,110019,"HEMKUND COLONY, NEHRU PLACE, NEHRU PLACE, DELHI, SOUTH DELHI, 110019, India",9810114928,singh112453@bpclretail.in,28.550266,77.247925,"DIESEL, Hi-SPEED DIESEL, PETROL, SPEED, SPEED 100 BS IV","In_Out, Automation, Pure_Sure, Air_Filling, TWO_FOUR_SEVEN",2026-09-02 16:15:14
0000112454,SOAMI SERVICE CENTRE BHARAT PETROLEUM DEALERS,SOAMI SERVICE CENTRE BHARAT PETROLEUM DEALERS,"OUTER RING ROAD - 7,SOAMI NAGAR",SOAMI NAGAR,DELHI,SOUTH DELHI,Delhi,IN-43,110017,"OUTER RING ROAD - 7,SOAMI NAGAR, SOAMI NAGAR, DELHI, SOUTH DELHI, 110017, India",9810063132,soami112454@bpclretail.in,28.542213,77.221023,"DIESEL, Hi-SPEED DIESEL, PETROL, SPEED, SPEED 100 BS IV","In_Out, Automation, Pure_Sure, Air_Filling, TWO_FOUR_SEVEN",2026-09-02 16:15:14
0000112459,VASANT AUTO SERVICES BHARAT PETROLEUM DEALERS,VASANT AUTO SERVICES BHARAT PETROLEUM DEALERS,B-7 VASANT KUNJ COMMUNITY CENTRE,B-7 VASANT KUNJ COMMUNITY CENTRE,DELHI,SOUTH DELHI,Delhi,IN-43,110017,"B-7 VASANT KUNJ COMMUNITY CENTRE, B-7 VASANT KUNJ COMMUNITY CENTRE, DELHI, SOUTH DELHI, 110017, India",9811485353,vasant112459@bpclretail.in,28.526301,77.156154,"DIESEL, Hi-SPEED DIESEL, PETROL, SPEED","Automation, Pure_Sure, Air_Filling, Parking, TWO_FOUR_SEVEN",2026-09-02 16:15:14
0000112383,AIRPORT SERVICE STATION BHARAT PETROLEUM DEALERS,AIRPORT SERVICE STATION BHARAT PETROLEUM DEALERS,MOR POCKET,KALKALJI,DELHI,SOUTH EAST DELHI,Delhi,IN-43,110023,"MOR POCKET, KALKALJI, DELHI, SOUTH EAST DELHI, 110023, India",9810039866,airport112383@bpclretail.in,28.548023,77.256136,"DIESEL, Hi-SPEED DIESEL, PETROL, SPEED, SPEED 100 BS IV","In_Out, Automation, Pure_Sure, Air_Filling, ATM, TWO_FOUR_SEVEN",2026-09-02 16:15:14
0000112387,ANUP SERVICE STATION BHARAT PETROLEUM DEALERS,ANUP SERVICE STATION BHARAT PETROLEUM DEALERS,ALAKNANDA,NEAR KALKA PUBLIC SCHOOL,DELHI,SOUTH EAST DELHI,Delhi,IN-43,110048,"ALAKNANDA, NEAR KALKA PUBLIC SCHOOL, DELHI, SOUTH EAST DELHI, 110048, India",9811684879,anup112387@bpclretail.in,28.531083,77.250927,"DIESEL, PETROL, SPEED","Automation, Pure_Sure, Air_Filling, TWO_FOUR_SEVEN",2026-09-02 16:15:14
0000112391,AUTO CENTRE BHARAT PETROLEUM DEALERS,AUTO CENTRE BHARAT PETROLEUM DEALERS,"D - BLOCK,",DEFENCE COLONY,DELHI,SOUTH EAST DELHI,Delhi,IN-43,110024,"D - BLOCK,, DEFENCE COLONY, DELHI, SOUTH EAST DELHI, 110024, India",9599680481,autocentre112391@bpclretail.in,28.574565,77.237805,"DIESEL, Hi-SPEED DIESEL, PETROL, SPEED, SPEED 100 BS IV","Automation, Pure_Sure, Air_Filling, TWO_FOUR_SEVEN",2026-09-02 16:15:14
0000112392,AUTO GRIT BHARAT PETROLEUM DEALERS,AUTO GRIT BHARAT PETROLEUM DEALERS,"LAL KUAN,BADARPUR,MAHRAULI ROAD",DELHI,DELHI,SOUTH EAST DELHI,Delhi,IN-43,110044,"LAL KUAN,BADARPUR,MAHRAULI ROAD, DELHI, DELHI, SOUTH EAST DELHI, 110044, India",9650393354,autogrit112392@bpclretail.in,28.503042,77.280708,"DIESEL, PETROL, SPEED","Automation, Pure_Sure, Air_Filling, ATM, TWO_FOUR_SEVEN",2026-09-02 16:15:14
0000112393,AUTO REST BHARAT PETROLEUM DEALERS,AUTO REST BHARAT PETROLEUM DEALERS,BADARPUR,BADARPUR,DELHI,SOUTH EAST DELHI,Delhi,IN-43,110044,"BADARPUR, BADARPUR, DELHI, SOUTH EAST DELHI, 110044, India",9899796207,autorest112393@bpclretail.in,28.491806,77.304343,"DIESEL, PETROL, SPEED","In_Out, Automation, Pure_Sure, Air_Filling, ATM, TWO_FOUR_SEVEN",2026-09-02 16:15:14
0000112398,CAR CARE CENTRE BHARAT PETROLEUM DEALERS,CAR CARE CENTRE BHARAT PETROLEUM DEALERS,"NEAR DAYAL SINGH COLLEGE,",LODHI ROAD,DELHI,SOUTH EAST DELHI,Delhi,IN-43,110033,"NEAR DAYAL SINGH COLLEGE,, LODHI ROAD, DELHI, SOUTH EAST DELHI, 110033, India",9650834855,carcare112398@bpclretail.in,28.592184,77.237445,"DIESEL, Hi-SPEED DIESEL, PETROL, SPEED, SPEED 100 BS IV","In_Out, Automation, Pure_Sure, Air_Filling, Parking, ATM, TWO_FOUR_SEVEN",2026-09-02 16:15:14
0000112401,G.S.BHASIN & SONS BHARAT PETROLEUM DEALERS,G.S.BHASIN & SONS BHARAT PETROLEUM DEALERS,"100, HARI NAGAR ASHRAM",DELHI,DELHI,SOUTH EAST DELHI,Delhi,IN-43,110014,"100, HARI NAGAR ASHRAM, DELHI, DELHI, SOUTH EAST DELHI, 110014, India",9810000708,gsbhasin112401@bpclretail.in,28.574322,77.257423,"DIESEL, PETROL, SPEED","Automation, Pure_Sure, Air_Filling, TWO_FOUR_SEVEN",2026-09-02 16:15:14
0000157172,JFJ MOTORS BHARAT PETROLEUM DEALERS,JFJ MOTORS BHARAT PETROLEUM DEALERS,DDA PLOT NO.1,NEAR FCI GODOWN,DELHI,SOUTH EAST DELHI,Delhi,IN-43,110020,"DDA PLOT NO.1, NEAR FCI GODOWN, DELHI, SOUTH EAST DELHI, 110020, India",9811363132,jfj157172@bpclretail.in,28.523274,77.281525,"DIESEL, PETROL, SPEED","Automation, Pure_Sure, Air_Filling, Parking, TWO_FOUR_SEVEN",2026-09-02 16:15:14
0000112434,OKHLA SERVICE CENTRE BHARAT PETROLEUM DEALERS,OKHLA SERVICE CENTRE BHARAT PETROLEUM DEALERS,FRIENDS COLONY,MATHURA ROAD,DELHI,SOUTH EAST DELHI,Delhi,IN-43,110065,"FRIENDS COLONY, MATHURA ROAD, DELHI, SOUTH EAST DELHI, 110065, India",9811621711,okhla112434@bpclretail.in,28.563197,77.264579,"DIESEL, Hi-SPEED DIESEL, PETROL, SPEED, SPEED 100 BS IV","Automation, Pure_Sure, Air_Filling, TWO_FOUR_SEVEN",2026-09-02 16:15:14
0000112445,RING ROAD SERVICE STATION BHARAT PETROLEUM DEALERS,RING ROAD SERVICE STATION BHARAT PETROLEUM DEALERS,NEAR SOUTH EXTENSION,PART 1,DELHI,SOUTH EAST DELHI,Delhi,IN-43,110049,"NEAR SOUTH EXTENSION, PART 1, DELHI, SOUTH EAST DELHI, 110049, India",9811833035,ringroad112445@bpclretail.in,28.569027,77.221925,"DIESEL, Hi-SPEED DIESEL, PETROL, SPEED","In_Out, Automation, Air_Filling",2026-09-02 16:15:14
0000112389,ARAVALI SERVICE STATION BHARAT PETROLEUM DEALERS,ARAVALI SERVICE STATION BHARAT PETROLEUM DEALERS,V & PO RAJOKARI CHOWK,GURGAON ROAD,DELHI,SOUTH WEST DELHI,Delhi,IN-43,110037,"V & PO RAJOKARI CHOWK, GURGAON ROAD, DELHI, SOUTH WEST DELHI, 110037, India",8447759819,aravalis@gmail.com,28.522886,77.099731,"DIESEL, PETROL, SPEED","Automation, Pure_Sure, Air_Filling, TWO_FOUR_SEVEN",2026-09-02 16:15:14
0000163741,B.S DWARKA BHARAT PETROLEUM DEALERS,B.S DWARKA BHARAT PETROLEUM DEALERS,SECTOR 11,DWARKA,DELHI,SOUTH WEST DELHI,Delhi,IN-43,110045,"SECTOR 11, DWARKA, DELHI, SOUTH WEST DELHI, 110045, India",9999969441,bsdwarka163741@bpclretail.in,28.591267,77.04699,"DIESEL, Hi-SPEED DIESEL, PETROL, SPEED, SPEED 100 BS IV","Automation, Pure_Sure, Air_Filling, Parking, TWO_FOUR_SEVEN",2026-09-02 16:15:14
0000156836,BP-NAJAFGARH BHARAT PETROLEUM CORPN LTD.,BP-NAJAFGARH BHARAT PETROLEUM CORPN LTD.,NANGLOI DHANSA BORDER ROAD,NAJAFGARH ROAD,DELHI,SOUTH WEST DELHI,Delhi,IN-43,110043,"NANGLOI DHANSA BORDER ROAD, NAJAFGARH ROAD, DELHI, SOUTH WEST DELHI, 110043, India",,bpnajafgarh156836@bpclretail.in,28.61478,76.97833,,"Pure_Sure, Air_Filling, TWO_FOUR_SEVEN",2026-09-02 16:15:14
0000168723,D.B.PETROTECH BHARAT PETROLEUM DEALERS,D.B.PETROTECH BHARAT PETROLEUM DEALERS,DOMESTIC AIRPORT TERMINAL 1-B,,DELHI,SOUTH WEST DELHI,Delhi,IN-43,110010,"DOMESTIC AIRPORT TERMINAL 1-B, , DELHI, SOUTH WEST DELHI, 110010, India",,db168723@bpclretail.in,28.566441,77.12132,,"Automation, Air_Filling",2026-09-02 16:15:14
0000112408,JAGLAN FILLING STATION BHARAT PETROLEUM DEALERS,JAGLAN FILLING STATION BHARAT PETROLEUM DEALERS,"SECTOR-22, DWARKA",DWARKA,DELHI,SOUTH WEST DELHI,Delhi,IN-43,110045,"SECTOR-22, DWARKA, DWARKA, DELHI, SOUTH WEST DELHI, 110045, India",9999100006,jaglan112408@bpclretail.in,28.556072,77.056641,"DIESEL, PETROL, SPEED","Automation, Pure_Sure, Air_Filling, TWO_FOUR_SEVEN",2026-09-02 16:15:14
0000146411,SHANTI PETROMART BHARAT PETROLEUM DEALERS,SHANTI PETROMART BHARAT PETROLEUM DEALERS,VILLAGE MITROAN,VILLAGE MITROAN,DELHI,SOUTH WEST DELHI,Delhi,IN-43,110043,"VILLAGE MITROAN, VILLAGE MITROAN, DELHI, SOUTH WEST DELHI, 110043, India",9212660606,shanti146411@bpclretail.in,28.608606,76.9525,"DIESEL, PETROL, SPEED","Automation, Pure_Sure, Air_Filling, TWO_FOUR_SEVEN",2026-09-02 16:15:14
0000112451,SHIV SERVICE STATION BHARAT PETROLEUM DEALERS,SHIV SERVICE STATION BHARAT PETROLEUM DEALERS,"SECTOR 1,PHASE 1- DWARKA PURI",DWARKA,DELHI,SOUTH WEST DELHI,Delhi,IN-43,110045,"SECTOR 1,PHASE 1- DWARKA PURI, DWARKA, DELHI, SOUTH WEST DELHI, 110045, India",9999370492,shiv112451@bpclretail.in,28.593855,77.077849,"DIESEL, PETROL, SPEED, SPEED 100 BS IV","Automation, Pure_Sure, Air_Filling, Parking, TWO_FOUR_SEVEN",2026-09-02 16:15:14
0000112390,AUTO CARE BHARAT PETROLEUM DEALERS,AUTO CARE BHARAT PETROLEUM DEALERS,"SHIVAJI PLACE, VISHAL CINEMA ROAD",NEAR RAJOURI GARDEN POLICE STATION,DELHI,WEST DELHI,Delhi,IN-43,110027,"SHIVAJI PLACE, VISHAL CINEMA ROAD, NEAR RAJOURI GARDEN POLICE STATION, DELHI, WEST DELHI, 110027, India",9811162262,autocare112390@bpclretail.in,28.6536,77.118954,"DIESEL, PETROL, SPEED, SPEED 100 BS IV","In_Out, Automation, Pure_Sure, Air_Filling, TWO_FOUR_SEVEN",2026-09-02 16:15:14
0000200922,BP-GOLDEN PARK BHARAT PETROLEUM DEALERS,BP-GOLDEN PARK BHARAT PETROLEUM DEALERS,RAMPURA,RAMPURA,DELHI,WEST DELHI,Delhi,IN-43,110035,"RAMPURA, RAMPURA, DELHI, WEST DELHI, 110035, India",9589068854,bpgoldenpark200922@bpclretail.in,28.6719698,77.1545577,"DIESEL, PETROL, SPEED","Automation, Pure_Sure, Air_Filling, TWO_FOUR_SEVEN",2026-09-02 16:15:14
0000112414,KARTIK AUTO CENTRE BHARAT PETROLEUM DEALERS,KARTIK AUTO CENTRE BHARAT PETROLEUM DEALERS,"H - 3, H - BLOCKVIKASPURI",VIKASPURI,DELHI,WEST DELHI,Delhi,IN-43,110018,"H - 3, H - BLOCKVIKASPURI, VIKASPURI, DELHI, WEST DELHI, 110018, India",9811102244,kartik112414@bpclretail.in,28.648159,77.077278,"DIESEL, PETROL, SPEED","Automation, Pure_Sure, Air_Filling, TWO_FOUR_SEVEN",2026-09-02 16:15:14
0000193915,PAUL S PETRO MART ADHOC BHARAT PETROLEUM DEALERS,PAUL S PETRO MART ADHOC BHARAT PETROLEUM DEALERS,,,DELHI,WEST DELHI,Delhi,IN-43,110023,", , DELHI, WEST DELHI, 110023, India",,paulspetro@yahoo.co.in,28.71035,77.17504,,Air_Filling,2026-09-02 16:15:14
0000134026,ROYAL FILLING STATION - BLOCKE BHARAT PETROLEUM DEALERS,ROYAL FILLING STATION - BLOCKE BHARAT PETROLEUM DEALERS,LOCAL SHOPPING CENTRE,SECTOR A-6,DELHI,WEST DELHI,Delhi,IN-43,110040,"LOCAL SHOPPING CENTRE, SECTOR A-6, DELHI, WEST DELHI, 110040, India",,royal134026@bpclretail.in,28.7040592,77.1024902,,Air_Filling,2026-09-02 16:15:14
0000127090,SAHAS FILLING STATION BHARAT PETROLEUM DEALERS,SAHAS FILLING STATION BHARAT PETROLEUM DEALERS,DISTRICT CENTRE,PASCHIM VIHAR,DELHI,WEST DELHI,Delhi,IN-43,110001,"DISTRICT CENTRE, PASCHIM VIHAR, DELHI, WEST DELHI, 110001, India",9818104579,sahas127090@bpclretail.in,28.667984,77.087537,"DIESEL, PETROL, SPEED","Automation, Pure_Sure, Air_Filling, ATM, TWO_FOUR_SEVEN",2026-09-02 16:15:14
0000259713,SAKSHAM MOTORS ADHOC BHARAT PETROLEUM DEALERS,SAKSHAM MOTORS ADHOC BHARAT PETROLEUM DEALERS,"J - BLOCK,COMMUNITYCENTER",RAJOURI GARDEN,DELHI,WEST DELHI,Delhi,IN-43,110027,"J - BLOCK,COMMUNITYCENTER, RAJOURI GARDEN, DELHI, WEST DELHI, 110027, India",9310444608,sushil.goel2002@gmail.com,28.637231,77.119657,,"Pure_Sure, Air_Filling, TWO_FOUR_SEVEN",2026-09-02 16:15:14
0000112448,SAKSHAM MOTORS BHARAT PETROLEUM DEALERS,SAKSHAM MOTORS BHARAT PETROLEUM DEALERS,"NEAR DEENDAYAL HOSPITAL, HARI NAGAR",HARI NAGAR,DELHI,WEST DELHI,Delhi,IN-43,110044,"NEAR DEENDAYAL HOSPITAL, HARI NAGAR, HARI NAGAR, DELHI, WEST DELHI, 110044, India",9810444608,saksham112448@bpclretail.in,28.630702,77.111362,"DIESEL, PETROL, SPEED","Automation, Pure_Sure, Air_Filling, TWO_FOUR_SEVEN",2026-09-02 16:15:14
0000112450,SHANKAR FILLING STATION BHARAT PETROLEUM DEALERS,SHANKAR FILLING STATION BHARAT PETROLEUM DEALERS,"MADIPUR COMMUNITY CENTRE, MAIN PUN",PUNJABI BAGH,DELHI,WEST DELHI,Delhi,IN-43,110026,"MADIPUR COMMUNITY CENTRE, MAIN PUN, PUNJABI BAGH, DELHI, WEST DELHI, 110026, India",9910707718,shankar112450@bpclretail.in,28.66721,77.11895,"DIESEL, PETROL, SPEED","Automation, Pure_Sure, Air_Filling, TWO_FOUR_SEVEN",2026-09-02 16:15:14
0000244099,SYALL SERVICE STATION ADHOC BHARAT PETROLEUM DEALERS,SYALL SERVICE STATION ADHOC BHARAT PETROLEUM DEALERS,"J - BLOCK,COMMUNITYCENTER",RAJOURI GARDEN,DELHI,WEST DELHI,Delhi,IN-43,110027,"J - BLOCK,COMMUNITYCENTER, RAJOURI GARDEN, DELHI, WEST DELHI, 110027, India",9971390777,amanmahindru777@gmail.com,28.637231,77.119657,,Air_Filling,2026-09-02 16:15:14
0000112456,SYALL SERVICE STATION BHARAT PETROLEUM DEALERS,SYALL SERVICE STATION BHARAT PETROLEUM DEALERS,KIRTI NAGAR INDUSTRIAL AREA,KIRTI NAGAR,DELHI,WEST DELHI,Delhi,IN-43,110015,"KIRTI NAGAR INDUSTRIAL AREA, KIRTI NAGAR, DELHI, WEST DELHI, 110015, India",9971390777,syall112456@bpclretail.in,28.646919,77.140928,"DIESEL, E85, PETROL, SPEED","In_Out, Automation, Pure_Sure, Air_Filling, TWO_FOUR_SEVEN",2026-09-02 16:15:14
0000112458,VAIBHAV FILLING STATION BHARAT PETROLEUM DEALERS,VAIBHAV FILLING STATION BHARAT PETROLEUM DEALERS,COMMUNITY CENTRE A BLOCK VIKASPURI,VIKASPURI,DELHI,WEST DELHI,Delhi,IN-43,110018,"COMMUNITY CENTRE A BLOCK VIKASPURI, VIKASPURI, DELHI, WEST DELHI, 110018, India",9999045322,vaibhav112458@bpclretail.in,28.630418,77.068255,"DIESEL, PETROL, SPEED","In_Out, Automation, Pure_Sure, Air_Filling, TWO_FOUR_SEVEN",2026-09-02 16:15:14
0000188247,VEEJAY SERVICE STATION (ADHOC) BHARAT PETROLEUM DEALERS,VEEJAY SERVICE STATION (ADHOC) BHARAT PETROLEUM DEALERS,,,DELHI,WEST DELHI,Delhi,IN-43,110026,", , DELHI, WEST DELHI, 110026, India",,veejay188247@bpclretail.in,28.6719698,77.1545577,"DIESEL, PETROL, SPEED","Automation, Pure_Sure, Air_Filling, Parking, TWO_FOUR_SEVEN",2026-09-02 16:15:14
0000112465,WELCOME AUTOS BHARAT PETROLEUM DEALERS,WELCOME AUTOS BHARAT PETROLEUM DEALERS,"J - BLOCK,COMMUN.CENTER, RAJOURI G",RAJOURI,DELHI,WEST DELHI,Delhi,IN-43,110027,"J - BLOCK,COMMUN.CENTER, RAJOURI G, RAJOURI, DELHI, WEST DELHI, 110027, India",8287372334,welcome112465@bpclretail.in,28.637231,77.119657,"DIESEL, PETROL, SPEED","Automation, Pure_Sure, Air_Filling, TWO_FOUR_SEVEN",2026-09-02 16:15:14
0000208716,DASHMESH FILLING STATION BHARAT PETROLEUM DEALERS,DASHMESH FILLING STATION BHARAT PETROLEUM DEALERS,VILLAGE-PATTI JATTAN ON NH44,TEHSIL-AMBALA,AMBALA,AMBALA,Haryana,IN-27,134003,"VILLAGE-PATTI JATTAN ON NH44, TEHSIL-AMBALA, AMBALA, AMBALA, 134003, India",7027855600,dashmesh208716@bpclretail.in,30.398004,76.757159,"DIESEL, PETROL","Pure_Sure, Air_Filling, TWO_FOUR_SEVEN",2026-09-02 16:15:14
0000255167,GAUTAM PETROLEUM BHARAT PETROLEUM DEALERS,GAUTAM PETROLEUM BHARAT PETROLEUM DEALERS,"KHASRA NO. 26//8/2/2 , 26//9/2 & 26",AMBALA,AMBALA,AMBALA,Haryana,IN-27,133006,"KHASRA NO. 26//8/2/2 , 26//9/2 & 26, AMBALA, AMBALA, AMBALA, 133006, India",9467294545,ramangautam821@gmail.com,30.406467,76.785491,"DIESEL, PETROL, SPEED","Pure_Sure, Air_Filling, TWO_FOUR_SEVEN",2026-09-02 16:15:14
0000209261,JAI MAHADEV FILLING STATION BHARAT PETROLEUM DEALERS,JAI MAHADEV FILLING STATION BHARAT PETROLEUM DEALERS,GEETANAGRI ROAD,NEAR MOTOR MARKET,AMBALA,AMBALA,Haryana,IN-27,134003,"GEETANAGRI ROAD, NEAR MOTOR MARKET, AMBALA, AMBALA, 134003, India",8295430490,akhilgautam66@gmail.com,30.398037,76.785671,"DIESEL, PETROL","Pure_Sure, Air_Filling, TWO_FOUR_SEVEN",2026-09-02 16:15:14
0000170884,KAMBOJ FILLING STATION BHARAT PETROLEUM DEALERS,KAMBOJ FILLING STATION BHARAT PETROLEUM DEALERS,"NH22 ,HARYANA PUNJAB BORDER",NEAR OMAXE COMPLEX,AMBALA,AMBALA,Haryana,IN-27,134007,"NH22 ,HARYANA PUNJAB BORDER, NEAR OMAXE COMPLEX, AMBALA, AMBALA, 134007, India",8905500001,kamboj170884@bpclretail.in,30.421139,76.781309,"DIESEL, PETROL, SPEED","Automation, Pure_Sure, Air_Filling, Parking, TWO_FOUR_SEVEN",2026-09-02 16:15:14
0000225730,MAA JWALA FILLING STATION BHARAT PETROLEUM DEALERS,MAA JWALA FILLING STATION BHARAT PETROLEUM DEALERS,KAKAR MAJRA,TEHSIL NARAINGARH,AMBALA,AMBALA,Haryana,IN-27,134202,"KAKAR MAJRA, TEHSIL NARAINGARH, AMBALA, AMBALA, 134202, India",9811980056,maajwalafs225730@bpclretail.in,30.474942,77.021489,"DIESEL, PETROL","Pure_Sure, Air_Filling, TWO_FOUR_SEVEN",2026-09-02 16:15:14
0000253670,MITTAL FILLING STATION BHARAT PETROLEUM DEALERS,MITTAL FILLING STATION BHARAT PETROLEUM DEALERS,VILLAGE LALPUR,VILLAGE LALPUR,AMBALA,AMBALA,Haryana,IN-27,134203,"VILLAGE LALPUR, VILLAGE LALPUR, AMBALA, AMBALA, 134203, India",9050403499,mandeep03499@gmail.com,30.375843,77.110864,"DIESEL, PETROL","Pure_Sure, Air_Filling, TWO_FOUR_SEVEN",2026-09-02 16:15:14
0000235394,PANKAJ FILLING STATION BHARAT PETROLEUM DEALERS,PANKAJ FILLING STATION BHARAT PETROLEUM DEALERS,"VILLAGE AKBARPUR, NH 07",VILLAGE AMBALA,AMBALA,AMBALA,Haryana,IN-27,134203,"VILLAGE AKBARPUR, NH 07, VILLAGE AMBALA, AMBALA, AMBALA, 134203, India",7842400001,pankaj.aggarwal1182@gmail.com,30.467403,77.09019,"DIESEL, PETROL","Automation, Pure_Sure, Air_Filling, TWO_FOUR_SEVEN",2026-09-02 16:15:14
0000225744,SIRI HARKRISHAN FILLING STATIO BHARAT PETROLEUM DEALERS,SIRI HARKRISHAN FILLING STATIO BHARAT PETROLEUM DEALERS,JATWAR,TEHSIL NARAINGARH,AMBALA,AMBALA,Haryana,IN-27,134201,"JATWAR, TEHSIL NARAINGARH, AMBALA, AMBALA, 134201, India",9416103927,siriharkrishanfs225744@bpclretail.in,30.432173,76.930235,"DIESEL, PETROL","Pure_Sure, Air_Filling, TWO_FOUR_SEVEN",2026-09-02 16:15:14
0000221495,VARDAAN FUEL PARK BHARAT PETROLEUM DEALERS,VARDAAN FUEL PARK BHARAT PETROLEUM DEALERS,PATTI JATTAN,TEHSIL AMBALA,AMBALA,AMBALA,Haryana,IN-27,134003,"PATTI JATTAN, TEHSIL AMBALA, AMBALA, AMBALA, 134003, India",9815911079,vardaanfuelpark221495@bpclretail.in,30.408817,76.759048,"DIESEL, PETROL","Pure_Sure, Air_Filling, TWO_FOUR_SEVEN",2026-09-02 16:15:14
0000154628,KARGIL SHAHEED FILLING STATION BHARAT PETROLEUM DEALERS,KARGIL SHAHEED FILLING STATION BHARAT PETROLEUM DEALERS,DHULKOTE,NEAR BALDEV NAGAR CHOWK,AMBALA CITY,AMBALA,Haryana,IN-27,134003,"DHULKOTE, NEAR BALDEV NAGAR CHOWK, AMBALA CITY, AMBALA, 134003, India",7027765600,kargil154628@bpclretail.in,30.394321,76.789681,,"Automation, Air_Filling",2026-09-02 16:15:14
0000261235,UNITY FILLING STATION BHARAT PETROLEUM DEALERS,UNITY FILLING STATION BHARAT PETROLEUM DEALERS,"KHASRA NUMBER 138//2/1, 138//1/2/2","VILLAGE JATWAR, TESHIL SHAHZADPUR",JATWAR,AMBALA,Haryana,IN-27,134201,"KHASRA NUMBER 138//2/1, 138//1/2/2, VILLAGE JATWAR, TESHIL SHAHZADPUR, JATWAR, AMBALA, 134201, India",9417248295,devimemo@gmail.com,30.428947,76.934685,"DIESEL, PETROL","Pure_Sure, Air_Filling, TWO_FOUR_SEVEN",2026-09-02 16:15:14
0000116354,ADARSH FILLING STATION BHARAT PETROLEUM DEALERS,ADARSH FILLING STATION BHARAT PETROLEUM DEALERS,"NARAINGARH-KALA AMB ROAD, NH-72",AMBALA,NARAINGARH,AMBALA,Haryana,IN-27,134203,"NARAINGARH-KALA AMB ROAD, NH-72, AMBALA, NARAINGARH, AMBALA, 134203, India",9896801674,adarsh116354@bpclretail.in,30.474641,77.132706,"DIESEL, PETROL, SPEED","Automation, Pure_Sure, Air_Filling, TWO_FOUR_SEVEN",2026-09-02 16:15:14
0000183824,KIRAN FILLING STATION BHARAT PETROLEUM DEALERS,KIRAN FILLING STATION BHARAT PETROLEUM DEALERS,VILLAGE KURALI,NARAINGARH KALPI ROAD,NARAINGARH,AMBALA,Haryana,IN-27,134203,"VILLAGE KURALI, NARAINGARH KALPI ROAD, NARAINGARH, AMBALA, 134203, India",8295444019,kiranfi183824@bpclretail.in,30.40672,77.076555,"DIESEL, PETROL","Automation, Pure_Sure, Air_Filling, TWO_FOUR_SEVEN",2026-09-02 16:15:14
0000140279,SHIVA PETROL SERVICE BHARAT PETROLEUM DEALERS,SHIVA PETROL SERVICE BHARAT PETROLEUM DEALERS,"VILLAGE HUSSAINI, RAIPUR RANI ROAD",SH-18,NARAINGARH,AMBALA,Haryana,IN-27,134203,"VILLAGE HUSSAINI, RAIPUR RANI ROAD, SH-18, NARAINGARH, AMBALA, 134203, India",8283832725,shiva140279@bpclretail.in,30.494789,77.122582,"DIESEL, PETROL, SPEED","Automation, Pure_Sure, Air_Filling, TWO_FOUR_SEVEN",2026-09-02 16:15:14
0000173328,KHALSA FILLING STAITON BHARAT PETROLEUM DEALERS,KHALSA FILLING STAITON BHARAT PETROLEUM DEALERS,"AMBALA-CHANDIGARH ROAD, NH-22",AMBALA,SADDOPUR,AMBALA,Haryana,IN-27,134003,"AMBALA-CHANDIGARH ROAD, NH-22, AMBALA, SADDOPUR, AMBALA, 134003, India",7027785600,khalsa173328@bpclretail.in,30.414835,76.782662,"DIESEL, PETROL, SPEED","Automation, Pure_Sure, Air_Filling, TWO_FOUR_SEVEN",2026-09-02 16:15:14
0000188612,FATEH FILLING STATION BHARAT PETROLEUM DEALERS,FATEH FILLING STATION BHARAT PETROLEUM DEALERS,VILLAGE MANDOUR,NH72 AMBALA-NARAINGARH ROAD,AMBALA,AMBALA HARYANA,Haryana,IN-27,134003,"VILLAGE MANDOUR, NH72 AMBALA-NARAINGARH ROAD, AMBALA, AMBALA HARYANA, 134003, India",7027765600,fatehfilling188612@bpclretail.in,30.397119,76.815371,"DIESEL, PETROL, SPEED","Automation, Pure_Sure, Air_Filling, TWO_FOUR_SEVEN",2026-09-02 16:15:14
0000171824,REST N REFUEL BHARAT PETROLEUM DEALERS,REST N REFUEL BHARAT PETROLEUM DEALERS,"VILLAGE DERA, AMBALA KALA AMB ROAD,","TEHSIL NARAINGARH,",DERA,AMBALA HARYANA,Haryana,IN-27,134003,"VILLAGE DERA, AMBALA KALA AMB ROAD,, TEHSIL NARAINGARH,, DERA, AMBALA HARYANA, 134003, India",9896923423,restnre171824@bpclretail.in,30.493628,77.19128,"DIESEL, PETROL","Automation, Pure_Sure, Air_Filling, TWO_FOUR_SEVEN",2026-09-02 16:15:14
0000187219,MANMOHAN SERVICE CENTRE (ADHOC BHARAT PETROLEUM DEALERS,MANMOHAN SERVICE CENTRE (ADHOC BHARAT PETROLEUM DEALERS,"NARAINGARH-KALA AMB ROAD, NH-72",,NARAINGARH,AMBALA HARYANA,Haryana,IN-27,134203,"NARAINGARH-KALA AMB ROAD, NH-72, , NARAINGARH, AMBALA HARYANA, 134203, India",,manmoha187219@bpclretail.in,30.474798,77.132731,,Air_Filling,2026-09-02 16:15:14
0000117092,TARA CHAND SALUJA & SONS BHARAT PETROLEUM DEALERS,TARA CHAND SALUJA & SONS BHARAT PETROLEUM DEALERS,DELHI MATHURA ROAD NH-2,FARIDABAD,BALLABHGARH,FARIDABAD,Haryana,IN-27,121004,"DELHI MATHURA ROAD NH-2, FARIDABAD, BALLABHGARH, FARIDABAD, 121004, India",9811282322,tarachand117092@bpclretail.in,28.33519936,77.31529999,"DIESEL, PETROL, SPEED","Automation, Pure_Sure, Air_Filling, Parking, TWO_FOUR_SEVEN",2026-09-02 16:15:14
0000117093,VIKAS FILLING STATION BHARAT PETROLEUM DEALERS,VIKAS FILLING STATION BHARAT PETROLEUM DEALERS,"""VILLAGE JHARSAINTLI ,DELHI -MATHUR",BALLABHGARH,BALLABHGARH,FARIDABAD,Haryana,IN-27,121004,"""VILLAGE JHARSAINTLI ,DELHI -MATHUR, BALLABHGARH, BALLABHGARH, FARIDABAD, 121004, India",9873232232,vikas117093@bpclretail.in,28.303405,77.361551,"DIESEL, PETROL, SPEED","Automation, Pure_Sure, Air_Filling, Parking, TWO_FOUR_SEVEN",2026-09-02 16:15:14
0000210987,BP 69 BHARAT PETROLEUM DEALERS,BP 69 BHARAT PETROLEUM DEALERS,BHARAT PETROLEUM CORPORATION LTD,"IMT, SECTOR 69",FARIDABAD,FARIDABAD,Haryana,IN-27,121004,"BHARAT PETROLEUM CORPORATION LTD, IMT, SECTOR 69, FARIDABAD, FARIDABAD, 121004, India",8377975290,bp210987@bpclretail.in,28.330729,77.349417,"DIESEL, PETROL, SPEED","Automation, Pure_Sure, Air_Filling, TWO_FOUR_SEVEN",2026-09-02 16:15:14
0000261264,DEEP FILLING STATION BHARAT PETROLEUM DEALERS,DEEP FILLING STATION BHARAT PETROLEUM DEALERS,VILLAGE MOHALA,TEHSIL BALLABGARH,FARIDABAD,FARIDABAD,Haryana,IN-27,121004,"VILLAGE MOHALA, TEHSIL BALLABGARH, FARIDABAD, FARIDABAD, 121004, India",9999689048,cc261264@bpclretail.in,28.272428,77.255187,"DIESEL, PETROL","Pure_Sure, Air_Filling, TWO_FOUR_SEVEN",2026-09-02 16:15:14
0000265961,DULICHAND FILLING STATION BHARAT PETROLEUM DEALERS,DULICHAND FILLING STATION BHARAT PETROLEUM DEALERS,VILLAGE ATALI,DISTRICT FARIDABAD,FARIDABAD,FARIDABAD,Haryana,IN-27,121004,"VILLAGE ATALI, DISTRICT FARIDABAD, FARIDABAD, FARIDABAD, 121004, India",9871122984,dulichandfillingstation@gmail.com,28.29091,77.4256,"DIESEL, PETROL",Air_Filling,2026-09-02 16:15:14
0000219409,FAHEEM FILLING STATION BHARAT PETROLEUM DEALERS,FAHEEM FILLING STATION BHARAT PETROLEUM DEALERS,VILLAGE ATERNA,BALLABHGARH,FARIDABAD,FARIDABAD,Haryana,IN-27,121004,"VILLAGE ATERNA, BALLABHGARH, FARIDABAD, FARIDABAD, 121004, India",8816042652,faheemfs219409@bpclretail.in,28.226512,77.412941,"DIESEL, PETROL","Automation, Pure_Sure, Air_Filling, TWO_FOUR_SEVEN",2026-09-02 16:15:14
0000176056,HR 87 BHARAT PETROLEUM DEALERS,HR 87 BHARAT PETROLEUM DEALERS,"SECTROR-87, VILL BASELWA,",NEAR MODERN DPS,FARIDABAD,FARIDABAD,Haryana,IN-27,121002,"SECTROR-87, VILL BASELWA,, NEAR MODERN DPS, FARIDABAD, FARIDABAD, 121002, India",9811889198,hr87176056@bpclretail.in,28.414677,77.334564,"DIESEL, PETROL, SPEED","Automation, Pure_Sure, Air_Filling, TWO_FOUR_SEVEN",2026-09-02 16:15:14
0000250331,MONIKA FILLING STATION BHARAT PETROLEUM DEALERS,MONIKA FILLING STATION BHARAT PETROLEUM DEALERS,VILLAGE MAUJPUR DAYALPUR CHAINNSA,"ROAD, DIST FARIDABAD",FARIDABAD,FARIDABAD,Haryana,IN-27,121004,"VILLAGE MAUJPUR DAYALPUR CHAINNSA, ROAD, DIST FARIDABAD, FARIDABAD, FARIDABAD, 121004, India",9891578293,cc250331@bpclretail.in,28.2952066,77.4365038,"DIESEL, PETROL","Automation, Pure_Sure, Air_Filling, TWO_FOUR_SEVEN",2026-09-02 16:15:14
0000148573,NAHAR FUELS BHARAT PETROLEUM DEALERS,NAHAR FUELS BHARAT PETROLEUM DEALERS,VILLAGE LAKARPUR,SURAJKUND,FARIDABAD,FARIDABAD,Haryana,IN-27,121009,"VILLAGE LAKARPUR, SURAJKUND, FARIDABAD, FARIDABAD, 121009, India",9871097314,nahar148573@bpclretail.in,28.483748,77.289333,"DIESEL, PETROL, SPEED","In_Out, Automation, Pure_Sure, Air_Filling, TWO_FOUR_SEVEN",2026-09-02 16:15:14
0000202342,NARWAT FILLING STATION BHARAT PETROLEUM DEALERS,NARWAT FILLING STATION BHARAT PETROLEUM DEALERS,ON KHERI MAJHAWALI ROAD,VILLAGE KHERI KALAN,FARIDABAD,FARIDABAD,Haryana,IN-27,121008,"ON KHERI MAJHAWALI ROAD, VILLAGE KHERI KALAN, FARIDABAD, FARIDABAD, 121008, India",9811191360,bachu.singh2010@gmail.com,28.418051,77.360011,"DIESEL, PETROL","Automation, Pure_Sure, Air_Filling, TWO_FOUR_SEVEN",2026-09-02 16:15:14
0000194220,NAVIN FUELS BHARAT PETROLEUM DEALERS,NAVIN FUELS BHARAT PETROLEUM DEALERS,"HUDA SITE NO.2, BYPASS ROAD",SECTOR 9,FARIDABAD,FARIDABAD,Haryana,IN-27,121006,"HUDA SITE NO.2, BYPASS ROAD, SECTOR 9, FARIDABAD, FARIDABAD, 121006, India",9711077876,navin194220@bpclretail.in,28.371757,77.338347,"DIESEL, PETROL, SPEED, SPEED 100 BS IV","Automation, Pure_Sure, Air_Filling, TWO_FOUR_SEVEN",2026-09-02 16:15:14
0000254293,SHIV BHOLE FILLING STATION BHARAT PETROLEUM DEALERS,SHIV BHOLE FILLING STATION BHARAT PETROLEUM DEALERS,VILLAGE WAZIRPUR SECTOR 87,FARIDABAD,FARIDABAD,FARIDABAD,Haryana,IN-27,121003,"VILLAGE WAZIRPUR SECTOR 87, FARIDABAD, FARIDABAD, FARIDABAD, 121003, India",8800833571,cc254293@bpclretail.in,28.428701,77.348482,"DIESEL, PETROL, SPEED","Automation, Pure_Sure, Air_Filling, TWO_FOUR_SEVEN",2026-09-02 16:15:14
0000188970,SHREE SHYAM FUELS BHARAT PETROLEUM DEALERS,SHREE SHYAM FUELS BHARAT PETROLEUM DEALERS,VILLAGE PALI,SOHNA BALLABHGARH ROAD,FARIDABAD,FARIDABAD,Haryana,IN-27,121005,"VILLAGE PALI, SOHNA BALLABHGARH ROAD, FARIDABAD, FARIDABAD, 121005, India",9311219093,shreesh188970@bpclretail.in,28.36949921,77.25379944,"DIESEL, PETROL","Automation, Pure_Sure, Air_Filling, TWO_FOUR_SEVEN",2026-09-02 16:15:14
0000251749,SHRI RAGHUVAR ENTERPRISES BHARAT PETROLEUM DEALERS,SHRI RAGHUVAR ENTERPRISES BHARAT PETROLEUM DEALERS,VILLAGE AGWANPUR,FARIDABAD,FARIDABAD,FARIDABAD,Haryana,IN-27,121003,"VILLAGE AGWANPUR, FARIDABAD, FARIDABAD, FARIDABAD, 121003, India",7289807289,cc251749@bpclretail.in,28.48936462,77.33680725,"DIESEL, PETROL","Automation, Pure_Sure, Air_Filling, TWO_FOUR_SEVEN",2026-09-02 16:15:14
0000221855,SHRI RAGHUVAR FILLING STATION BHARAT PETROLEUM DEALERS,SHRI RAGHUVAR FILLING STATION BHARAT PETROLEUM DEALERS,ON TIGAON TO MAJHAWALI ROAD,FARIDABAD,FARIDABAD,FARIDABAD,Haryana,IN-27,121101,"ON TIGAON TO MAJHAWALI ROAD, FARIDABAD, FARIDABAD, FARIDABAD, 121101, India",7289807289,shriraghuvarfs221855@bpclretail.in,28.353527,77.445587,"DIESEL, PETROL","Automation, Pure_Sure, Air_Filling, TWO_FOUR_SEVEN",2026-09-02 16:15:14
0000262867,SOM FILLING STATION BHARAT PETROLEUM DEALERS,SOM FILLING STATION BHARAT PETROLEUM DEALERS,"SECTOR 82, VILLAGE BHATOLA",TEHSIL FARIDABAD,FARIDABAD,FARIDABAD,Haryana,IN-27,121004,"SECTOR 82, VILLAGE BHATOLA, TEHSIL FARIDABAD, FARIDABAD, FARIDABAD, 121004, India",8796561879,pankajkush6@gmail.com,28.39233,77.364364,"DIESEL, PETROL, SPEED",Air_Filling,2026-09-02 16:15:14
0000117091,TARA CHAND SALUJA & SONS BHARAT PETROLEUM DEALERS,TARA CHAND SALUJA & SONS BHARAT PETROLEUM DEALERS,"NEW TOWNSHIP ,OPPOSITE NEELAM CINE",FARIDABAD,FARIDABAD,FARIDABAD,Haryana,IN-27,121001,"NEW TOWNSHIP ,OPPOSITE NEELAM CINE, FARIDABAD, FARIDABAD, FARIDABAD, 121001, India",9911119300,tarachand117091@bpclretail.in,28.392486,77.304436,"DIESEL, PETROL, SPEED, SPEED 100 BS IV","Automation, Pure_Sure, Air_Filling, TWO_FOUR_SEVEN",2026-09-02 16:15:14
0000117094,TULIP SERVICE STATION BHARAT PETROLEUM DEALERS,TULIP SERVICE STATION BHARAT PETROLEUM DEALERS,"DIVIDING ROAD SECTOR 3-4 ,SECTOR-4",FARIDABAD,FARIDABAD,FARIDABAD,Haryana,IN-27,121004,"DIVIDING ROAD SECTOR 3-4 ,SECTOR-4, FARIDABAD, FARIDABAD, FARIDABAD, 121004, India",9910498810,tulip117094@bpclretail.in,28.347196,77.329993,"DIESEL, PETROL, SPEED","Automation, Pure_Sure, Air_Filling, ATM, TWO_FOUR_SEVEN",2026-09-02 16:15:14
0000171621,USHA HIGHWAY FILLING STATION BHARAT PETROLEUM DEALERS,USHA HIGHWAY FILLING STATION BHARAT PETROLEUM DEALERS,"OPP. TOYOTA SHOWROOM, MEWLA MAHARAJ","KM STONE 24, NH-2(DELHI-MATHURA ROA",FARIDABAD,FARIDABAD,Haryana,IN-27,121003,"OPP. TOYOTA SHOWROOM, MEWLA MAHARAJ, KM STONE 24, NH-2(DELHI-MATHURA ROA, FARIDABAD, FARIDABAD, 121003, India",9873686644,usha171621@bpclretail.in,28.442212,77.307914,"DIESEL, PETROL, SPEED, SPEED 100 BS IV","Automation, Pure_Sure, Air_Filling, TWO_FOUR_SEVEN",2026-09-02 16:15:14
0000220953,V.B. FUELS BHARAT PETROLEUM DEALERS,V.B. FUELS BHARAT PETROLEUM DEALERS,BADHKAL PIYAO TO PALI POLICE CHOWKI,FARIDABAD GURGAON ROAD,FARIDABAD,FARIDABAD,Haryana,IN-27,121004,"BADHKAL PIYAO TO PALI POLICE CHOWKI, FARIDABAD GURGAON ROAD, FARIDABAD, FARIDABAD, 121004, India",9811511978,vbfuels220953@bpclretail.in,28.403381,77.271667,"DIESEL, PETROL, SPEED","Automation, Pure_Sure, Air_Filling, TWO_FOUR_SEVEN",2026-09-02 16:15:14
0000247094,SHREE KHATUSHYAM JI FILLING ST BHARAT PETROLEUM DEALERS,SHREE KHATUSHYAM JI FILLING ST BHARAT PETROLEUM DEALERS,VILLAGE KARNERA,BALLABHGARH FARIDABAD,FARIDBAD,FARIDABAD,Haryana,IN-27,121004,"VILLAGE KARNERA, BALLABHGARH FARIDABAD, FARIDBAD, FARIDABAD, 121004, India",7678536678,cc247094@bpclretail.in,28.307321,77.254739,"DIESEL, PETROL, SPEED","Automation, Pure_Sure, Air_Filling, TWO_FOUR_SEVEN",2026-09-02 16:15:14
0000127518,BP-PIYALA COMPANY OWNED COMPANY OPERATED,BP-PIYALA COMPANY OWNED COMPANY OPERATED,"PIYALA- DEEG ROAD, TEHSIL BALLABHG",VILLAGE PIYALA,PIYALA,FARIDABAD,Haryana,IN-27,121004,"PIYALA- DEEG ROAD, TEHSIL BALLABHG, VILLAGE PIYALA, PIYALA, FARIDABAD, 121004, India",9899308417,bp127518@bpclretail.in,28.303231,77.301311,"DIESEL, PETROL, SPEED","Automation, Pure_Sure, Air_Filling, TWO_FOUR_SEVEN",2026-09-02 16:15:14
0000251102,MAA SHEHZADI FILLING STATION BHARAT PETROLEUM DEALERS,MAA SHEHZADI FILLING STATION BHARAT PETROLEUM DEALERS,VILLAGE TIGAON,FARIDABAD,TIGAON VILLAGE,FARIDABAD,Haryana,IN-27,121004,"VILLAGE TIGAON, FARIDABAD, TIGAON VILLAGE, FARIDABAD, 121004, India",7289807289,cc251102@bpclretail.in,28.36490059,77.38834381,"DIESEL, PETROL","Automation, Air_Filling",2026-09-02 16:15:14
0000167773,SHREE SHYAM ENERGY BHARAT PETROLEUM DEALERS,SHREE SHYAM ENERGY BHARAT PETROLEUM DEALERS,TRANSPORT NAGAR,SECTOR-58,FARIDABAD,"FARIDABAD, HARYANA",Haryana,IN-27,121004,"TRANSPORT NAGAR, SECTOR-58, FARIDABAD, FARIDABAD, HARYANA, 121004, India",9811852944,shyam167773@bpclretail.in,28.303744,77.299747,"DIESEL, PETROL","Automation, Pure_Sure, Air_Filling, TWO_FOUR_SEVEN",2026-09-02 16:15:14
0000158373,ABHI BHAVI FILLING STATION BHARAT PETROLEUM DEALERS,ABHI BHAVI FILLING STATION BHARAT PETROLEUM DEALERS,BHARAT PETROLEUM DEALER,"PLOT NO. 1, SECTOR 14",Faridabad,"FARIDABAD, HARYANA",Haryana,IN-27,121001,"BHARAT PETROLEUM DEALER, PLOT NO. 1, SECTOR 14, Faridabad, FARIDABAD, HARYANA, 121001, India",9891960919,abhi158373@bpclretail.in,28.401621,77.334428,"DIESEL, PETROL, SPEED","Automation, Pure_Sure, Air_Filling, Parking, TWO_FOUR_SEVEN",2026-09-02 16:15:14
0000158372,GURU MAA VARSHA FILLING STATIO BHARAT PETROLEUM DEALERS,GURU MAA VARSHA FILLING STATIO BHARAT PETROLEUM DEALERS,BHARAT PETROLEUM DEALER,VILLAGE PALI,Faridabad,"FARIDABAD, HARYANA",Haryana,IN-27,121005,"BHARAT PETROLEUM DEALER, VILLAGE PALI, Faridabad, FARIDABAD, HARYANA, 121005, India",9811517561,guru158372@bpclretail.in,28.38506,77.249738,"DIESEL, PETROL","Automation, Pure_Sure, Air_Filling, TWO_FOUR_SEVEN",2026-09-02 16:15:14
0000165027,PT.MOHAN LAL & SONS FILLING ST BHARAT PETROLEUM DEALERS,PT.MOHAN LAL & SONS FILLING ST BHARAT PETROLEUM DEALERS,BADHKAL -PALI ROAD,BADHKAL,Faridabad,"FARIDABAD, HARYANA",Haryana,IN-27,121001,"BADHKAL -PALI ROAD, BADHKAL, Faridabad, FARIDABAD, HARYANA, 121001, India",9810241598,ptmohanlal165027@bpclretail.in,28.40883,77.281666,"DIESEL, PETROL, SPEED","Automation, Pure_Sure, Air_Filling, TWO_FOUR_SEVEN",2026-09-02 16:15:14
0000155820,SHREE SAI OIL COMPANY BHARAT PETROLEUM DEALERS,SHREE SAI OIL COMPANY BHARAT PETROLEUM DEALERS,BALLABGARH - SOHNA ROAD,"SECTOR - 23, FARIDABAD",Faridabad,"FARIDABAD, HARYANA",Haryana,IN-27,121005,"BALLABGARH - SOHNA ROAD, SECTOR - 23, FARIDABAD, Faridabad, FARIDABAD, HARYANA, 121005, India",9312409150,sai155820@bpclretail.in,28.348867,77.296438,"DIESEL, PETROL, SPEED","Automation, Pure_Sure, Air_Filling, TWO_FOUR_SEVEN",2026-09-02 16:15:14
0000175165,METRO FILLING STATION BHARAT PETROLEUM DEALERS,METRO FILLING STATION BHARAT PETROLEUM DEALERS,GOTHRA MOHBATABAD,SOHNA-BALLABGARH ROAD,GOTHRA-MOHBATABAD,"FARIDABAD, HARYANA",Haryana,IN-27,121004,"GOTHRA MOHBATABAD, SOHNA-BALLABGARH ROAD, GOTHRA-MOHBATABAD, FARIDABAD, HARYANA, 121004, India",9654229969,metro175165@bpclretail.in,28.367645,77.224923,"DIESEL, PETROL","Automation, Pure_Sure, Air_Filling, Parking, TWO_FOUR_SEVEN",2026-09-02 16:15:14
0000127514,BP-BILASPUR BHARAT PETROLEUM CORPORATION L,BP-BILASPUR BHARAT PETROLEUM CORPORATION L,"DELHI -JAIPUR , NH-8 ,KMSTONE 60 ,",BILASPUR,BILASPUR,GURGAON,Haryana,IN-27,122413,"DELHI -JAIPUR , NH-8 ,KMSTONE 60 ,, BILASPUR, BILASPUR, GURGAON, 122413, India",9999031077,bp127514@bpclretail.in,28.29347,76.865813,"DIESEL, E85, PETROL, SPEED","Automation, Pure_Sure, Air_Filling, TWO_FOUR_SEVEN",2026-09-02 16:15:14
0000117089,MURLIDHAR VIJAY KUMAR BHARAT PETROLEUM DEALERS,MURLIDHAR VIJAY KUMAR BHARAT PETROLEUM DEALERS,DELHI-JAIPUR ROAD,BILASPUR,BILASPUR,GURGAON,Haryana,IN-27,122413,"DELHI-JAIPUR ROAD, BILASPUR, BILASPUR, GURGAON, 122413, India",8882224440,murlidhar117089@bpclretail.in,28.293909,76.865695,"DIESEL, PETROL","Pure_Sure, Air_Filling, TWO_FOUR_SEVEN",2026-09-02 16:15:14
0000145666,KAMAKHYA FUEL POINT BHARAT PETROLEUM DEALERS,KAMAKHYA FUEL POINT BHARAT PETROLEUM DEALERS,BODHA KALAN,NH-8 DELHI JAIPUR ROAD,BODHAKALAN,GURGAON,Haryana,IN-27,122413,"BODHA KALAN, NH-8 DELHI JAIPUR ROAD, BODHAKALAN, GURGAON, 122413, India",9812277799,kamakhya145666@bpclretail.in,28.276786,76.846898,"DIESEL, PETROL","Automation, Pure_Sure, Air_Filling, Parking, TWO_FOUR_SEVEN",2026-09-02 16:15:14
0000205120,SHRI ROHTASH PETRO HUB BHARAT PETROLEUM DEALERS,SHRI ROHTASH PETRO HUB BHARAT PETROLEUM DEALERS,VILL BOHDA KALAN,BILASPUR - PATAUDI ROAD,"BOHDA KALAN, PATAUDI",GURGAON,Haryana,IN-27,122506,"VILL BOHDA KALAN, BILASPUR - PATAUDI ROAD, BOHDA KALAN, PATAUDI, GURGAON, 122506, India",8965000028,shree205120@bpclretail.in,28.3031196,76.8287293,"DIESEL, PETROL","Automation, Pure_Sure, Air_Filling, TWO_FOUR_SEVEN",2026-09-02 16:15:14
0000256969,SHREE SHYAM PETROMART BHARAT PETROLEUM DEALERS,SHREE SHYAM PETROMART BHARAT PETROLEUM DEALERS,VILLAGE DABODA,TEHSIL FARRUKHNAGAR,FARRUKHNAGAR,GURGAON,Haryana,IN-27,124507,"VILLAGE DABODA, TEHSIL FARRUKHNAGAR, FARRUKHNAGAR, GURGAON, 124507, India",9990688882,cc256969@bpclretail.in,28.4234851,76.79217,"DIESEL, PETROL","Pure_Sure, Air_Filling, TWO_FOUR_SEVEN",2026-09-02 16:15:14
0000216373,BHAVIKA FUELS BHARAT PETROLEUM DEALERS,BHAVIKA FUELS BHARAT PETROLEUM DEALERS,VILLAGE KHURRAMPUR KHEDA,HAILYMANDI ROAD,FARUKHNAGAR,GURGAON,Haryana,IN-27,122506,"VILLAGE KHURRAMPUR KHEDA, HAILYMANDI ROAD, FARUKHNAGAR, GURGAON, 122506, India",9313701562,cc216373@bpclretail.in,28.44626,76.77727,"DIESEL, PETROL","Pure_Sure, Air_Filling, TWO_FOUR_SEVEN",2026-09-02 16:15:14
0000238967,LAKHDATAR PETROMART BHARAT PETROLEUM DEALERS,LAKHDATAR PETROMART BHARAT PETROLEUM DEALERS,KHASRA 104/3/1/2,FARUKHNAGAR,FARUKHNAGAR,GURGAON,Haryana,IN-27,122506,"KHASRA 104/3/1/2, FARUKHNAGAR, FARUKHNAGAR, GURGAON, 122506, India",9315814621,cc238967@bpclretail.in,28.44405,76.815445,"DIESEL, PETROL","Pure_Sure, Air_Filling, TWO_FOUR_SEVEN",2026-09-02 16:15:14
0000235551,B.P.EXPRESSWAY BHARAT PETROLEUM DEALERS,B.P.EXPRESSWAY BHARAT PETROLEUM DEALERS,VILLAGE KHEDI MAJRA,SECTOR 102,GURGAON,GURGAON,Haryana,IN-27,122001,"VILLAGE KHEDI MAJRA, SECTOR 102, GURGAON, GURGAON, 122001, India",8800125601,cc235551@bpclretail.in,28.473032,76.977476,"DIESEL, PETROL, SPEED, SPEED 100 BS IV","Pure_Sure, Air_Filling, TWO_FOUR_SEVEN",2026-09-02 16:15:14
0000143807,BP-SECTOR38 BHARAT PETROLEUM DEALERS,BP-SECTOR38 BHARAT PETROLEUM DEALERS,BP-SECTOR38,GURGAON-SOHNA ROAD,GURGAON,GURGAON,Haryana,IN-27,121102,"BP-SECTOR38, GURGAON-SOHNA ROAD, GURGAON, GURGAON, 121102, India",8010011135,bp143807@bpclretail.in,28.4375,77.03520203,"DIESEL, PETROL, SPEED","Automation, Pure_Sure, Air_Filling, TWO_FOUR_SEVEN",2026-09-02 16:15:14
0000248174,DS FUELS BHARAT PETROLEUM DEALERS,DS FUELS BHARAT PETROLEUM DEALERS,"22//3/2, 22//8/1/2",VILLAGE KADIPUR,GURGAON,GURGAON,Haryana,IN-27,122001,"22//3/2, 22//8/1/2, VILLAGE KADIPUR, GURGAON, GURGAON, 122001, India",9958354430,cc248174@bpclretail.in,28.4498806,77.0003967,"DIESEL, PETROL, SPEED","Pure_Sure, Air_Filling, TWO_FOUR_SEVEN",2026-09-02 16:15:14
0000117090,ENROUTE SAHAY BHARAT PETROLEUM DEALERS,ENROUTE SAHAY BHARAT PETROLEUM DEALERS,"SECTOR-30 ,NH-8",GURGAON,GURGAON,GURGAON,Haryana,IN-27,122001,"SECTOR-30 ,NH-8, GURGAON, GURGAON, GURGAON, 122001, India",9811117326,enroute117090@bpclretail.in,28.465549,77.055715,"DIESEL, PETROL, SPEED","Automation, Pure_Sure, Air_Filling, ATM, TWO_FOUR_SEVEN",2026-09-02 16:15:14
0000195567,GROVER PETROMART BHARAT PETROLEUM DEALERS,GROVER PETROMART BHARAT PETROLEUM DEALERS,VILLAGE BHONDSI,TEHSIL SOHNA,GURGAON,GURGAON,Haryana,IN-27,122001,"VILLAGE BHONDSI, TEHSIL SOHNA, GURGAON, GURGAON, 122001, India",9999007030,cc195567@bpclretail.in,28.33952,77.06821,"DIESEL, PETROL","Automation, Pure_Sure, Air_Filling, TWO_FOUR_SEVEN",2026-09-02 16:15:14
0000239553,HOSHIYAR SINGH BHAMBHU FUEL BHARAT PETROLEUM DEALERS,HOSHIYAR SINGH BHAMBHU FUEL BHARAT PETROLEUM DEALERS,SECTOR 9B,"VILLAGE BASAI, GURUGRAM",GURGAON,GURGAON,Haryana,IN-27,122001,"SECTOR 9B, VILLAGE BASAI, GURUGRAM, GURGAON, GURGAON, 122001, India",9891111442,cc239553@bpclretail.in,28.45393,76.98686,"DIESEL, PETROL, SPEED","Pure_Sure, Air_Filling, TWO_FOUR_SEVEN",2026-09-02 16:15:14
0000252683,JAI MATA FUELS BHARAT PETROLEUM DEALERS,JAI MATA FUELS BHARAT PETROLEUM DEALERS,23//12/2/1/1,"VILLAGE DHORKA, TEHSIL HARSARU",GURGAON,GURGAON,Haryana,IN-27,122505,"23//12/2/1/1, VILLAGE DHORKA, TEHSIL HARSARU, GURGAON, GURGAON, 122505, India",9813800135,cc252683@bpclretail.in,28.4092577,76.902222,"DIESEL, PETROL","Pure_Sure, Air_Filling, TWO_FOUR_SEVEN",2026-09-02 16:15:14
0000249703,JANSHEEL FILLING STATION BHARAT PETROLEUM DEALERS,JANSHEEL FILLING STATION BHARAT PETROLEUM DEALERS,VILLAGE DHORKA,NH 352W,GURGAON,GURGAON,Haryana,IN-27,122505,"VILLAGE DHORKA, NH 352W, GURGAON, GURGAON, 122505, India",8922000001,jansheelfillingstationbpcl@gmail.com,28.4138221,76.89781,"DIESEL, PETROL",Air_Filling,2026-09-02 16:15:14
0000117085,JAWALA SERVICE STATION BHARAT PETROLEUM DEALERS,JAWALA SERVICE STATION BHARAT PETROLEUM DEALERS,"DELHI -JAIPUR , NH-8",GURGAON,GURGAON,GURGAON,Haryana,IN-27,122001,"DELHI -JAIPUR , NH-8, GURGAON, GURGAON, GURGAON, 122001, India",9810158771,jawala117085@bpclretail.in,28.455853,77.046393,"DIESEL, PETROL, SPEED, SPEED 100 BS IV","Automation, Pure_Sure, Air_Filling, Parking, TWO_FOUR_SEVEN",2026-09-02 16:15:14
0000262075,JK ENERGY STATION BHARAT PETROLEUM DEALERS,JK ENERGY STATION BHARAT PETROLEUM DEALERS,VILLAGE SANPKA,NH 352W,GURGAON,GURGAON,Haryana,IN-27,122503,"VILLAGE SANPKA, NH 352W, GURGAON, GURGAON, 122503, India",9991008770,cc262075@bpclretail.in,28.365676,76.817084,"DIESEL, PETROL","Pure_Sure, Air_Filling, TWO_FOUR_SEVEN",2026-09-02 16:15:14
0000268861,JMS OIL COMPANY BHARAT PETROLEUM DEALERS,JMS OIL COMPANY BHARAT PETROLEUM DEALERS,DWARKA EXPRESSWAY,GLOBAL HEIGHTS 881,GURGAON,GURGAON,Haryana,IN-27,122505,"DWARKA EXPRESSWAY, GLOBAL HEIGHTS 881, GURGAON, GURGAON, 122505, India",9899023237,mukulraghav21@gmail.com,28.428267,76.959006,"DIESEL, PETROL",Air_Filling,2026-09-02 16:15:14
0000235533,KAMLA PETRO MART BHARAT PETROLEUM DEALERS,KAMLA PETRO MART BHARAT PETROLEUM DEALERS,BILASPUR TAURU ROAD,"BILASPUR, GURUGRAM",GURGAON,GURGAON,Haryana,IN-27,122413,"BILASPUR TAURU ROAD, BILASPUR, GURUGRAM, GURGAON, GURGAON, 122413, India",9588364500,cc235533@bpclretail.in,28.285213,76.868355,"DIESEL, PETROL","Pure_Sure, Air_Filling, TWO_FOUR_SEVEN",2026-09-02 16:15:14
0000127516,"KRISHNA SERVICE CENTRE VILLAGE WAZIRPUR,","KRISHNA SERVICE CENTRE VILLAGE WAZIRPUR,","GURGAON -PATAUDI ROAD,",SH- 26,GURGAON,GURGAON,Haryana,IN-27,122001,"GURGAON -PATAUDI ROAD,, SH- 26, GURGAON, GURGAON, 122001, India",9911725959,krishna127516@bpclretail.in,28.42272,76.923119,"DIESEL, PETROL, SPEED","Automation, Pure_Sure, Air_Filling, TWO_FOUR_SEVEN",2026-09-02 16:15:14
0000265308,MAA VAISHNO FILLING STATION BHARAT PETROLEUM DEALERS,MAA VAISHNO FILLING STATION BHARAT PETROLEUM DEALERS,VILLAGE BIDHWAKA,SOHNA,GURGAON,GURGAON,Haryana,IN-27,122103,"VILLAGE BIDHWAKA, SOHNA, GURGAON, GURGAON, 122103, India",9728710844,cc265308@bpclretail.in,28.264319,77.175971,"DIESEL, PETROL",Air_Filling,2026-09-02 16:15:14
0000243297,MDA FUELS BHARAT PETROLEUM DEALERS,MDA FUELS BHARAT PETROLEUM DEALERS,VILLAGE WAZIRPUR,GURUGRAM,GURGAON,GURGAON,Haryana,IN-27,122505,"VILLAGE WAZIRPUR, GURUGRAM, GURGAON, GURGAON, 122505, India",7838258361,cc243297@bpclretail.in,28.414849,76.915365,"DIESEL, PETROL","Pure_Sure, Air_Filling, TWO_FOUR_SEVEN",2026-09-02 16:15:14
0000190952,OM PETROMART PVT LTD BHARAT PETROLEUM DEALERS,OM PETROMART PVT LTD BHARAT PETROLEUM DEALERS,"VILLAGE SIDHRWALI, NH8",NH08,GURGAON,GURGAON,Haryana,IN-27,122413,"VILLAGE SIDHRWALI, NH8, NH08, GURGAON, GURGAON, 122413, India",9871044805,ompetromart190952@bpclretail.in,28.270364568785,76.835398548193,"DIESEL, PETROL","Automation, Pure_Sure, Air_Filling, TWO_FOUR_SEVEN",2026-09-02 16:15:14
0000228360,OM SHANTI PETRO MART BHARAT PETROLEUM DEALERS,OM SHANTI PETRO MART BHARAT PETROLEUM DEALERS,IMT BHANGROLA,IMT TO PATAUDI ROAD MENSAR,GURGAON,GURGAON,Haryana,IN-27,122505,"IMT BHANGROLA, IMT TO PATAUDI ROAD MENSAR, GURGAON, GURGAON, 122505, India",9810346457,omshantipm228360@bpclretail.in,28.4,76.89,"DIESEL, PETROL","Automation, Pure_Sure, Air_Filling, TWO_FOUR_SEVEN",2026-09-02 16:15:14
0000181488,PARAS PETROLEUM BHARAT PETROLEUM DEALERS,PARAS PETROLEUM BHARAT PETROLEUM DEALERS,VIILL. NAHAPUR RUPA,DELHI-JAIPUR HIGHWAY(NH-8),GURGAON,GURGAON,Haryana,IN-27,122001,"VIILL. NAHAPUR RUPA, DELHI-JAIPUR HIGHWAY(NH-8), GURGAON, GURGAON, 122001, India",9910995056,paraspe181488@bpclretail.in,28.444877,77.018324,"DIESEL, PETROL, SPEED","Automation, Pure_Sure, Air_Filling, TWO_FOUR_SEVEN",2026-09-02 16:15:14
0000248276,PETRONET BHARAT PETROLEUM DEALERS,PETRONET BHARAT PETROLEUM DEALERS,VILLAGE MUBARAKPUR,TEHSIL FARRUKHNAGAR,GURGAON,GURGAON,Haryana,IN-27,122006,"VILLAGE MUBARAKPUR, TEHSIL FARRUKHNAGAR, GURGAON, GURGAON, 122006, India",9311251007,cc248276@bpclretail.in,28.4673,76.823619,"DIESEL, PETROL","Pure_Sure, Air_Filling, TWO_FOUR_SEVEN",2026-09-02 16:15:14
0000235687,R C 76 BHARAT PETROLEUM DEALERS,R C 76 BHARAT PETROLEUM DEALERS,BROADWAY INTERNATIONAL SCHOOL,"SIKHOPUR VILLAGE ROAD, SECTOR 76/77",GURGAON,GURGAON,Haryana,IN-27,122004,"BROADWAY INTERNATIONAL SCHOOL, SIKHOPUR VILLAGE ROAD, SECTOR 76/77, GURGAON, GURGAON, 122004, India",9810318588,cc235687@bpclretail.in,28.381162,76.991266,"DIESEL, E85, PETROL, SPEED","Pure_Sure, Air_Filling, TWO_FOUR_SEVEN",2026-09-02 16:15:14
0000214317,R.C. MILLENNIUM BHARAT PETROLEUM DEALERS,R.C. MILLENNIUM BHARAT PETROLEUM DEALERS,VILLAGE SHIKHOPUR,SECTOR 77,GURGAON,GURGAON,Haryana,IN-27,122004,"VILLAGE SHIKHOPUR, SECTOR 77, GURGAON, GURGAON, 122004, India",9650922675,rcmillen214317@bpclretail.in,28.38,76.98,"DIESEL, PETROL, SPEED","Pure_Sure, Air_Filling, TWO_FOUR_SEVEN",2026-09-02 16:15:14
0000225698,RAMA FILLING STATION BHARAT PETROLEUM DEALERS,RAMA FILLING STATION BHARAT PETROLEUM DEALERS,ON MAIN SPR ROAD CONNECTING NH-08,TO VATIKA CHOWK,GURGAON,GURGAON,Haryana,IN-27,122004,"ON MAIN SPR ROAD CONNECTING NH-08, TO VATIKA CHOWK, GURGAON, GURGAON, 122004, India",9999152119,ramafs225698@bpclretail.in,28.40297,77.00112,"DIESEL, PETROL, SPEED","Automation, Pure_Sure, Air_Filling, TWO_FOUR_SEVEN",2026-09-02 16:15:14
0000241715,RIDDHI FUELS STATION BHARAT PETROLEUM DEALERS,RIDDHI FUELS STATION BHARAT PETROLEUM DEALERS,VILLAGE DAULATABAD,GURGAON,GURGAON,GURGAON,Haryana,IN-27,122006,"VILLAGE DAULATABAD, GURGAON, GURGAON, GURGAON, 122006, India",9873787985,cc241715@bpclretail.in,28.495584,76.974323,"DIESEL, PETROL","Pure_Sure, Air_Filling, TWO_FOUR_SEVEN",2026-09-02 16:15:14
0000245222,S.S. ENERGY STATION BHARAT PETROLEUM DEALERS,S.S. ENERGY STATION BHARAT PETROLEUM DEALERS,VILLAGE KHAWASPUR,PATAUDI,GURGAON,GURGAON,Haryana,IN-27,122503,"VILLAGE KHAWASPUR, PATAUDI, GURGAON, GURGAON, 122503, India",7056611155,ssenergy1155@gmail.com,28.37937,76.8333488,"DIESEL, PETROL","Pure_Sure, Air_Filling, TWO_FOUR_SEVEN",2026-09-02 16:15:14
0000204413,SAPRU CAR CARE CENTRE BHARAT PETROLEUM DEALERS,SAPRU CAR CARE CENTRE BHARAT PETROLEUM DEALERS,"112//6 & 113//10, SECTOR 47",VILLAGE JHARSA,GURGAON,GURGAON,Haryana,IN-27,122001,"112//6 & 113//10, SECTOR 47, VILLAGE JHARSA, GURGAON, GURGAON, 122001, India",09212220314,cc204413@bpclretail.in,28.4314407,77.0467698,"DIESEL, Hi-SPEED DIESEL, PETROL, SPEED, SPEED 100 BS IV","Automation, Pure_Sure, Air_Filling, TWO_FOUR_SEVEN",2026-09-02 16:15:14
0000142482,"SAPRU CAR CARE CENTRE,GURGAON BHARAT PETROLEUM DEALERS","SAPRU CAR CARE CENTRE,GURGAON BHARAT PETROLEUM DEALERS","SECTOR-47, HUDA,",NEAR BHAKTAWAR CHOWK,GURGAON,GURGAON,Haryana,IN-27,122001,"SECTOR-47, HUDA,, NEAR BHAKTAWAR CHOWK, GURGAON, GURGAON, 122001, India",9212220314,sapru142482@bpclretail.in,28.433024,77.048516,"DIESEL, Hi-SPEED DIESEL, PETROL, SPEED","In_Out, Automation, Pure_Sure, Air_Filling, ATM, TWO_FOUR_SEVEN",2026-09-02 16:15:14
0000185767,SHREE SAI FUELS BHARAT PETROLEUM DEALERS,SHREE SAI FUELS BHARAT PETROLEUM DEALERS,"VIALLGE BUDHERA,",SH 15A,GURGAON,GURGAON,Haryana,IN-27,122001,"VIALLGE BUDHERA,, SH 15A, GURGAON, GURGAON, 122001, India",9811127278,shreesa185767@bpclretail.in,28.471814,76.933802,"DIESEL, PETROL, SPEED","Automation, Pure_Sure, Air_Filling, TWO_FOUR_SEVEN",2026-09-02 16:15:14
0000228980,SHREE SHYAM FILLING STATION BHARAT PETROLEUM DEALERS,SHREE SHYAM FILLING STATION BHARAT PETROLEUM DEALERS,"KILLA NO 7//23/2/1/1, SECTOR-106",VILLAGE PAWALA KHUSHRUPUR,GURGAON,GURGAON,Haryana,IN-27,122006,"KILLA NO 7//23/2/1/1, SECTOR-106, VILLAGE PAWALA KHUSHRUPUR, GURGAON, GURGAON, 122006, India",9810034677,shreeshyamfs228980@bpclretail.in,28.3028,77.0003,"DIESEL, PETROL, SPEED","Automation, Pure_Sure, Air_Filling, TWO_FOUR_SEVEN",2026-09-02 16:15:14
0000254945,SHREE SHYAM FUEL POINT BHARAT PETROLEUM DEALERS,SHREE SHYAM FUEL POINT BHARAT PETROLEUM DEALERS,"KILLA NO 17/1/2, VILLAGE HAYATPUR",TEHSIL HARSARU,GURGAON,GURGAON,Haryana,IN-27,122004,"KILLA NO 17/1/2, VILLAGE HAYATPUR, TEHSIL HARSARU, GURGAON, GURGAON, 122004, India",8750149586,cc254945@bpclretail.in,28.409192,76.953759,"DIESEL, PETROL, SPEED","Automation, Pure_Sure, Air_Filling, TWO_FOUR_SEVEN",2026-09-02 16:15:14
0000167714,SHRI RAM FUEL CENTRE BHARAT PETROLEUM DEALERS,SHRI RAM FUEL CENTRE BHARAT PETROLEUM DEALERS,SIKENDERPUR GHOSHI,OPPOSITE GLOBAL BUSINESS PARK,GURGAON,GURGAON,Haryana,IN-27,122004,"SIKENDERPUR GHOSHI, OPPOSITE GLOBAL BUSINESS PARK, GURGAON, GURGAON, 122004, India",9311411017,ram167714@bpclretail.in,28.482513,77.103041,"DIESEL, Hi-SPEED DIESEL, PETROL, SPEED","Automation, Air_Filling",2026-09-02 16:15:14
0000233810,SS FILLING STATION BHARAT PETROLEUM DEALERS,SS FILLING STATION BHARAT PETROLEUM DEALERS,A UNIT OF PUSHPANJALI MEDICARE PVT,"SECTOR 54 , GOLF COURSE ROAD",GURGAON,GURGAON,Haryana,IN-27,122011,"A UNIT OF PUSHPANJALI MEDICARE PVT, SECTOR 54 , GOLF COURSE ROAD, GURGAON, GURGAON, 122011, India",9910241900,cc233810@bpclretail.in,28.2623,77.0611,"DIESEL, PETROL, SPEED","Automation, Pure_Sure, Air_Filling, TWO_FOUR_SEVEN",2026-09-02 16:15:14
0000259375,VISHWAKARMA FUELS BHARAT PETROLEUM DEALERS,VISHWAKARMA FUELS BHARAT PETROLEUM DEALERS,VILL BOHARA KALAN,GURUGRAM,GURGAON,GURGAON,Haryana,IN-27,122413,"VILL BOHARA KALAN, GURUGRAM, GURGAON, GURGAON, 122413, India",8510004348,cc259375@bpclretail.in,28.295219,76.846283,"DIESEL, PETROL","Pure_Sure, Air_Filling, TWO_FOUR_SEVEN",2026-09-02 16:15:14
0000192692,YAJ FILLING STATION BHARAT PETROLEUM DEALERS,YAJ FILLING STATION BHARAT PETROLEUM DEALERS,SEC 53,NEAR PARAS HOSPITAL,GURGAON,GURGAON,Haryana,IN-27,122003,"SEC 53, NEAR PARAS HOSPITAL, GURGAON, GURGAON, 122003, India",9313156770,yajfilling192692@bpclretail.in,28.4495651,77.0910097,"DIESEL, PETROL, SPEED","Automation, Pure_Sure, Air_Filling, TWO_FOUR_SEVEN",2026-09-02 16:15:14
0000232701,SHREE SAI PETROLEUM BHARAT PETROLEUM DEALERS,SHREE SAI PETROLEUM BHARAT PETROLEUM DEALERS,SECTOR 91,ON DIVIDING RPAD OF SECTOR 87,GURGRAON,GURGAON,Haryana,IN-27,122505,"SECTOR 91, ON DIVIDING RPAD OF SECTOR 87, GURGRAON, GURGAON, 122505, India",9811122760,cc232701@bpclretail.in,28.397316,76.923965,"DIESEL, PETROL","Automation, Pure_Sure, Air_Filling, TWO_FOUR_SEVEN",2026-09-02 16:15:14
0000214902,BHARAT SINGH FUEL COMPANY BHARAT PETROLEUM DEALERS,BHARAT SINGH FUEL COMPANY BHARAT PETROLEUM DEALERS,SECTOR 37-D,NEAR BPTP,GURUGRAM,GURGAON,Haryana,IN-27,122006,"SECTOR 37-D, NEAR BPTP, GURUGRAM, GURGAON, 122006, India",9971470500,bharatsi214902@bpclretail.in,28.45,76.97,"DIESEL, PETROL","Pure_Sure, Air_Filling, TWO_FOUR_SEVEN",2026-09-02 16:15:14
0000230972,BP-BADSHAHPUR BHARAT PETROLEUM DEALERS,BP-BADSHAHPUR BHARAT PETROLEUM DEALERS,VILLAGE NOORPUR JHARSHA,ON BADSHAHPUR-TOKLI ROAD,GURUGRAM,GURGAON,Haryana,IN-27,122103,"VILLAGE NOORPUR JHARSHA, ON BADSHAHPUR-TOKLI ROAD, GURUGRAM, GURGAON, 122103, India",7838509439,bpbadshahpur122103@bpclretail.in,28.379032,77.042704,"DIESEL, PETROL, SPEED",Air_Filling,2026-09-02 16:15:14
0000245195,DHANI FUELS BHARAT PETROLEUM DEALERS,DHANI FUELS BHARAT PETROLEUM DEALERS,BHONDSI TO DAMDAMA LAKE ROAD,VILLAGE DAMDAMA,GURUGRAM,GURGAON,Haryana,IN-27,122102,"BHONDSI TO DAMDAMA LAKE ROAD, VILLAGE DAMDAMA, GURUGRAM, GURGAON, 122102, India",9811126447,dhanifuels@gmail.com,28.30413,77.121034,"DIESEL, PETROL","Pure_Sure, Air_Filling, TWO_FOUR_SEVEN",2026-09-02 16:15:14
0000211419,R .C. VINTAGE BHARAT PETROLEUM DEALERS,R .C. VINTAGE BHARAT PETROLEUM DEALERS,SECTOR 86 ON DIVIDING ROAD,OF SECTOR 90,GURUGRAM,GURGAON,Haryana,IN-27,122004,"SECTOR 86 ON DIVIDING ROAD, OF SECTOR 90, GURUGRAM, GURGAON, 122004, India",9711141160,rcvintag211419@bpclretail.in,28.40559959,76.943703,"DIESEL, PETROL, SPEED","Pure_Sure, Air_Filling, TWO_FOUR_SEVEN",2026-09-02 16:15:14
0000211860,R.C. SIGNATURE BHARAT PETROLEUM DEALERS,R.C. SIGNATURE BHARAT PETROLEUM DEALERS,SECTOR 86,SECTOR 86,GURUGRAM,GURGAON,Haryana,IN-27,122004,"SECTOR 86, SECTOR 86, GURUGRAM, GURGAON, 122004, India",9711937294,rcsignat211860@bpclretail.in,28.3965,76.949699,"DIESEL, PETROL, SPEED","Automation, Pure_Sure, Air_Filling, TWO_FOUR_SEVEN",2026-09-02 16:15:14
0000222299,SHREE SHYAM PETRO BHARAT PETROLEUM DEALERS,SHREE SHYAM PETRO BHARAT PETROLEUM DEALERS,SECTOR 76,GURGAON,GURUGRAM,GURGAON,Haryana,IN-27,123501,"SECTOR 76, GURGAON, GURUGRAM, GURGAON, 123501, India",9540009521,shreeshyampetro222299@bpclretail.in,28.38,76.98,"DIESEL, PETROL, SPEED","Automation, Pure_Sure, Air_Filling, TWO_FOUR_SEVEN",2026-09-02 16:15:14
0000212696,SHYAM SAI FUELS BHARAT PETROLEUM DEALERS,SHYAM SAI FUELS BHARAT PETROLEUM DEALERS,SECTOR 79 NAURANGPUR ROAD,VILLAGE NAURANGPUR,GURUGRAM,GURGAON,Haryana,IN-27,122051,"SECTOR 79 NAURANGPUR ROAD, VILLAGE NAURANGPUR, GURUGRAM, GURGAON, 122051, India",7700005555,shreeshy212696@bpclretail.in,28.35,76.96,"DIESEL, PETROL, SPEED","Pure_Sure, Air_Filling, TWO_FOUR_SEVEN",2026-09-02 16:15:14
0000253348,SS PETROMART BHARAT PETROLEUM DEALERS,SS PETROMART BHARAT PETROLEUM DEALERS,"MUSTIL 16,KILLA NO.17/2/1/1",VILLAGE BADHA,GURUGRAM,GURGAON,Haryana,IN-27,122001,"MUSTIL 16,KILLA NO.17/2/1/1, VILLAGE BADHA, GURUGRAM, GURGAON, 122001, India",9810086891,cc253348@bpclretail.in,28.408384,76.9486626,"DIESEL, PETROL","Pure_Sure, Air_Filling, TWO_FOUR_SEVEN",2026-09-02 16:15:14
0000221502,VARDAN FILLING STATION BHARAT PETROLEUM DEALERS,VARDAN FILLING STATION BHARAT PETROLEUM DEALERS,GURGAON - PATAUDI ROAD SH 26 LHS,KRISHNA CINEMA HALL,GURUGRAM,GURGAON,Haryana,IN-27,122503,"GURGAON - PATAUDI ROAD SH 26 LHS, KRISHNA CINEMA HALL, GURUGRAM, GURGAON, 122503, India",9416611968,vardanfs221502@bpclretail.in,28.33,76.78,"DIESEL, PETROL, SPEED, SPEED 100 BS IV","Pure_Sure, Air_Filling, TWO_FOUR_SEVEN",2026-09-02 16:15:14
0000138337,SAI BABA SERVICES BHARAT PETROLEUM CORPORATION L,SAI BABA SERVICES BHARAT PETROLEUM CORPORATION L,"GURGAON-PATAUDI ROAD, VILL JAMALPUR",GURGAON,JAMALPUR,GURGAON,Haryana,IN-27,123503,"GURGAON-PATAUDI ROAD, VILL JAMALPUR, GURGAON, JAMALPUR, GURGAON, 123503, India",9416290151,saibaba138337@bpclretail.in,28.376879,76.832321,"DIESEL, PETROL, SPEED","Automation, Pure_Sure, Air_Filling, Parking, ATM, TWO_FOUR_SEVEN",2026-09-02 16:15:14
0000176919,DEVASHISH FUELS & LUBRICANTS BHARAT PETROLEUM DEALERS,DEVASHISH FUELS & LUBRICANTS BHARAT PETROLEUM DEALERS,VILLAGE KHENTAWAS,FARRUKHNAGAR ROAD,KHENTAWAS,GURGAON,Haryana,IN-27,122505,"VILLAGE KHENTAWAS, FARRUKHNAGAR ROAD, KHENTAWAS, GURGAON, 122505, India",7277111555,devashi176919@bpclretail.in,28.432355,76.873818,"DIESEL, PETROL","Automation, Pure_Sure, Air_Filling, Parking, TWO_FOUR_SEVEN",2026-09-02 16:15:14
0000222628,C.S. FUELS BHARAT PETROLEUM DEALERS,C.S. FUELS BHARAT PETROLEUM DEALERS,VILLAGE KHARODA,TEHSIL SOHNA,SOHNA,GURGAON,Haryana,IN-27,122103,"VILLAGE KHARODA, TEHSIL SOHNA, SOHNA, GURGAON, 122103, India",9899796868,csfuels222628@bpclretail.in,28.152,77.0746,"DIESEL, PETROL","Automation, Pure_Sure, Air_Filling, TWO_FOUR_SEVEN",2026-09-02 16:15:14
0000230506,CH. KISHAN LAL FILLING STATION BHARAT PETROLEUM DEALERS,CH. KISHAN LAL FILLING STATION BHARAT PETROLEUM DEALERS,VILLAGE NIMOT,MDR 133,SOHNA,GURGAON,Haryana,IN-27,121005,"VILLAGE NIMOT, MDR 133, SOHNA, GURGAON, 121005, India",9999910993,chkishanlalfs230506@bpclretail.in,28.1609,77.0913,"DIESEL, PETROL","Automation, Pure_Sure, Air_Filling, TWO_FOUR_SEVEN",2026-09-02 16:15:14
0000181873,OM FILLING STATION BHARAT PETROLEUM DEALERS,OM FILLING STATION BHARAT PETROLEUM DEALERS,VILLAGE NUNERA,SOHNA-BALLABGARH ROAD,SOHNA,GURGAON,Haryana,IN-27,122103,"VILLAGE NUNERA, SOHNA-BALLABGARH ROAD, SOHNA, GURGAON, 122103, India",9813148866,omfilli181873@bpclretail.in,28.242753,77.12021,"DIESEL, PETROL","Automation, Pure_Sure, Air_Filling, Parking, TWO_FOUR_SEVEN",2026-09-02 16:15:14
0000117086,RAGHUNANADAN SERVICE STATION BHARAT PETROLEUM DEALERS,RAGHUNANADAN SERVICE STATION BHARAT PETROLEUM DEALERS,GURGAON -ALWAR ROAD,SOHNA,SOHNA,GURGAON,Haryana,IN-27,122103,"GURGAON -ALWAR ROAD, SOHNA, SOHNA, GURGAON, 122103, India",9350002140,raghunanadan117086@bpclretail.in,28.261937,77.067634,"DIESEL, PETROL, SPEED","Automation, Pure_Sure, Air_Filling, TWO_FOUR_SEVEN",2026-09-02 16:15:14
0000254950,SILANI FILLING STATION BHARAT PETROLEUM DEALERS,SILANI FILLING STATION BHARAT PETROLEUM DEALERS,MUSTIL 63 KILLA 20,"VILLAGE SILANI, TEHSIL SOHNA",SOHNA,GURGAON,Haryana,IN-27,122103,"MUSTIL 63 KILLA 20, VILLAGE SILANI, TEHSIL SOHNA, SOHNA, GURGAON, 122103, India",9416883374,cc254950@bpclretail.in,28.2221129,77.152528,"DIESEL, PETROL","Pure_Sure, Air_Filling, TWO_FOUR_SEVEN",2026-09-02 16:15:14
0000138338,AKASHI FILLING STATION BHARAT PETROLEUM CORPORATION L,AKASHI FILLING STATION BHARAT PETROLEUM CORPORATION L,MATA MANDIR ROAD,GURGAON,GURGAON,"GURGAON, HARYANA",Haryana,IN-27,122001,"MATA MANDIR ROAD, GURGAON, GURGAON, GURGAON, HARYANA, 122001, India",9811018338,akashi138338@bpclretail.in,28.480459,77.025318,"DIESEL, PETROL, SPEED","In_Out, Automation, Pure_Sure, Air_Filling, ATM, TWO_FOUR_SEVEN",2026-09-02 16:15:14
0000143808,BP-SECTOR44 BHARAT PETROLEUM DEALERS,BP-SECTOR44 BHARAT PETROLEUM DEALERS,"SECTOR44,",GURGAON,GURGAON,"GURGAON, HARYANA",Haryana,IN-27,121102,"SECTOR44,, GURGAON, GURGAON, GURGAON, HARYANA, 121102, India",9971508999,bp143808@bpclretail.in,28.451815,77.075329,"DIESEL, Hi-SPEED DIESEL, PETROL, SPEED","Automation, ATM, Air_Filling",2026-09-02 16:15:14
0000142949,FUEL AND FUN BHARAT PETROLEUM DEALERS,FUEL AND FUN BHARAT PETROLEUM DEALERS,"VILL. BALOLA, TEHSIL SOHNA",GURGAON FARIDABAD ROAD,GURGAON,"GURGAON, HARYANA",Haryana,IN-27,122103,"VILL. BALOLA, TEHSIL SOHNA, GURGAON FARIDABAD ROAD, GURGAON, GURGAON, HARYANA, 122103, India",9211007097,andfun142949@bpclretail.in,28.424579,77.147233,"DIESEL, PETROL, SPEED","Automation, Air_Filling",2026-09-02 16:15:14
0000165479,KARAMVEER FILLING STATION BHARAT PETROLEUM DEALERS,KARAMVEER FILLING STATION BHARAT PETROLEUM DEALERS,OPPOSITE APNA ENCLAVE,NEAR DAULTABAD MORE,GURGAON,"GURGAON, HARYANA",Haryana,IN-27,122001,"OPPOSITE APNA ENCLAVE, NEAR DAULTABAD MORE, GURGAON, GURGAON, HARYANA, 122001, India",9891129180,karamveer165479@bpclretail.in,28.484368,77.012572,"DIESEL, PETROL, SPEED","Automation, Pure_Sure, Air_Filling, ATM, TWO_FOUR_SEVEN",2026-09-02 16:15:14
0000174812,MODERN FUELS BHARAT PETROLEUM DEALERS,MODERN FUELS BHARAT PETROLEUM DEALERS,"SECTOR-64, VILLAGE MEDHAWAS",GURGAON,GURGAON,"GURGAON, HARYANA",Haryana,IN-27,122001,"SECTOR-64, VILLAGE MEDHAWAS, GURGAON, GURGAON, GURGAON, HARYANA, 122001, India",9896558000,modern174812@bpclretail.in,28.39754,77.07499,"DIESEL, PETROL, SPEED","Automation, Pure_Sure, Air_Filling, TWO_FOUR_SEVEN",2026-09-02 16:15:14
0000154943,SHAHEED NANAKCHAND FILLING STA BHARAT PETROLEUM DEALERS,SHAHEED NANAKCHAND FILLING STA BHARAT PETROLEUM DEALERS,"SECTOR34, NEAR HERO HONDA CHOWK","NH8, DELHI JAIPUR, L.H.S.",GURGAON,"GURGAON, HARYANA",Haryana,IN-27,122001,"SECTOR34, NEAR HERO HONDA CHOWK, NH8, DELHI JAIPUR, L.H.S., GURGAON, GURGAON, HARYANA, 122001, India",,nankchand154943@bpclretail.in,28.433028,77.048504,,"Automation, Pure_Sure, Air_Filling, TWO_FOUR_SEVEN",2026-09-02 16:15:14
0000190849,SHAHEED NANAKCHAND FILLING STA BHARAT PETROLEUM DEALERS,SHAHEED NANAKCHAND FILLING STA BHARAT PETROLEUM DEALERS,SEC 37-II,NEAR FIRE STATION,GURGAON,"GURGAON, HARYANA",Haryana,IN-27,122001,"SEC 37-II, NEAR FIRE STATION, GURGAON, GURGAON, HARYANA, 122001, India",8800360008,shaheed190849@bpclretail.in,28.442347,77.000511,"DIESEL, PETROL, SPEED","Automation, Pure_Sure, Air_Filling, TWO_FOUR_SEVEN",2026-09-02 16:15:14
0000173200,JK FILLING STATION BHARAT PETROLEUM DEALERS,JK FILLING STATION BHARAT PETROLEUM DEALERS,OPP. HARYANA WAREHOUSE GODOWN,"HAILLY MANDI,TEHSIL-PATAUDI",HAILLY MANDI,"GURGAON, HARYANA",Haryana,IN-27,124504,"OPP. HARYANA WAREHOUSE GODOWN, HAILLY MANDI,TEHSIL-PATAUDI, HAILLY MANDI, GURGAON, HARYANA, 124504, India",9350310311,jk173200@bpclretail.in,28.345137,76.761142,"DIESEL, PETROL, SPEED","Automation, Pure_Sure, Air_Filling, TWO_FOUR_SEVEN",2026-09-02 16:15:14
0000117087,SIRICHAND & SONS BHARAT PETROLEUM DEALERS,SIRICHAND & SONS BHARAT PETROLEUM DEALERS,PALWAL ROAD,SOHNA,SOHNA,"GURGAON, HARYANA",Haryana,IN-27,122103,"PALWAL ROAD, SOHNA, SOHNA, GURGAON, HARYANA, 122103, India",9416611458,sirichand117087@bpclretail.in,28.242133,77.072181,"DIESEL, PETROL, SPEED","Automation, Pure_Sure, Air_Filling, TWO_FOUR_SEVEN",2026-09-02 16:15:14
0000156168,S.K.FILLING STATION BHARAT PETROLEUM DEALERS,S.K.FILLING STATION BHARAT PETROLEUM DEALERS,VILLAGE BARHANA,DEEGHAL - SAMPLA ROAD,BARHANA,"JHAJHAR, HARYANA",Haryana,IN-27,124107,"VILLAGE BARHANA, DEEGHAL - SAMPLA ROAD, BARHANA, JHAJHAR, HARYANA, 124107, India",9050442170,sktation156168@bpclretail.in,28.754874,76.681498,"DIESEL, PETROL","Automation, Pure_Sure, Air_Filling, TWO_FOUR_SEVEN",2026-09-02 16:15:14
0000251059,BP-KMP BHARAT PETROLEUM DEALERS,BP-KMP BHARAT PETROLEUM DEALERS,VILLAGE GOELA KALAN,KMP,BADLI,JHAJJAR,Haryana,IN-27,124105,"VILLAGE GOELA KALAN, KMP, BADLI, JHAJJAR, 124105, India",9773834781,cc251059@bpclretail.in,28.6221921,76.8124259,"DIESEL, PETROL, SPEED",Air_Filling,2026-09-02 16:15:14
0000200406,CH. BALBIR SINGH FILLING STATI BHARAT PETROLEUM DEALERS,CH. BALBIR SINGH FILLING STATI BHARAT PETROLEUM DEALERS,TEHSIL BAHADURGARH VPO BADLI,,BADLI,JHAJJAR,Haryana,IN-27,124105,"TEHSIL BAHADURGARH VPO BADLI, , BADLI, JHAJJAR, 124105, India",9873000777,balbirsingh200406@bpclretail.in,28.565201,76.801598,"DIESEL, PETROL","Automation, Pure_Sure, Air_Filling, TWO_FOUR_SEVEN",2026-09-02 16:15:14
0000245242,GAREWAL FUEL STATION BHARAT PETROLEUM DEALERS,GAREWAL FUEL STATION BHARAT PETROLEUM DEALERS,BAHADURGARH BYPASS,JHAJJAR,BAHADURGARH,JHAJJAR,Haryana,IN-27,124507,"BAHADURGARH BYPASS, JHAJJAR, BAHADURGARH, JHAJJAR, 124507, India",9999329959,cc245242@bpclretail.in,28.6799899,76.8885949,"DIESEL, PETROL","Pure_Sure, Air_Filling, TWO_FOUR_SEVEN",2026-09-02 16:15:14
0000193363,SOM FILLING STATION BHARAT PETROLEUM DEALERS,SOM FILLING STATION BHARAT PETROLEUM DEALERS,VILLAGE ASAUDHA,TEHSIL BAHADURGARH,BAHADURGARH,JHAJJAR,Haryana,IN-27,124507,"VILLAGE ASAUDHA, TEHSIL BAHADURGARH, BAHADURGARH, JHAJJAR, 124507, India",8860449051,somfilling193363@bpclretail.in,28.6564595,76.8490328,"DIESEL, PETROL","Automation, Pure_Sure, Air_Filling, TWO_FOUR_SEVEN",2026-09-02 16:15:14
0000117081,YADAV FILLING STATION BHARAT PETROLEUM DEALERS,YADAV FILLING STATION BHARAT PETROLEUM DEALERS,DELHI ROAD,BAHADURGARH,BAHADURGARH,JHAJJAR,Haryana,IN-27,124103,"DELHI ROAD, BAHADURGARH, BAHADURGARH, JHAJJAR, 124103, India",9416162535,yadav117081@bpclretail.in,28.690015,76.940241,"DIESEL, PETROL, SPEED","Automation, Pure_Sure, Air_Filling, TWO_FOUR_SEVEN",2026-09-02 16:15:14
0000121341,ZAILDARS TEJ FILLING STATION BHARAT PETROLEUM DEALERS,ZAILDARS TEJ FILLING STATION BHARAT PETROLEUM DEALERS,BAHADURGARH-NAJAFGARH ROAD,BAHADURGARH-NAJAFGARH ROAD,BAHADURGARH,JHAJJAR,Haryana,IN-27,124507,"BAHADURGARH-NAJAFGARH ROAD, BAHADURGARH-NAJAFGARH ROAD, BAHADURGARH, JHAJJAR, 124507, India",9812447226,zaildars121341@bpclretail.in,28.67536,76.93646,"DIESEL, PETROL","Automation, Pure_Sure, Air_Filling, Parking, TWO_FOUR_SEVEN",2026-09-02 16:15:14
0000203162,RAMPHAL FILLING STATION BHARAT PETROLEUM DEALERS,RAMPHAL FILLING STATION BHARAT PETROLEUM DEALERS,VILLAGE BAZIDPUR,JHAJJAR - BADLI ROAD,BAZIDPUR,JHAJJAR,Haryana,IN-27,124104,"VILLAGE BAZIDPUR, JHAJJAR - BADLI ROAD, BAZIDPUR, JHAJJAR, 124104, India",9812921608,rampal203162@bpclretail.in,28.5931,76.7118,"DIESEL, PETROL","Automation, Pure_Sure, Air_Filling, TWO_FOUR_SEVEN",2026-09-02 16:15:14
0000178453,LAKHPAT FILLING STATION BHARAT PETROLEUM DEALERS,LAKHPAT FILLING STATION BHARAT PETROLEUM DEALERS,BERI,BERI-BAHADURGARH ROAD,BERI DOPANA,JHAJJAR,Haryana,IN-27,124201,"BERI, BERI-BAHADURGARH ROAD, BERI DOPANA, JHAJJAR, 124201, India",9896682106,lakhpat178453@bpclretail.in,28.686233,76.634649,"DIESEL, PETROL","Automation, Pure_Sure, Air_Filling, Parking, TWO_FOUR_SEVEN",2026-09-02 16:15:14
0000225639,AJIT SINGH FUEL CENTRE BHARAT PETROLEUM DEALERS,AJIT SINGH FUEL CENTRE BHARAT PETROLEUM DEALERS,VILLAGE ZARDAKPUR,MIAIN BADLI-BAHADURGARH ROAD,BHADURGARGH,JHAJJAR,Haryana,IN-27,124507,"VILLAGE ZARDAKPUR, MIAIN BADLI-BAHADURGARH ROAD, BHADURGARGH, JHAJJAR, 124507, India",9821594529,ajitsinghfc225639@bpclretail.in,28.62667,76.8671,"DIESEL, PETROL","Automation, Pure_Sure, Air_Filling, TWO_FOUR_SEVEN",2026-09-02 16:15:14
0000222538,BIJENDER DAHIYA FILLING STATIO BHARAT PETROLEUM DEALERS,BIJENDER DAHIYA FILLING STATIO BHARAT PETROLEUM DEALERS,"KILLA NO 21/1, ASAUDHA KHARKHODA RD",VILLAGE NILOTHI BAHADURGARGH,BHADURGARGH,JHAJJAR,Haryana,IN-27,124404,"KILLA NO 21/1, ASAUDHA KHARKHODA RD, VILLAGE NILOTHI BAHADURGARGH, BHADURGARGH, JHAJJAR, 124404, India",9215777761,bijenderdahiyafs222538@bpclretail.in,28.800496,76.866963,"DIESEL, PETROL","Automation, Pure_Sure, Air_Filling, TWO_FOUR_SEVEN",2026-09-02 16:15:14
0000225637,SHREE FILLING STATION BHARAT PETROLEUM DEALERS,SHREE FILLING STATION BHARAT PETROLEUM DEALERS,KM STONE 48.75 NH-10,RHS DELHI - ROHTAK,BHAHADURGARGH,JHAJJAR,Haryana,IN-27,124501,"KM STONE 48.75 NH-10, RHS DELHI - ROHTAK, BHAHADURGARGH, JHAJJAR, 124501, India",9813183783,shreefs225637@bpclretail.in,28.73875,76.82503,"DIESEL, PETROL","Automation, Pure_Sure, Air_Filling, TWO_FOUR_SEVEN",2026-09-02 16:15:14
0000160263,SRI SHYAM ENERGY STATION DELEAR BHARATPETROLEUM CORP,SRI SHYAM ENERGY STATION DELEAR BHARATPETROLEUM CORP,"NH-71, JHAJJAR REWARI ROAD","VILLAGE- DADANPUR, JHAJJAR",DADANPUR,JHAJJAR,Haryana,IN-27,127046,"NH-71, JHAJJAR REWARI ROAD, VILLAGE- DADANPUR, JHAJJAR, DADANPUR, JHAJJAR, 127046, India",9416054514,shyam160263@bpclretail.in,28.500878,76.658034,"DIESEL, PETROL","Automation, Pure_Sure, Air_Filling, TWO_FOUR_SEVEN",2026-09-02 16:15:14
0000254951,BALAJI FILLING STATION BHARAT PETROLEUM DEALERS,BALAJI FILLING STATION BHARAT PETROLEUM DEALERS,"MUSTIL 290 KILLA 5/2/3, 6/1",VILLAGE JHAJJAR,JHAJJAR,JHAJJAR,Haryana,IN-27,124103,"MUSTIL 290 KILLA 5/2/3, 6/1, VILLAGE JHAJJAR, JHAJJAR, JHAJJAR, 124103, India",8059555557,cc254951@bpclretail.in,28.59568405,76.65707397,"DIESEL, PETROL","Pure_Sure, Air_Filling, TWO_FOUR_SEVEN",2026-09-02 16:15:14
0000197481,BHASKAR PETROLEUM BHARAT PETROLEUM DEALERS,BHASKAR PETROLEUM BHARAT PETROLEUM DEALERS,VILLAGE KULANA,REWARI - JHAJJAR,JHAJJAR,JHAJJAR,Haryana,IN-27,124103,"VILLAGE KULANA, REWARI - JHAJJAR, JHAJJAR, JHAJJAR, 124103, India",9996772949,cc197481@bpclretail.in,28.433496,76.657877,"DIESEL, PETROL","Automation, Air_Filling",2026-09-02 16:15:14
0000221679,JAYANT FILLING STATION BHARAT PETROLEUM DEALERS,JAYANT FILLING STATION BHARAT PETROLEUM DEALERS,JHAJJAR ROHTAK ROAD,NH 71 LHS,JHAJJAR,JHAJJAR,Haryana,IN-27,124102,"JHAJJAR ROHTAK ROAD, NH 71 LHS, JHAJJAR, JHAJJAR, 124102, India",9541479424,jayantfs221679@bpclretail.in,28.71920013,76.63069916,"DIESEL, PETROL","Automation, Pure_Sure, Air_Filling, TWO_FOUR_SEVEN",2026-09-02 16:15:14
0000198817,MAA SHAKTI FILLING STATION BHARAT PETROLEUM DEALERS,MAA SHAKTI FILLING STATION BHARAT PETROLEUM DEALERS,JHAJJAR REWARI ROAD,NH-71,JHAJJAR,JHAJJAR,Haryana,IN-27,124108,"JHAJJAR REWARI ROAD, NH-71, JHAJJAR, JHAJJAR, 124108, India",9306106541,maashaktifs@gmail.com,28.43674,76.65823,,"Automation, Air_Filling",2026-09-02 16:15:14
0000231992,MALIK PETROLEUM BHARAT PETROLEUM DEALERS,MALIK PETROLEUM BHARAT PETROLEUM DEALERS,ON SH 15,VILLAGE SAUJI PURA,JHAJJAR,JHAJJAR,Haryana,IN-27,124103,"ON SH 15, VILLAGE SAUJI PURA, JHAJJAR, JHAJJAR, 124103, India",7503989000,cc231992@bpclretail.in,28.529068,76.726403,"DIESEL, PETROL","Automation, Pure_Sure, Air_Filling, TWO_FOUR_SEVEN",2026-09-02 16:15:14
0000218491,MUSKAN FILLING STATION BHARAT PETROLEUM DEALERS,MUSKAN FILLING STATION BHARAT PETROLEUM DEALERS,"KHASRA NO 110/88, KHATONI NO 119,","VILLAGE BHAPRODA HARYANA, 124501",JHAJJAR,JHAJJAR,Haryana,IN-27,124501,"KHASRA NO 110/88, KHATONI NO 119,, VILLAGE BHAPRODA HARYANA, 124501, JHAJJAR, JHAJJAR, 124501, India",9810921855,cc218491@bpclretail.in,28.737434,76.746689,"DIESEL, PETROL","Pure_Sure, Air_Filling, TWO_FOUR_SEVEN",2026-09-02 16:15:14
0000223639,NIRMAL FILLING STATION BHARAT PETROLEUM DEALERS,NIRMAL FILLING STATION BHARAT PETROLEUM DEALERS,KHATA NO.101 MUSHTIL NO.20,KILA NO.14,JHAJJAR,JHAJJAR,Haryana,IN-27,124104,"KHATA NO.101 MUSHTIL NO.20, KILA NO.14, JHAJJAR, JHAJJAR, 124104, India",9095500007,nirmalfs223639@bpclretail.in,28.59399986,76.71140289,"DIESEL, PETROL","Automation, Pure_Sure, Air_Filling, TWO_FOUR_SEVEN",2026-09-02 16:15:14
0000221543,RAGHAV FUELS BHARAT PETROLEUM DEALERS,RAGHAV FUELS BHARAT PETROLEUM DEALERS,"KHASRA NO 55//19, 20/1, NH-71",VILLAGE MADANA KALA,JHAJJAR,JHAJJAR,Haryana,IN-27,124102,"KHASRA NO 55//19, 20/1, NH-71, VILLAGE MADANA KALA, JHAJJAR, JHAJJAR, 124102, India",9910115947,raghavfuels221543@bpclretail.in,28.70993,76.63498,"DIESEL, PETROL","Automation, Pure_Sure, Air_Filling, TWO_FOUR_SEVEN",2026-09-02 16:15:14
0000233789,SALASAR FUELS BHARAT PETROLEUM DEALERS,SALASAR FUELS BHARAT PETROLEUM DEALERS,NH-71 395-405 KM STONE,JHAJJAR - NH-71,JHAJJAR,JHAJJAR,Haryana,IN-27,124103,"NH-71 395-405 KM STONE, JHAJJAR - NH-71, JHAJJAR, JHAJJAR, 124103, India",9812388586,cc233789@bpclretail.in,28.5285907,76.66807,"DIESEL, PETROL","Automation, Pure_Sure, Air_Filling, TWO_FOUR_SEVEN",2026-09-02 16:15:14
0000117079,SHADI RAM UDMI RAM BHARAT PETROLEUM DEALERS,SHADI RAM UDMI RAM BHARAT PETROLEUM DEALERS,NEAR BUS STAND,,JHAJJAR,JHAJJAR,Haryana,IN-27,124103,"NEAR BUS STAND, , JHAJJAR, JHAJJAR, 124103, India",9811884972,shadiram117079@bpclretail.in,28.608213,76.653224,"DIESEL, PETROL, SPEED","Automation, Pure_Sure, Air_Filling, Parking, TWO_FOUR_SEVEN",2026-09-02 16:15:14
0000130236,SHAHEED UMED SINGH FILLING STA BHARAT PETROLEUM DEALERS,SHAHEED UMED SINGH FILLING STA BHARAT PETROLEUM DEALERS,"REWARI-JHAJJAR ROAD, NH -71,",,JHAJJAR,JHAJJAR,Haryana,IN-27,123001,"REWARI-JHAJJAR ROAD, NH -71,, , JHAJJAR, JHAJJAR, 123001, India",9992701336,umed130236@bpclretail.in,28.589166,76.662855,"DIESEL, PETROL","Automation, Pure_Sure, Air_Filling, Parking, TWO_FOUR_SEVEN",2026-09-02 16:15:14
0000189394,SHREE BALAJI AUTOFUELS BHARAT PETROLEUM DEALERS,SHREE BALAJI AUTOFUELS BHARAT PETROLEUM DEALERS,VILLAGE SILANI PANA ZALIM,"JHAJJAR-GURGAON ROAD, SH15A",JHAJJAR,JHAJJAR,Haryana,IN-27,124103,"VILLAGE SILANI PANA ZALIM, JHAJJAR-GURGAON ROAD, SH15A, JHAJJAR, JHAJJAR, 124103, India",8059459928,shreeba189394@bpclretail.in,28.566389,76.694041,"DIESEL, PETROL","Automation, Pure_Sure, Air_Filling, TWO_FOUR_SEVEN",2026-09-02 16:15:14
0000248928,SUMITRA FUELS ADHOC BHARAT PETROLEUM DEALERS,SUMITRA FUELS ADHOC BHARAT PETROLEUM DEALERS,JHAJJAR REWARI ROAD,NH-71,JHAJJAR,JHAJJAR,Haryana,IN-27,124108,"JHAJJAR REWARI ROAD, NH-71, JHAJJAR, JHAJJAR, 124108, India",9728142675,vinodvij1978@gmail.com,28.43674,76.65823,,"Automation, Pure_Sure, Air_Filling, TWO_FOUR_SEVEN",2026-09-02 16:15:14
0000242598,SUMITRA PETROLEUM - ADHOC BHARAT PETROLEUM DEALERS,SUMITRA PETROLEUM - ADHOC BHARAT PETROLEUM DEALERS,JHAJJAR REWARI ROAD,NH-71,JHAJJAR,JHAJJAR,Haryana,IN-27,124108,"JHAJJAR REWARI ROAD, NH-71, JHAJJAR, JHAJJAR, 124108, India",9728142675,vinodvij1978@gmail.com,28.43674,76.65823,"DIESEL, PETROL","Automation, Pure_Sure, Air_Filling, TWO_FOUR_SEVEN",2026-09-02 16:15:14
0000209268,SUMITRA PETROLEUM BHARAT PETROLEUM DEALERS,SUMITRA PETROLEUM BHARAT PETROLEUM DEALERS,VILLAGE SILANA ON NH-71,JHAJJAR-REWARI RHS,JHAJJAR,JHAJJAR,Haryana,IN-27,124104,"VILLAGE SILANA ON NH-71, JHAJJAR-REWARI RHS, JHAJJAR, JHAJJAR, 124104, India",7015284707,sumitra209268@bpclretail.in,28.54827,76.66955,"DIESEL, PETROL","Pure_Sure, Air_Filling, TWO_FOUR_SEVEN",2026-09-02 16:15:14
0000261195,SUMITRA PETROMART BHARAT PETROLEUM DEALERS,SUMITRA PETROMART BHARAT PETROLEUM DEALERS,KHERIKHUMAR,NH 334B,JHAJJAR,JHAJJAR,Haryana,IN-27,124103,"KHERIKHUMAR, NH 334B, JHAJJAR, JHAJJAR, 124103, India",7015284707,cc261195@bpclretail.in,28.617966,76.627709,"DIESEL, PETROL","Pure_Sure, Air_Filling, TWO_FOUR_SEVEN",2026-09-02 16:15:14
0000117080,SURAJ FILLING STATION BHARAT PETROLEUM DEALERS,SURAJ FILLING STATION BHARAT PETROLEUM DEALERS,KHATA NO.5304,KILLA NO.83 JHAJJAR ROHTAK ROAD,JHAJJAR,JHAJJAR,Haryana,IN-27,124103,"KHATA NO.5304, KILLA NO.83 JHAJJAR ROHTAK ROAD, JHAJJAR, JHAJJAR, 124103, India",7015928192,suraj117080@bpclretail.in,28.624723,76.645463,"DIESEL, PETROL","Automation, Pure_Sure, Air_Filling, TWO_FOUR_SEVEN",2026-09-02 16:15:14
0000170354,SWAMI FILLING STATION BHARAT PETROLEUM DEALERS,SWAMI FILLING STATION BHARAT PETROLEUM DEALERS,JHAJJAR-BAHADURGARH ROAD,KAIMALGARH,JHAJJAR,JHAJJAR,Haryana,IN-27,121007,"JHAJJAR-BAHADURGARH ROAD, KAIMALGARH, JHAJJAR, JHAJJAR, 121007, India",9416692585,swami170354@bpclretail.in,28.615258,76.699933,"DIESEL, PETROL","Automation, Pure_Sure, Air_Filling, Parking, TWO_FOUR_SEVEN",2026-09-02 16:15:14
0000178400,SUPREME FILLING STATION BHARAT PETROLEUM DEALERS,SUPREME FILLING STATION BHARAT PETROLEUM DEALERS,SOLDHA,BAHADURGARH-BADLI ROAD,SOLDHA,JHAJJAR,Haryana,IN-27,124507,"SOLDHA, BAHADURGARH-BADLI ROAD, SOLDHA, JHAJJAR, 124507, India",9896330489,supreme178400@bpclretail.in,28.6525,76.885803,"DIESEL, PETROL","Automation, Pure_Sure, Air_Filling, TWO_FOUR_SEVEN",2026-09-02 16:15:14
0000203167,HANSRAJ PARDHAN FILLING STATIO BHARAT PETROLEUM DEALERS,HANSRAJ PARDHAN FILLING STATIO BHARAT PETROLEUM DEALERS,"TEHSIL BERI, VILL DHEEGAL",VILL DHEEGAL,VILLAGE DHEEGAL,JHAJJAR,Haryana,IN-27,124107,"TEHSIL BERI, VILL DHEEGAL, VILL DHEEGAL, VILLAGE DHEEGAL, JHAJJAR, 124107, India",7419226726,hansraj203167@bpclretail.in,28.7875,76.617401,"DIESEL, PETROL","Automation, Pure_Sure, Air_Filling, TWO_FOUR_SEVEN",2026-09-02 16:15:14
0000173194,SH.RAVINDER DHAIYA FILLING STN BHARAT PETROLEUM DEALERS,SH.RAVINDER DHAIYA FILLING STN BHARAT PETROLEUM DEALERS,"VILL:MATTAN, MATTAN",JHAJJAR,JHAJAR,"JHAJJAR, HARYANA",Haryana,IN-27,124507,"VILL:MATTAN, MATTAN, JHAJJAR, JHAJAR, JHAJJAR, HARYANA, 124507, India",,ravinder173194@bpclretail.in,28.692681,76.76502,,Air_Filling,2026-09-02 16:15:14
0000181683,SURYANSH FILLING STATION BHARAT PETROLEUM DEALERS,SURYANSH FILLING STATION BHARAT PETROLEUM DEALERS,VILLAGE MATAN,BERI BAHADURGARH ROAD,MATAN,"JHAJJAR, HARYANA",Haryana,IN-27,124507,"VILLAGE MATAN, BERI BAHADURGARH ROAD, MATAN, JHAJJAR, HARYANA, 124507, India",9306545481,suryansh181683@bpclretail.in,28.692681,76.76502,"DIESEL, PETROL","Automation, Pure_Sure, Air_Filling, Parking, TWO_FOUR_SEVEN",2026-09-02 16:15:14
0000178954,SHAHEED UMED SINGH F/G STN (AD BHARAT PETROLEUM DEALERS,SHAHEED UMED SINGH F/G STN (AD BHARAT PETROLEUM DEALERS,VILL. MATTAN,BERI-BAHADURGARH ROAD,MATTAN,"JHAJJAR, HARYANA",Haryana,IN-27,124507,"VILL. MATTAN, BERI-BAHADURGARH ROAD, MATTAN, JHAJJAR, HARYANA, 124507, India",,shaheed178954@bpclretail.in,28.692681,76.76502,,Air_Filling,2026-09-02 16:15:14
0000178416,JUG LAL FILLING STATION BHARAT PETROLEUM DEALERS,JUG LAL FILLING STATION BHARAT PETROLEUM DEALERS,VPO. SONDHI,BADLI-YAKUBPUR ROAD,SONDHI,"JHAJJAR, HARYANA",Haryana,IN-27,124105,"VPO. SONDHI, BADLI-YAKUBPUR ROAD, SONDHI, JHAJJAR, HARYANA, 124105, India",9050525959,juglal178416@bpclretail.in,28.50993,76.79208,"DIESEL, PETROL","Automation, Pure_Sure, Air_Filling, TWO_FOUR_SEVEN",2026-09-02 16:15:14
0000216531,CAPITAL FILLING STATION BHARAT PETROLEUM DEALERS,CAPITAL FILLING STATION BHARAT PETROLEUM DEALERS,NEAR RAHUL PETRO POINT,SILKHOH,MEWAT,MEWAT,Haryana,IN-27,122105,"NEAR RAHUL PETRO POINT, SILKHOH, MEWAT, MEWAT, 122105, India",8570883568,capitalf216531@bpclretail.in,28.161,76.9589,"DIESEL, PETROL","Pure_Sure, Air_Filling, TWO_FOUR_SEVEN",2026-09-02 16:15:14
0000222459,KMP FUELS BHARAT PETROLEUM DEALERS,KMP FUELS BHARAT PETROLEUM DEALERS,VILLAGE - DHULAWAT,TEHSIL - TAWRU,MEWAT,MEWAT,Haryana,IN-27,122105,"VILLAGE - DHULAWAT, TEHSIL - TAWRU, MEWAT, MEWAT, 122105, India",9811578137,kmpfuels222459@bpclretail.in,28.222043,77.002189,"DIESEL, PETROL","Automation, Pure_Sure, Air_Filling, TWO_FOUR_SEVEN",2026-09-02 16:15:14
0000225035,NEELKANTH FUELS BHARAT PETROLEUM DEALERS,NEELKANTH FUELS BHARAT PETROLEUM DEALERS,ON NH71B(NEW NH919),TAWRU OML TO RAJASTHAN BORDER,MEWAT,MEWAT,Haryana,IN-27,122105,"ON NH71B(NEW NH919), TAWRU OML TO RAJASTHAN BORDER, MEWAT, MEWAT, 122105, India",9050532328,cc225035@bpclretail.in,28.207314,76.887431,"DIESEL, PETROL","Automation, Pure_Sure, Air_Filling, TWO_FOUR_SEVEN",2026-09-02 16:15:14
0000224987,SAMEER FILLING STATION BHARAT PETROLEUM DEALERS,SAMEER FILLING STATION BHARAT PETROLEUM DEALERS,TAPUKARA ROAD,NURPUR,MEWAT,MEWAT,Haryana,IN-27,122108,"TAPUKARA ROAD, NURPUR, MEWAT, MEWAT, 122108, India",9813230786,cc224987@bpclretail.in,28.147354,76.950793,"DIESEL, PETROL","Automation, Pure_Sure, Air_Filling, TWO_FOUR_SEVEN",2026-09-02 16:15:14
0000256028,KANHA JI FUEL STATION BHARAT PETROLEUM DEALERS,KANHA JI FUEL STATION BHARAT PETROLEUM DEALERS,TAURU,NUH,NUH,MEWAT,Haryana,IN-27,122105,"TAURU, NUH, NUH, MEWAT, 122105, India",9468485823,cc256028@bpclretail.in,28.22494698,76.9444046,"DIESEL, PETROL","Automation, Pure_Sure, Air_Filling, TWO_FOUR_SEVEN",2026-09-02 16:15:14
0000229071,SHAMS INDUSTRIES PRIVATE LIMIT BHARAT PETROLEUM DEALERS,SHAMS INDUSTRIES PRIVATE LIMIT BHARAT PETROLEUM DEALERS,KILLA NO 3/2 & 4/1 VILLAGE SEHSOLA,TAURU DISTRICT MEWAT,NUH,MEWAT,Haryana,IN-27,122105,"KILLA NO 3/2 & 4/1 VILLAGE SEHSOLA, TAURU DISTRICT MEWAT, NUH, MEWAT, 122105, India",9911242222,shamsindustries229071@bpclretail.in,28.23699951,77.04419708,"DIESEL, PETROL","Automation, Pure_Sure, Air_Filling, TWO_FOUR_SEVEN",2026-09-02 16:15:14
0000236764,SS FILLING STATION BHARAT PETROLEUM DEALERS,SS FILLING STATION BHARAT PETROLEUM DEALERS,VILALGE DENGERHERI,MOHAMMADPUR AHIR TO TAURU ROAD,NUH,MEWAT,Haryana,IN-27,122105,"VILALGE DENGERHERI, MOHAMMADPUR AHIR TO TAURU ROAD, NUH, MEWAT, 122105, India",9416333377,cc236764@bpclretail.in,28.25134659,76.96121216,"DIESEL, PETROL","Automation, Pure_Sure, Air_Filling, TWO_FOUR_SEVEN",2026-09-02 16:15:14
0000263748,SUPERFINE FUELS BHARAT PETROLEUM DEALERS,SUPERFINE FUELS BHARAT PETROLEUM DEALERS,VILLAGE FATEHPUR,TEHSIL TAURU,TAURU,MEWAT,Haryana,IN-27,122105,"VILLAGE FATEHPUR, TEHSIL TAURU, TAURU, MEWAT, 122105, India",8930798388,cc263748@bpclretail.in,28.261212,76.915025,"DIESEL, PETROL",Air_Filling,2026-09-02 16:15:14
0000187184,SHRI RAM FILLING STATION BHARAT PETROLEUM DEALERS,SHRI RAM FILLING STATION BHARAT PETROLEUM DEALERS,VILLAGE HIRMATHLA,"NH 248A, GURGAON-ALWAR ROAD",HIRMATHLA,"MEWAT,  HARYANA",Haryana,IN-27,122102,"VILLAGE HIRMATHLA, NH 248A, GURGAON-ALWAR ROAD, HIRMATHLA, MEWAT,  HARYANA, 122102, India",9811967867,shriram187184@bpclretail.in,28.1605,77.070428,"DIESEL, PETROL","Automation, Pure_Sure, Air_Filling, TWO_FOUR_SEVEN",2026-09-02 16:15:14
0000120999,"SHAHEED AHMED ALI FILLING STAT TAURU-BHIWADI ROAD,VILL,KHORI","SHAHEED AHMED ALI FILLING STAT TAURU-BHIWADI ROAD,VILL,KHORI",TEHSIL TAURU,DISTT.GURGAON,KHORIKALAN,"MEWAT,  HARYANA",Haryana,IN-27,122105,"TEHSIL TAURU, DISTT.GURGAON, KHORIKALAN, MEWAT,  HARYANA, 122105, India",9812208174,ali120999@bpclretail.in,28.207921,76.886122,"DIESEL, PETROL, SPEED","Automation, Pure_Sure, Air_Filling, Parking, TWO_FOUR_SEVEN",2026-09-02 16:15:14
0000172911,MALIK FUELS BHARAT PETROLEUM DEALERS,MALIK FUELS BHARAT PETROLEUM DEALERS,43-44 KM STONE,NUH-TAURU ROAD,NUH,"MEWAT,  HARYANA",Haryana,IN-27,122107,"43-44 KM STONE, NUH-TAURU ROAD, NUH, MEWAT,  HARYANA, 122107, India",9811111175,malik172911@bpclretail.in,28.112908,76.998581,"DIESEL, PETROL","Automation, Pure_Sure, Air_Filling, TWO_FOUR_SEVEN",2026-09-02 16:15:14
0000149142,NIRMAL FILLING STATION BHARAT PETROLEUM DEALERS,NIRMAL FILLING STATION BHARAT PETROLEUM DEALERS,MOHANA ROAD,VILLAGE BAGHPUR,BAGHPUR,PALWAL,Haryana,IN-27,121004,"MOHANA ROAD, VILLAGE BAGHPUR, BAGHPUR, PALWAL, 121004, India",9991102987,nirmal149142@bpclretail.in,28.215445,77.490591,"DIESEL, PETROL","Automation, Pure_Sure, Air_Filling, TWO_FOUR_SEVEN",2026-09-02 16:15:15
0000154942,SHAHEED RAMPAL FILLING STATION BHARAT PETROLEUM DEALERS,SHAHEED RAMPAL FILLING STATION BHARAT PETROLEUM DEALERS,"PALWAL NUH ROAD,",MINDKOLA,MINDKOLA,PALWAL,Haryana,IN-27,121103,"PALWAL NUH ROAD,, MINDKOLA, MINDKOLA, PALWAL, 121103, India",9813423723,rampal154942@bpclretail.in,28.132601,77.164107,"DIESEL, PETROL","Automation, Pure_Sure, Air_Filling, TWO_FOUR_SEVEN",2026-09-02 16:15:14
0000218946,BABA FILLING STATION BHARAT PETROLEUM DEALERS,BABA FILLING STATION BHARAT PETROLEUM DEALERS,PALWAL,PALWAL,PALWAL,PALWAL,Haryana,IN-27,121102,"PALWAL, PALWAL, PALWAL, PALWAL, 121102, India",9416373986,cc218946@bpclretail.in,28.150077,77.309097,"DIESEL, PETROL","Automation, Pure_Sure, Air_Filling, TWO_FOUR_SEVEN",2026-09-02 16:15:14
0000206492,BP PRITHLA BHARAT PETROLEUM DEALERS,BP PRITHLA BHARAT PETROLEUM DEALERS,"ON DELHI - MATHURA ROAD, LHS, NH 19","KM 49.148 (LHS), VILLAGE PRITHLA",PALWAL,PALWAL,Haryana,IN-27,121102,"ON DELHI - MATHURA ROAD, LHS, NH 19, KM 49.148 (LHS), VILLAGE PRITHLA, PALWAL, PALWAL, 121102, India",8587975290,prithla206492@bpclretail.in,28.223806,77.297439,"DIESEL, PETROL, SPEED","Automation, Air_Filling",2026-09-02 16:15:14
0000117096,GHASIRAM PANNALAL BHARAT PETROLEUM DEALERS,GHASIRAM PANNALAL BHARAT PETROLEUM DEALERS,DELHI -AGRA ROAD,PALWAL,PALWAL,PALWAL,Haryana,IN-27,121102,"DELHI -AGRA ROAD, PALWAL, PALWAL, PALWAL, 121102, India",9813314139,ghasiram117096@bpclretail.in,28.138535,77.328336,"DIESEL, PETROL, SPEED","Automation, Pure_Sure, Air_Filling, TWO_FOUR_SEVEN",2026-09-02 16:15:14
0000254292,GODARA FILLING STATION BHARAT PETROLEUM DEALERS,GODARA FILLING STATION BHARAT PETROLEUM DEALERS,VILLAGE GHORI,PALWAL GHORI ROAD,PALWAL,PALWAL,Haryana,IN-27,121102,"VILLAGE GHORI, PALWAL GHORI ROAD, PALWAL, PALWAL, 121102, India",9311262626,cc254292@bpclretail.in,28.15001869,77.43527985,"DIESEL, PETROL","Automation, Pure_Sure, Air_Filling, TWO_FOUR_SEVEN",2026-09-02 16:15:14
0000202712,GURU JI FILLING STATION BHARAT PETROLEUM DEALERS,GURU JI FILLING STATION BHARAT PETROLEUM DEALERS,ON PALWAL ALIGARH ROAD,VILLAGE SIHAUL,PALWAL,PALWAL,Haryana,IN-27,121102,"ON PALWAL ALIGARH ROAD, VILLAGE SIHAUL, PALWAL, PALWAL, 121102, India",9813589589,guruji202712@bpclretail.in,28.12339,77.415577,"DIESEL, PETROL","Automation, Pure_Sure, Air_Filling, TWO_FOUR_SEVEN",2026-09-02 16:15:14
0000244761,JAI BANIWALA FILLING STATION BHARAT PETROLEUM DEALERS,JAI BANIWALA FILLING STATION BHARAT PETROLEUM DEALERS,VILLAGE ALWALPUR,PALWAL AMARPUR ROAD,PALWAL,PALWAL,Haryana,IN-27,121102,"VILLAGE ALWALPUR, PALWAL AMARPUR ROAD, PALWAL, PALWAL, 121102, India",9671961700,cc244761@bpclretail.in,28.180389,77.394317,"DIESEL, PETROL","Automation, Pure_Sure, Air_Filling, TWO_FOUR_SEVEN",2026-09-02 16:15:14
0000142701,MANGLA FUELS BHARAT PETROLEUM DEALERS,MANGLA FUELS BHARAT PETROLEUM DEALERS,OPPOSITE CIVIL HOSPITAL,PALWAL SOHNA ROAD,PALWAL,PALWAL,Haryana,IN-27,121102,"OPPOSITE CIVIL HOSPITAL, PALWAL SOHNA ROAD, PALWAL, PALWAL, 121102, India",9466244009,mangla142701@bpclretail.in,28.136212,77.325265,"DIESEL, PETROL, SPEED","Automation, Pure_Sure, Air_Filling, TWO_FOUR_SEVEN",2026-09-02 16:15:14
0000222458,OM FILLING STATION BHARAT PETROLEUM DEALERS,OM FILLING STATION BHARAT PETROLEUM DEALERS,VILLAGE JAINDAPUR,PALWAL,PALWAL,PALWAL,Haryana,IN-27,121102,"VILLAGE JAINDAPUR, PALWAL, PALWAL, PALWAL, 121102, India",9812666925,omfs222458@bpclretail.in,28.20654106,77.19621277,"DIESEL, PETROL","Automation, Pure_Sure, Air_Filling, TWO_FOUR_SEVEN",2026-09-02 16:15:14
0000233953,RAJ FILLING STATION BHARAT PETROLEUM DEALERS,RAJ FILLING STATION BHARAT PETROLEUM DEALERS,VILLAGE AMRU,PALWAL DISTRICT,PALWAL,PALWAL,Haryana,IN-27,121102,"VILLAGE AMRU, PALWAL DISTRICT, PALWAL, PALWAL, 121102, India",9813150827,cc233953@bpclretail.in,28.18989944,77.28340149,"DIESEL, PETROL","Automation, Pure_Sure, Air_Filling, TWO_FOUR_SEVEN",2026-09-02 16:15:14
0000207409,SIDDHI VINAYAK PETROMART BHARAT PETROLEUM DEALERS,SIDDHI VINAYAK PETROMART BHARAT PETROLEUM DEALERS,"ON NH 19, DELHI MATHURA ROAD, LHS","62.423 KM STONE, VILL KHUSHRUPUR,",PALWAL,PALWAL,Haryana,IN-27,121102,"ON NH 19, DELHI MATHURA ROAD, LHS, 62.423 KM STONE, VILL KHUSHRUPUR,, PALWAL, PALWAL, 121102, India",9996030506,siddhivinayak207409@bpclretail.in,28.114187,77.332252,"DIESEL, PETROL, SPEED","Pure_Sure, Air_Filling, TWO_FOUR_SEVEN",2026-09-02 16:15:14
0000124625,BHARAT FILLING STATION BHARAT PETROLEUM DEALERS,BHARAT FILLING STATION BHARAT PETROLEUM DEALERS,PANCHKULA-SHAHZADPUR ROAD,BARWALA,BARWALA,PANCHKULA,Haryana,IN-27,134118,"PANCHKULA-SHAHZADPUR ROAD, BARWALA, BARWALA, PANCHKULA, 134118, India",9468085027,bharat124625@bpclretail.in,30.552662,76.952419,"DIESEL, PETROL, SPEED","Automation, Pure_Sure, Air_Filling, TWO_FOUR_SEVEN",2026-09-02 16:15:14
0000124627,CHAWLA SERVICE CENTRE BHARAT PETROLEUM DEALERS,CHAWLA SERVICE CENTRE BHARAT PETROLEUM DEALERS,NH-22,CHD.-SIMLA ROAD,CHANDIMANDIR,PANCHKULA,Haryana,IN-27,134107,"NH-22, CHD.-SIMLA ROAD, CHANDIMANDIR, PANCHKULA, 134107, India",9988001145,chawla124627@bpclretail.in,30.744923,76.903397,"DIESEL, PETROL, SPEED","Automation, Pure_Sure, Air_Filling, TWO_FOUR_SEVEN",2026-09-02 16:15:14
0000133254,"BP - 2, PANCHKULA BHARAT PETROLEUM CORPORATION L","BP - 2, PANCHKULA BHARAT PETROLEUM CORPORATION L","SECTOR 2,","NEAR HARYANA WAREHOUSING CORP.,",PANCHKULA,PANCHKULA,Haryana,IN-27,133302,"SECTOR 2,, NEAR HARYANA WAREHOUSING CORP.,, PANCHKULA, PANCHKULA, 133302, India",9815318577,bp133254@bpclretail.in,30.698768,76.861955,"DIESEL, PETROL, SPEED, SPEED 100 BS IV","Automation, Air_Filling",2026-09-02 16:15:14
0000134911,BP PANCHKULA (INDUSTRIAL AREA) BHARAT PETROLEUM CORPORATION L,BP PANCHKULA (INDUSTRIAL AREA) BHARAT PETROLEUM CORPORATION L,"INDUSTRIAL AREA PHASE 2,",OPP. SECTOR 15,PANCHKULA,PANCHKULA,Haryana,IN-27,133302,"INDUSTRIAL AREA PHASE 2,, OPP. SECTOR 15, PANCHKULA, PANCHKULA, 133302, India",6280539492,bp134911@bpclretail.in,30.683208,76.835876,"DIESEL, PETROL, SPEED, SPEED 100 BS IV","Automation, Air_Filling",2026-09-02 16:15:14
0000180583,ECO SERVICE STATION BHARAT PETROLEUM DEALERS,ECO SERVICE STATION BHARAT PETROLEUM DEALERS,VILLAGE : BILLA,KHANGESRA-RAIPUR RANI,PANCHKULA,PANCHKULA,Haryana,IN-27,134118,"VILLAGE : BILLA, KHANGESRA-RAIPUR RANI, PANCHKULA, PANCHKULA, 134118, India",9671245337,eco180583@bpclretail.in,30.616809,76.945035,"DIESEL, PETROL, SPEED","Automation, Pure_Sure, Air_Filling, Parking, TWO_FOUR_SEVEN",2026-09-02 16:15:14
0000267530,ELITE PETRO ENERGY STATION BHARAT PETROLEUM DEALERS,ELITE PETRO ENERGY STATION BHARAT PETROLEUM DEALERS,KHASRA NUMBER 20/2/2,"VILLAGE MANAKPUR THAKURDAS, KALKA",PANCHKULA,PANCHKULA,Haryana,IN-27,134102,"KHASRA NUMBER 20/2/2, VILLAGE MANAKPUR THAKURDAS, KALKA, PANCHKULA, PANCHKULA, 134102, India",9888543311,vartiamr@gmail.com,30.792706,76.887664,"DIESEL, PETROL",Air_Filling,2026-09-02 16:15:14
0000219374,MOON STAR ENTERPRISES BHARAT PETROLEUM DEALERS,MOON STAR ENTERPRISES BHARAT PETROLEUM DEALERS,VILLAGE MOULI ON NH7,TEHSIL BARWALA,PANCHKULA,PANCHKULA,Haryana,IN-27,134118,"VILLAGE MOULI ON NH7, TEHSIL BARWALA, PANCHKULA, PANCHKULA, 134118, India",9988640201,moonstarenterprises219374@bpclretail.in,30.516121,76.985708,"DIESEL, PETROL","Pure_Sure, Air_Filling, TWO_FOUR_SEVEN",2026-09-02 16:15:14
0000165610,SAINIK FILLING STATION BHARAT PETROLEUM DEALERS,SAINIK FILLING STATION BHARAT PETROLEUM DEALERS,SECTOR 27,PANCHKULA,PANCHKULA,PANCHKULA,Haryana,IN-27,134116,"SECTOR 27, PANCHKULA, PANCHKULA, PANCHKULA, 134116, India",9217517392,sainik165610@bpclretail.in,30.655014,76.886725,"DIESEL, PETROL, SPEED","Automation, Pure_Sure, Air_Filling, TWO_FOUR_SEVEN",2026-09-02 16:15:14
0000199613,TRUST FILLING STATION BHARAT PETROLEUM DEALERS,TRUST FILLING STATION BHARAT PETROLEUM DEALERS,VILLAGE NANAKPUR,PINJORE BADDI ROAD,PINJORE,PANCHKULA,Haryana,IN-27,134102,"VILLAGE NANAKPUR, PINJORE BADDI ROAD, PINJORE, PANCHKULA, 134102, India",9888033836,trust199613@bpclretail.in,30.880017,76.842392,"DIESEL, PETROL","Automation, Pure_Sure, Air_Filling, TWO_FOUR_SEVEN",2026-09-02 16:15:14
0000172403,TARGET FUELS & LUBRICANTS BHARAT PETROLEUM DEALERS,TARGET FUELS & LUBRICANTS BHARAT PETROLEUM DEALERS,"VILLAGE LOHGARH, PINJORE--BADDI ROA",PINJORE BADDI ROAD NH 21A RHS,LOHGARH,"PANCHKULA,  HARYANA",Haryana,IN-27,134103,"VILLAGE LOHGARH, PINJORE--BADDI ROA, PINJORE BADDI ROAD NH 21A RHS, LOHGARH, PANCHKULA,  HARYANA, 134103, India",8168408293,target172403@bpclretail.in,30.809388,76.895159,"DIESEL, PETROL, SPEED","Automation, Pure_Sure, Air_Filling, Parking, TWO_FOUR_SEVEN",2026-09-02 16:15:14
0000153232,DOON VALLEY FILLING STATION BHARAT PETROLEUM DEALERS,DOON VALLEY FILLING STATION BHARAT PETROLEUM DEALERS,VILLAGE NAWAN NAGAR,PINJORE_BADDI ROAD,NAVANAGAR,"PANCHKULA,  HARYANA",Haryana,IN-27,134102,"VILLAGE NAWAN NAGAR, PINJORE_BADDI ROAD, NAVANAGAR, PANCHKULA,  HARYANA, 134102, India",8894667890,doonvalley153232@bpclretail.in,30.909577,76.814677,"DIESEL, PETROL, SPEED","Automation, Pure_Sure, Air_Filling, Parking, TWO_FOUR_SEVEN",2026-09-02 16:15:14
0000124620,ACHHRU MAL KANWAR CHAND BHARAT PETROLEUM DEALERS,ACHHRU MAL KANWAR CHAND BHARAT PETROLEUM DEALERS,SECTOR 8,NEAR BUS STAND,PANCHKULA,"PANCHKULA,  HARYANA",Haryana,IN-27,133302,"SECTOR 8, NEAR BUS STAND, PANCHKULA, PANCHKULA,  HARYANA, 133302, India",9888394995,achhrumal124620@bpclretail.in,30.701054,76.849419,"DIESEL, PETROL, SPEED","Automation, Air_Filling",2026-09-02 16:15:14
0000155910,PETRO CONNECT BHARAT PETROLEUM DEALERS,PETRO CONNECT BHARAT PETROLEUM DEALERS,"SECTOR 3, MANSA DEVI COMPLEX",(MDC),PANCHKULA,"PANCHKULA,  HARYANA",Haryana,IN-27,134109,"SECTOR 3, MANSA DEVI COMPLEX, (MDC), PANCHKULA, PANCHKULA,  HARYANA, 134109, India",9915599457,connect155910@bpclretail.in,30.730938,76.85274,"DIESEL, PETROL, SPEED","Automation, Air_Filling",2026-09-02 16:15:14
0000197443,BABA MOHAN RAM FUELS BHARAT PETROLEUM DEALERS,BABA MOHAN RAM FUELS BHARAT PETROLEUM DEALERS,RO AT VILL. MAHESHWARI,KAPRIWAS TO BHIWADI 75 M ROAD,DHARUHERA,REWARI,Haryana,IN-27,123106,"RO AT VILL. MAHESHWARI, KAPRIWAS TO BHIWADI 75 M ROAD, DHARUHERA, REWARI, 123106, India",9813244463,babamohan197443@bpclretail.in,28.2211875,76.8333336,"DIESEL, PETROL","Automation, Pure_Sure, Air_Filling, TWO_FOUR_SEVEN",2026-09-02 16:15:14
0000139415,DHARUHERA FILLING STATION BHARAT PETROLEUM DEALERS,DHARUHERA FILLING STATION BHARAT PETROLEUM DEALERS,"DHARUHERA-BHIWADI ROAD,DHARUHERA",SH-28,DHARUHERA,REWARI,Haryana,IN-27,123106,"DHARUHERA-BHIWADI ROAD,DHARUHERA, SH-28, DHARUHERA, REWARI, 123106, India",9215005000,dharuhera139415@bpclretail.in,28.207559,76.804204,"DIESEL, PETROL, SPEED","Automation, Pure_Sure, Air_Filling, ATM, TWO_FOUR_SEVEN",2026-09-02 16:15:14
0000139416,GOLDEN FILLING STATION BHARAT PETROLEUM DEALERS,GOLDEN FILLING STATION BHARAT PETROLEUM DEALERS,"VILLAGE KHIJURI,GOLDEN HUTS RESORT,","TEHSIL DHARUHERA,NH-8",DHARUHERA,REWARI,Haryana,IN-27,123106,"VILLAGE KHIJURI,GOLDEN HUTS RESORT,, TEHSIL DHARUHERA,NH-8, DHARUHERA, REWARI, 123106, India",9394800007,golden139416@bpclretail.in,28.172819137,76.702270507,"DIESEL, PETROL","Automation, Pure_Sure, Air_Filling, ATM, TWO_FOUR_SEVEN",2026-09-02 16:15:14
0000265345,KANHA AUTO FUELS BHARAT PETROLEUM DEALERS,KANHA AUTO FUELS BHARAT PETROLEUM DEALERS,VILLAGE MAHESHWARI,DHARUHERA,DHARUHERA,REWARI,Haryana,IN-27,123106,"VILLAGE MAHESHWARI, DHARUHERA, DHARUHERA, REWARI, 123106, India",9821061438,cc265345@bpclretail.in,28.2158726,76.8336924,"DIESEL, PETROL",Air_Filling,2026-09-02 16:15:14
0000148852,KRISHNA FILLING STATION BHARAT PETROLEUM DEALERS,KRISHNA FILLING STATION BHARAT PETROLEUM DEALERS,VILLAGE NANDRAMPUR BAS,TEHSIL DARUHERA,DHARUHERA,REWARI,Haryana,IN-27,123106,"VILLAGE NANDRAMPUR BAS, TEHSIL DARUHERA, DHARUHERA, REWARI, 123106, India",9813099110,krishna148852@bpclretail.in,28.155844,76.778158,"DIESEL, PETROL","Automation, Pure_Sure, Air_Filling, TWO_FOUR_SEVEN",2026-09-02 16:15:14
0000139414,PICK-N-MOVE BHARAT PETROLEUM DEALERS,PICK-N-MOVE BHARAT PETROLEUM DEALERS,"VILLAGE MALPURA ,TEHSIL DHARUHERA",NH-8,DHARUHERA,REWARI,Haryana,IN-27,123106,"VILLAGE MALPURA ,TEHSIL DHARUHERA, NH-8, DHARUHERA, REWARI, 123106, India",9811026200,picknmove139414@bpclretail.in,28.227848,76.801586,"DIESEL, PETROL, SPEED","Automation, Pure_Sure, Air_Filling, TWO_FOUR_SEVEN",2026-09-02 16:15:14
0000130238,SHAHEED BIJENDER FILLING STATI BHARAT PETROLEUM DEALERS,SHAHEED BIJENDER FILLING STATI BHARAT PETROLEUM DEALERS,DELHI-JAIPUR ROADNH-8,VILLAGE NIKHARITEHSIL DHARUHERA,DHARUHERA,REWARI,Haryana,IN-27,123106,"DELHI-JAIPUR ROADNH-8, VILLAGE NIKHARITEHSIL DHARUHERA, DHARUHERA, REWARI, 123106, India",9812181511,buender130238@bpclretail.in,28.192223,76.731521,"DIESEL, PETROL","Automation, Air_Filling, ATM, Parking",2026-09-02 16:15:14
0000201366,HARYANA JAGRITI FUELS BHARAT PETROLEUM DEALERS,HARYANA JAGRITI FUELS BHARAT PETROLEUM DEALERS,VILLAGE MAHESHWARI,KAPRIWAS TO BHI,DHARUHERA (MAHESHWARI),REWARI,Haryana,IN-27,123106,"VILLAGE MAHESHWARI, KAPRIWAS TO BHI, DHARUHERA (MAHESHWARI), REWARI, 123106, India",9812440781,haryana201366@bpclretail.in,28.21502495,76.83348083,"DIESEL, PETROL, SPEED","Automation, Pure_Sure, Air_Filling, TWO_FOUR_SEVEN",2026-09-02 16:15:14
0000268305,BABA BALDEV DAS FUELS BHARAT PETROLEUM DEALERS,BABA BALDEV DAS FUELS BHARAT PETROLEUM DEALERS,VILLAGE JARTHAL,PANCHGAON-RABARKA ROAD,JARTHAL,REWARI,Haryana,IN-27,123106,"VILLAGE JARTHAL, PANCHGAON-RABARKA ROAD, JARTHAL, REWARI, 123106, India",8930417696,ankitrao941600@gmail.com,28.127935,76.738632,"DIESEL, PETROL","Automation, Air_Filling",2026-09-02 16:15:14
0000255151,STELLAN FUELS BHARAT PETROLEUM DEALERS,STELLAN FUELS BHARAT PETROLEUM DEALERS,"MUSTIL NO. 45, KILLA NO.5/1/1","KHIJURI VILLAGE, DHARUHERA","KHIJURI VILLAGE, REWARI",REWARI,Haryana,IN-27,123106,"MUSTIL NO. 45, KILLA NO.5/1/1, KHIJURI VILLAGE, DHARUHERA, KHIJURI VILLAGE, REWARI, REWARI, 123106, India",9813264024,yadavrb1089@gmail.com,28.1763,76.706642,"DIESEL, PETROL","Automation, Pure_Sure, Air_Filling, TWO_FOUR_SEVEN",2026-09-02 16:15:14
0000268258,AAYUSH PETROMART BHARAT PETROLEUM DEALERS,AAYUSH PETROMART BHARAT PETROLEUM DEALERS,"MUSTIL NO 32,KILLA NO 17/2, 24/1","NH919, PHIDERI",REWARI,REWARI,Haryana,IN-27,123401,"MUSTIL NO 32,KILLA NO 17/2, 24/1, NH919, PHIDERI, REWARI, REWARI, 123401, India",9416889932,aayushpetromart@gmail.com,28.20443,76.67197,"DIESEL, PETROL","Automation, Air_Filling",2026-09-02 16:15:14
0000222779,ANNU FILLING STATION BHARAT PETROLEUM DEALERS,ANNU FILLING STATION BHARAT PETROLEUM DEALERS,VILLAGE DAWANA,GARHI BOLNI ROAD,REWARI,REWARI,Haryana,IN-27,123401,"VILLAGE DAWANA, GARHI BOLNI ROAD, REWARI, REWARI, 123401, India",9215588478,annu222779@bpclretail.in,28.1448262,76.6392195,"DIESEL, PETROL","Automation, Pure_Sure, Air_Filling, TWO_FOUR_SEVEN",2026-09-02 16:15:14
0000221647,AZAD HIND FILLING STATION BHARAT PETROLEUM DEALERS,AZAD HIND FILLING STATION BHARAT PETROLEUM DEALERS,KHIJURI,DELHI-JAIPUR ROAD,REWARI,REWARI,Haryana,IN-27,123401,"KHIJURI, DELHI-JAIPUR ROAD, REWARI, REWARI, 123401, India",9810250278,azadhind221647@bpclretail.in,28.180058,76.7121969,"DIESEL, PETROL","Automation, Pure_Sure, Air_Filling, TWO_FOUR_SEVEN",2026-09-02 16:15:14
0000139300,BP-ASALWAS BHARAT PETROLEUM CORPORATION L,BP-ASALWAS BHARAT PETROLEUM CORPORATION L,"NH-8, 92 KM STONE, VILLAGE ASALWAS",DELHI-JAIPUR ROAD,REWARI,REWARI,Haryana,IN-27,122104,"NH-8, 92 KM STONE, VILLAGE ASALWAS, DELHI-JAIPUR ROAD, REWARI, REWARI, 122104, India",9266661111,bp139300@bpclretail.in,28.117335,76.623244,"DIESEL, PETROL, SPEED","Automation, Parking, Air_Filling",2026-09-02 16:15:14
0000246324,CAPTAIN MANGAL SINGH INA PETRO BHARAT PETROLEUM DEALERS,CAPTAIN MANGAL SINGH INA PETRO BHARAT PETROLEUM DEALERS,VILLAGE GARHI,TEHSIL BAWAL,REWARI,REWARI,Haryana,IN-27,123401,"VILLAGE GARHI, TEHSIL BAWAL, REWARI, REWARI, 123401, India",9466039029,cc246324@bpclretail.in,28.115404,76.662491,"DIESEL, PETROL","Pure_Sure, Air_Filling, TWO_FOUR_SEVEN",2026-09-02 16:15:14
0000259952,FORTUNE FILLING STATION BHARAT PETROLEUM DEALERS,FORTUNE FILLING STATION BHARAT PETROLEUM DEALERS,"KILLA NO-100//15/1/1,",DHARUHERA TO NANDRAMPUR BASS ROAD,REWARI,REWARI,Haryana,IN-27,123106,"KILLA NO-100//15/1/1,, DHARUHERA TO NANDRAMPUR BASS ROAD, REWARI, REWARI, 123106, India",7014201977,fortunepumpbpcl@gmail.com,28.14691162,76.77785491,"DIESEL, PETROL","Automation, Pure_Sure, Air_Filling, TWO_FOUR_SEVEN",2026-09-02 16:15:14
0000229732,FRIENDS FILLING STATION BHARAT PETROLEUM DEALERS,FRIENDS FILLING STATION BHARAT PETROLEUM DEALERS,VILLAGE KATHUWAS,TEHSIL REWARI,REWARI,REWARI,Haryana,IN-27,123401,"VILLAGE KATHUWAS, TEHSIL REWARI, REWARI, REWARI, 123401, India",9416676817,cc229732@bpclretail.in,28.138089,76.654946,"DIESEL, PETROL","Pure_Sure, Air_Filling, TWO_FOUR_SEVEN",2026-09-02 16:15:14
0000158357,HIRA FILLING STATION BHARAT PETROLEUM DEALERS,HIRA FILLING STATION BHARAT PETROLEUM DEALERS,BHARAT PETROLEUM DEALER,DARUHERA CHOWK,REWARI,REWARI,Haryana,IN-27,124001,"BHARAT PETROLEUM DEALER, DARUHERA CHOWK, REWARI, REWARI, 124001, India",9416709800,hira158357@bpclretail.in,28.197671,76.625402,"DIESEL, PETROL, SPEED","Automation, Pure_Sure, Air_Filling, ATM, TWO_FOUR_SEVEN",2026-09-02 16:15:14
0000138339,KISAN FUELS BHARAT PETROLEUM CORPORATION L,KISAN FUELS BHARAT PETROLEUM CORPORATION L,VILLAGE KASAULA,NH08,REWARI,REWARI,Haryana,IN-27,123401,"VILLAGE KASAULA, NH08, REWARI, REWARI, 123401, India",9958111223,kisan138339@bpclretail.in,28.135718,76.650074,"DIESEL, PETROL","Automation, Air_Filling",2026-09-02 16:15:14
0000231146,KRISHNA PETROMART BHARAT PETROLEUM DEALERS,KRISHNA PETROMART BHARAT PETROLEUM DEALERS,VILLAGE NIKHRI,ON DELHI-JAIPUR ROAD,REWARI,REWARI,Haryana,IN-27,123401,"VILLAGE NIKHRI, ON DELHI-JAIPUR ROAD, REWARI, REWARI, 123401, India",9811912777,cc231146@bpclretail.in,28.189014434,76.7247619628,"DIESEL, PETROL","Pure_Sure, Air_Filling, TWO_FOUR_SEVEN",2026-09-02 16:15:14
0000197942,MEHAK FILLING STATION BHARAT PETROLEUM DEALERS,MEHAK FILLING STATION BHARAT PETROLEUM DEALERS,REWARI TO PATAUDI ROAD,VILL. DHOKI,REWARI,REWARI,Haryana,IN-27,123401,"REWARI TO PATAUDI ROAD, VILL. DHOKI, REWARI, REWARI, 123401, India",9468088848,mehakfs197942@bpclretail.in,28.242384,76.638763,"DIESEL, PETROL","Automation, Pure_Sure, Air_Filling, TWO_FOUR_SEVEN",2026-09-02 16:15:14
0000223325,P D FILLING STATION BHARAT PETROLEUM DEALERS,P D FILLING STATION BHARAT PETROLEUM DEALERS,SALHAWAS,NH08,REWARI,REWARI,Haryana,IN-27,123401,"SALHAWAS, NH08, REWARI, REWARI, 123401, India",9250079925,pd223325@bpclretail.in,28.146317,76.666255,"DIESEL, PETROL","Automation, Pure_Sure, Air_Filling, TWO_FOUR_SEVEN",2026-09-02 16:15:14
0000175257,PARADISE FILING STATION BHARAT PETROLEUM DEALERS,PARADISE FILING STATION BHARAT PETROLEUM DEALERS,BALIYAR KALAN,REWARI DHARUHERA ROAD-NH-71B,REWARI,REWARI,Haryana,IN-27,123401,"BALIYAR KALAN, REWARI DHARUHERA ROAD-NH-71B, REWARI, REWARI, 123401, India",8958123647,paradise175257@bpclretail.in,28.204276,76.692494,"DIESEL, PETROL","Automation, Pure_Sure, Air_Filling, TWO_FOUR_SEVEN",2026-09-02 16:15:14
0000238964,RAMDEI FUEL STATION BHARAT PETROLEUM DEALERS,RAMDEI FUEL STATION BHARAT PETROLEUM DEALERS,VILLAGE KHALILPURI,TEHSIL REWARI,REWARI,REWARI,Haryana,IN-27,123401,"VILLAGE KHALILPURI, TEHSIL REWARI, REWARI, REWARI, 123401, India",9728005550,cc238964@bpclretail.in,28.198187,76.659462,"DIESEL, PETROL","Pure_Sure, Air_Filling, TWO_FOUR_SEVEN",2026-09-02 16:15:14
0000230168,RAO INDER SINGH FUEL POINT BHARAT PETROLEUM DEALERS,RAO INDER SINGH FUEL POINT BHARAT PETROLEUM DEALERS,VILLAGE MANDIYAN KALAN,TEHSIL REWARI,REWARI,REWARI,Haryana,IN-27,123401,"VILLAGE MANDIYAN KALAN, TEHSIL REWARI, REWARI, REWARI, 123401, India",9992929293,cc230168@bpclretail.in,28.193911,76.661134,"DIESEL, PETROL","Pure_Sure, Air_Filling, TWO_FOUR_SEVEN",2026-09-02 16:15:14
0000212692,RAO INDER SINGH PETROL PUMP BHARAT PETROLEUM DEALERS,RAO INDER SINGH PETROL PUMP BHARAT PETROLEUM DEALERS,,,REWARI,REWARI,Haryana,IN-27,123401,", , REWARI, REWARI, 123401, India",9466666615,raoinder212692@bpclretail.in,28.2318937,76.6934283,"DIESEL, PETROL","Pure_Sure, Air_Filling, TWO_FOUR_SEVEN",2026-09-02 16:15:14
0000145664,SALASAR SERVICE STATION DELEAR BHARATPETROLEUM CORP.,SALASAR SERVICE STATION DELEAR BHARATPETROLEUM CORP.,"DODHAI, NH -8",DELHI- JAIPUR ROAD,REWARI,REWARI,Haryana,IN-27,123401,"DODHAI, NH -8, DELHI- JAIPUR ROAD, REWARI, REWARI, 123401, India",9910234056,salasar145664@bpclretail.in,28.126645,76.639058,"DIESEL, PETROL","Automation, Pure_Sure, Air_Filling, TWO_FOUR_SEVEN",2026-09-02 16:15:14
0000196449,SHAHEED DINDAYAL FUELS BHARAT PETROLEUM DEALERS,SHAHEED DINDAYAL FUELS BHARAT PETROLEUM DEALERS,VILL. AKERA,BHIWADI TO NH 08 ROAD,REWARI,REWARI,Haryana,IN-27,123106,"VILL. AKERA, BHIWADI TO NH 08 ROAD, REWARI, REWARI, 123106, India",9416907799,cc196449@bpclretail.in,28.2323,76.84039,"DIESEL, PETROL","Automation, Pure_Sure, Air_Filling, TWO_FOUR_SEVEN",2026-09-02 16:15:14
0000212684,SHIV FILLING STATION BHARAT PETROLEUM DEALERS,SHIV FILLING STATION BHARAT PETROLEUM DEALERS,VILLAGE DUNGARWAS,NH08,REWARI,REWARI,Haryana,IN-27,123401,"VILLAGE DUNGARWAS, NH08, REWARI, REWARI, 123401, India",9821137991,shivfill212684@bpclretail.in,28.19,76.73,"DIESEL, PETROL","Automation, Pure_Sure, Air_Filling, TWO_FOUR_SEVEN",2026-09-02 16:15:14
0000230439,SHIVAAY PETROMART BHARAT PETROLEUM DEALERS,SHIVAAY PETROMART BHARAT PETROLEUM DEALERS,VILLGAE KHIJURI,TEHSIL DHARUHERA,REWARI,REWARI,Haryana,IN-27,123106,"VILLGAE KHIJURI, TEHSIL DHARUHERA, REWARI, REWARI, 123106, India",9253555331,cc230439@bpclretail.in,28.178649,76.712483,"DIESEL, PETROL","Automation, Pure_Sure, Air_Filling, TWO_FOUR_SEVEN",2026-09-02 16:15:14
0000194278,SHREE SIDHI VINAYAK FUELS BHARAT PETROLEUM DEALERS,SHREE SIDHI VINAYAK FUELS BHARAT PETROLEUM DEALERS,NH 48(OLD NH 08) CH. 84.4,VILL SANGWADI,REWARI,REWARI,Haryana,IN-27,123401,"NH 48(OLD NH 08) CH. 84.4, VILL SANGWADI, REWARI, REWARI, 123401, India",9050918486,shreesi194278@bpclretail.in,28.159731,76.685547,"DIESEL, PETROL","Automation, Pure_Sure, Air_Filling, TWO_FOUR_SEVEN",2026-09-02 16:15:14
0000221032,SHREE TIRUMALA JEE FILLING STA BHARAT PETROLEUM DEALERS,SHREE TIRUMALA JEE FILLING STA BHARAT PETROLEUM DEALERS,KHIJURI,NH08,REWARI,REWARI,Haryana,IN-27,123401,"KHIJURI, NH08, REWARI, REWARI, 123401, India",9813123454,tirumala221032@bpclretail.in,28.167719,76.696816,"DIESEL, PETROL","Automation, Pure_Sure, Air_Filling, TWO_FOUR_SEVEN",2026-09-02 16:15:14
0000249258,SHRI SANWARIA SETH FILLING STA BHARAT PETROLEUM DEALERS,SHRI SANWARIA SETH FILLING STA BHARAT PETROLEUM DEALERS,"MUSTIL NO.21,KILLANO.12/2,18/1,19/1",BAKAPUR VILLAGE,REWARI,REWARI,Haryana,IN-27,123401,"MUSTIL NO.21,KILLANO.12/2,18/1,19/1, BAKAPUR VILLAGE, REWARI, REWARI, 123401, India",8222013446,cc249258@bpclretail.in,28.1206676,76.6526473,"DIESEL, PETROL, SPEED","Automation, Pure_Sure, Air_Filling, TWO_FOUR_SEVEN",2026-09-02 16:15:14
0000240852,SUNRISE PETROMART BHARAT PETROLEUM DEALERS,SUNRISE PETROMART BHARAT PETROLEUM DEALERS,VILLAGE ALAWALPUR AHIR,TEHSIL DHARUHERA,REWARI,REWARI,Haryana,IN-27,123106,"VILLAGE ALAWALPUR AHIR, TEHSIL DHARUHERA, REWARI, REWARI, 123106, India",9813454669,cc240852@bpclretail.in,28.16535,76.78363,"DIESEL, PETROL","Pure_Sure, Air_Filling, TWO_FOUR_SEVEN",2026-09-02 16:15:14
0000117078,JAGDISH PRASHAD BRIJ PARKASH BHARAT PETROLEUM DEALERS,JAGDISH PRASHAD BRIJ PARKASH BHARAT PETROLEUM DEALERS,"72 MILESTONE, NH-8,",DHARUHERA,DHARUHERA,"REWARI, HARYANA",Haryana,IN-27,123401,"72 MILESTONE, NH-8,, DHARUHERA, DHARUHERA, REWARI, HARYANA, 123401, India",9812055331,jagdishprashad117078@bpclretail.in,28.20599,76.7846,"DIESEL, PETROL","Automation, Pure_Sure, Air_Filling, Parking, TWO_FOUR_SEVEN",2026-09-02 16:15:14
0000258146,B.P SHRI BALAJI FILLING STATIO BHARAT PETROLEUM DEALERS,B.P SHRI BALAJI FILLING STATIO BHARAT PETROLEUM DEALERS,RO AT BHAINSRU KHURD,RO AT BHAINSRU KHURD,ROHTAK,ROHTAK,Haryana,IN-27,124501,"RO AT BHAINSRU KHURD, RO AT BHAINSRU KHURD, ROHTAK, ROHTAK, 124501, India",9896505467,khusbooohlyan19@gmail.com,28.804301,76.801483,"DIESEL, PETROL","Pure_Sure, Air_Filling, TWO_FOUR_SEVEN",2026-09-02 16:15:14
0000251837,BPRR PETROLEUMS LLP BHARAT PETROLEUM DEALERS,BPRR PETROLEUMS LLP BHARAT PETROLEUM DEALERS,HASANGARH,SAMPLA,ROHTAK,ROHTAK,Haryana,IN-27,124404,"HASANGARH, SAMPLA, ROHTAK, ROHTAK, 124404, India",9811016148,bprrpetroleums@gmail.com,28.819057,76.829712,"DIESEL, PETROL","Pure_Sure, Air_Filling, TWO_FOUR_SEVEN",2026-09-02 16:15:14
0000256843,JAI SHREE BALAJI FUELS STATION BHARAT PETROLEUM DEALERS,JAI SHREE BALAJI FUELS STATION BHARAT PETROLEUM DEALERS,HASANGARH,ON HASANGARH SAMPLA ROAD,ROHTAK,ROHTAK,Haryana,IN-27,124404,"HASANGARH, ON HASANGARH SAMPLA ROAD, ROHTAK, ROHTAK, 124404, India",9416000320,jaishree175239@bpclretail.in,28.845443,76.862648,"DIESEL, PETROL","Automation, Air_Filling",2026-09-02 16:15:14
0000149140,PHOOLWARI FILLING STATION BHARAT PETROLEUM DEALERS,PHOOLWARI FILLING STATION BHARAT PETROLEUM DEALERS,"NH-10, DELHI ROHTAK ROAD",ISMAILA,ROHTAK,ROHTAK,Haryana,IN-27,124001,"NH-10, DELHI ROHTAK ROAD, ISMAILA, ROHTAK, ROHTAK, 124001, India",9315440006,phoolwari149140@bpclretail.in,28.80830002,76.72640228,"DIESEL, PETROL","Automation, Pure_Sure, Air_Filling, TWO_FOUR_SEVEN",2026-09-02 16:15:14
0000117106,SHADI RAM UDMI RAM BHARAT PETROLEUM DEALERS,SHADI RAM UDMI RAM BHARAT PETROLEUM DEALERS,SAMPLA,,SAMPLA,ROHTAK,Haryana,IN-27,124112,"SAMPLA, , SAMPLA, ROHTAK, 124112, India",9896000194,shadiram117106@bpclretail.in,28.772758,76.772845,"DIESEL, PETROL","Automation, Pure_Sure, Air_Filling, TWO_FOUR_SEVEN",2026-09-02 16:15:14
0000124501,SHAHEED RAVINDER DAHIYA FILLIN VILLAGE GARHI SAMPLA,SHAHEED RAVINDER DAHIYA FILLIN VILLAGE GARHI SAMPLA,SUB-TEHSIL SAMPLA,NH-10,SAMPLA,ROHTAK,Haryana,IN-27,124021,"SUB-TEHSIL SAMPLA, NH-10, SAMPLA, ROHTAK, 124021, India",9215777761,ravinder124501@bpclretail.in,28.761114,76.785208,"DIESEL, PETROL, SPEED","Automation, Pure_Sure, Air_Filling, TWO_FOUR_SEVEN",2026-09-02 16:15:14
0000116377,SINGH MOTORS BHARAT PETROLEUM DEALERS,SINGH MOTORS BHARAT PETROLEUM DEALERS,G T ROAD,G T ROAD,BAHALGARH,SONEPAT      HARYANA,Haryana,IN-27,131001,"G T ROAD, G T ROAD, BAHALGARH, SONEPAT      HARYANA, 131001, India",9711768868,singh116377@bpclretail.in,28.95654,77.093253,"DIESEL, PETROL, SPEED","Automation, Pure_Sure, Air_Filling, TWO_FOUR_SEVEN",2026-09-02 16:15:14
0000157561,OM FILLING STATION BHARAT PETROLEUM DEALERS,OM FILLING STATION BHARAT PETROLEUM DEALERS,NARELA ROAD,VPO -AKBARPUR BAROTA,AKBARPUR BAROTA,SONIPAT,Haryana,IN-27,131001,"NARELA ROAD, VPO -AKBARPUR BAROTA, AKBARPUR BAROTA, SONIPAT, 131001, India",09991299167,om157561@bpclretail.in,28.895277,77.070513,"DIESEL, PETROL","Automation, Pure_Sure, Air_Filling, TWO_FOUR_SEVEN",2026-09-02 16:15:14
0000262073,BHARAT SINGH FILLING STATION BHARAT PETROLEUM DEALERS,BHARAT SINGH FILLING STATION BHARAT PETROLEUM DEALERS,MATINDU BYPASS,KHARKHODA,KHARKHODA,SONIPAT,Haryana,IN-27,131402,"MATINDU BYPASS, KHARKHODA, KHARKHODA, SONIPAT, 131402, India",9812986989,bharatsinghfillingstation014@gmail.com,28.882085,76.899864,"DIESEL, PETROL, SPEED","Automation, Pure_Sure, Air_Filling, TWO_FOUR_SEVEN",2026-09-02 16:15:14
0000255783,J.R. BROTHERS FILLING STATION BHARAT PETROLEUM DEALERS,J.R. BROTHERS FILLING STATION BHARAT PETROLEUM DEALERS,VILLAGE SILANA,KHARKHODA,KHARKHODA,SONIPAT,Haryana,IN-27,131408,"VILLAGE SILANA, KHARKHODA, KHARKHODA, SONIPAT, 131408, India",8053093876,surajswami4608@gmail.com,28.940603,76.843636,"DIESEL, PETROL","Automation, Pure_Sure, Air_Filling, TWO_FOUR_SEVEN",2026-09-02 16:15:14
0000262096,SHIV SHAKTI FUEL STATION BHARAT PETROLEUM DEALERS,SHIV SHAKTI FUEL STATION BHARAT PETROLEUM DEALERS,VILL SOHATI,KHARKHODA,KHARKHODA,SONIPAT,Haryana,IN-27,131402,"VILL SOHATI, KHARKHODA, KHARKHODA, SONIPAT, 131402, India",9354931663,poonam.sohati@gmail.com,28.810242,76.941856,"DIESEL, PETROL","Pure_Sure, Air_Filling, TWO_FOUR_SEVEN",2026-09-02 16:15:14
0000189184,KARANBHOOMI FUEL STATION BHARAT PETROLEUM DEALERS,KARANBHOOMI FUEL STATION BHARAT PETROLEUM DEALERS,KHARKODA - ROHTAK ROAD,VILLAGE ANANDPUR,KHARKODA,SONIPAT,Haryana,IN-27,131402,"KHARKODA - ROHTAK ROAD, VILLAGE ANANDPUR, KHARKODA, SONIPAT, 131402, India",9416295341,karanbh189184@bpclretail.in,28.903345,76.933823,"DIESEL, PETROL","Automation, Pure_Sure, Air_Filling, TWO_FOUR_SEVEN",2026-09-02 16:15:14
0000205807,TIRUPATI BALAJI FILLING STATIO BHARAT PETROLEUM DEALERS,TIRUPATI BALAJI FILLING STATIO BHARAT PETROLEUM DEALERS,VILL SISANA,SH 18,KHARKOHODA,SONIPAT,Haryana,IN-27,131402,"VILL SISANA, SH 18, KHARKOHODA, SONIPAT, 131402, India",9810881880,tirupati205807@bpclretail.in,28.901674,76.839409,"DIESEL, PETROL","Automation, Pure_Sure, Air_Filling, TWO_FOUR_SEVEN",2026-09-02 16:15:14
0000217675,31ST MILESTONE BHARAT PETROLEUM DEALERS,31ST MILESTONE BHARAT PETROLEUM DEALERS,KUNDLI,MAIN GT ROAD NH 44 OLD NH 1,SONIPAT,SONIPAT,Haryana,IN-27,131028,"KUNDLI, MAIN GT ROAD NH 44 OLD NH 1, SONIPAT, SONIPAT, 131028, India",9215576964,31milestone217675@bpclretail.in,28.86947,77.122909,"DIESEL, PETROL, SPEED","Automation, Pure_Sure, Air_Filling, TWO_FOUR_SEVEN",2026-09-02 16:15:14
0000176671,KIRANN FILLING STATION BHARAT PETROLEUM DEALERS,KIRANN FILLING STATION BHARAT PETROLEUM DEALERS,SONEPAT-NARELA ROAD,SECTOR-34,VILL RATDHANA,SONIPAT,Haryana,IN-27,131001,"SONEPAT-NARELA ROAD, SECTOR-34, VILL RATDHANA, SONIPAT, 131001, India",9212666096,kirann176671@bpclretail.in,28.952324,77.04416,"DIESEL, PETROL","Automation, Pure_Sure, Air_Filling, TWO_FOUR_SEVEN",2026-09-02 16:15:14
0000156078,RUDRA FILLING STATION BHARAT PETROLEUM DEALERS,RUDRA FILLING STATION BHARAT PETROLEUM DEALERS,"VILLAGE BHARETOR,PO SAI KHARSI",TEHSIL SADAR,BARETOR,BILASPUR,Himachal Pradesh,IN-28,174001,"VILLAGE BHARETOR,PO SAI KHARSI, TEHSIL SADAR, BARETOR, BILASPUR, 174001, India",7807255015,rudra156078@bpclretail.in,31.327222,76.865293,"DIESEL, PETROL, SPEED","Automation, Pure_Sure, Air_Filling, TWO_FOUR_SEVEN",2026-09-02 16:15:16
0000141738,S.C.TRANSPORT CO. BHARAT PETROLEUM DEALERS,S.C.TRANSPORT CO. BHARAT PETROLEUM DEALERS,NEAR B.D.T.S.PUKHAR HALL,NEAR B.D.T.S.PUKHAR HALL,BARMANA,BILASPUR,Himachal Pradesh,IN-28,174013,"NEAR B.D.T.S.PUKHAR HALL, NEAR B.D.T.S.PUKHAR HALL, BARMANA, BILASPUR, 174013, India",9816421576,sc141738@bpclretail.in,31.420792,76.832974,"DIESEL, PETROL","Automation, Pure_Sure, Air_Filling, Parking, TWO_FOUR_SEVEN",2026-09-02 16:15:16
0000247396,DEV BADU BARA FILLING STATION BHARAT PETROLEUM DEALERS,DEV BADU BARA FILLING STATION BHARAT PETROLEUM DEALERS,JABBAL-BAGGA ROAD,P.O SAI KHARSI,BILASPUR,BILASPUR,Himachal Pradesh,IN-28,174001,"JABBAL-BAGGA ROAD, P.O SAI KHARSI, BILASPUR, BILASPUR, 174001, India",9882505355,cc247396@bpclretail.in,31.326974,76.873137,"DIESEL, PETROL","Automation, Pure_Sure, Air_Filling, TWO_FOUR_SEVEN",2026-09-02 16:15:16
0000248217,NEXT GEN FUELET BHARAT PETROLEUM DEALERS,NEXT GEN FUELET BHARAT PETROLEUM DEALERS,NH-154,KIRATPUR-MANALI HIGHWAY,BILASPUR,BILASPUR,Himachal Pradesh,IN-28,174003,"NH-154, KIRATPUR-MANALI HIGHWAY, BILASPUR, BILASPUR, 174003, India",8580534099,anuvesh0006@gmail.com,31.4194126,76.7885086,"DIESEL, PETROL","Automation, Pure_Sure, Air_Filling, TWO_FOUR_SEVEN",2026-09-02 16:15:16
0000211400,PARTH FILLING STATION BHARAT PETROLEUM DEALERS,PARTH FILLING STATION BHARAT PETROLEUM DEALERS,VILLAGE SAYAR BORAHAR,TEHSIL SADAR,BILASPUR,BILASPUR,Himachal Pradesh,IN-28,174001,"VILLAGE SAYAR BORAHAR, TEHSIL SADAR, BILASPUR, BILASPUR, 174001, India",9857600057,sharma.hemraj.0057@gmail.com,31.324644,76.833573,"DIESEL, PETROL","Automation, Pure_Sure, Air_Filling, TWO_FOUR_SEVEN",2026-09-02 16:15:16
0000124591,RAM LAL ANAND AND SONS BHARAT PETROLEUM DEALERS,RAM LAL ANAND AND SONS BHARAT PETROLEUM DEALERS,CHANDIGARH MANALI ROAD,NH-21 BILASPUR,BILASPUR,BILASPUR,Himachal Pradesh,IN-28,174001,"CHANDIGARH MANALI ROAD, NH-21 BILASPUR, BILASPUR, BILASPUR, 174001, India",7018832002,ramlal124591@bpclretail.in,31.340954,76.763067,"DIESEL, PETROL, SPEED","Automation, Pure_Sure, Air_Filling, TWO_FOUR_SEVEN",2026-09-02 16:15:16
0000247373,VIHAN FILLING STATION BHARAT PETROLEUM DEALERS,VIHAN FILLING STATION BHARAT PETROLEUM DEALERS,BERI-NAVGAON ROAD,P.O SAI BRAHMNA,BILASPUR,BILASPUR,Himachal Pradesh,IN-28,174001,"BERI-NAVGAON ROAD, P.O SAI BRAHMNA, BILASPUR, BILASPUR, 174001, India",8580745014,cc247373@bpclretail.in,31.3252914,76.8680183,"DIESEL, PETROL","Automation, Pure_Sure, Air_Filling, TWO_FOUR_SEVEN",2026-09-02 16:15:16
0000140824,MAHAJAN SERVICE STATION BHARAT PETROLEUM DEALERS,MAHAJAN SERVICE STATION BHARAT PETROLEUM DEALERS,"GHAGGUS - SHIMLA ROAD, NH - 88",,BRAHAMPUKHAR,BILASPUR,Himachal Pradesh,IN-28,174001,"GHAGGUS - SHIMLA ROAD, NH - 88, , BRAHAMPUKHAR, BILASPUR, 174001, India",9816054024,mahajan140824@bpclretail.in,31.26686,76.812512,"DIESEL, PETROL, SPEED","Automation, Pure_Sure, Air_Filling, TWO_FOUR_SEVEN",2026-09-02 16:15:16
0000124589,HIGHWAY FUEL CENTER BHARAT PETROLEUM DEALERS,HIGHWAY FUEL CENTER BHARAT PETROLEUM DEALERS,BILASPUR MANDI ROAD,NH-21 NEAR GHAGUS BRIDGE,GHAGAS,BILASPUR,Himachal Pradesh,IN-28,174001,"BILASPUR MANDI ROAD, NH-21 NEAR GHAGUS BRIDGE, GHAGAS, BILASPUR, 174001, India",9816083783,highway124589@bpclretail.in,31.373663,76.800756,"DIESEL, PETROL, SPEED","Automation, Pure_Sure, Air_Filling, TWO_FOUR_SEVEN",2026-09-02 16:15:16
0000215690,SAGAR FILLING STATION BHARAT PETROLEUM DEALERS,SAGAR FILLING STATION BHARAT PETROLEUM DEALERS,FRANALI,NEAR ANI ON NH305,ANI,KULU,Himachal Pradesh,IN-28,172026,"FRANALI, NEAR ANI ON NH305, ANI, KULU, 172026, India",9816692568,jawaharlal89166@gmail.com,31.409234,77.386187,"DIESEL, PETROL","Pure_Sure, Air_Filling, TWO_FOUR_SEVEN",2026-09-02 16:15:16
0000259757,HRIDAY ENERGIES BHARAT PETROLEUM DEALERS,HRIDAY ENERGIES BHARAT PETROLEUM DEALERS,"KHASRA NO. 4926, MOHAL NIRMAND,","TEHSIL-NIRMAND, DIST. KULLU",KULLU,KULU,Himachal Pradesh,IN-28,172023,"KHASRA NO. 4926, MOHAL NIRMAND,, TEHSIL-NIRMAND, DIST. KULLU, KULLU, KULU, 172023, India",9988872237,wekaaskashyap@gmail.com,31.41427612,77.58182526,"DIESEL, PETROL","Pure_Sure, Air_Filling, TWO_FOUR_SEVEN",2026-09-02 16:15:16
0000124597,TILAK SERVICE STATION BHARAT PETROLEUM DEALERS,TILAK SERVICE STATION BHARAT PETROLEUM DEALERS,RAMPUR POAD,STATE HIGHWAY,KARSOG,MANDI,Himachal Pradesh,IN-28,175011,"RAMPUR POAD, STATE HIGHWAY, KARSOG, MANDI, 175011, India",9817019209,tilak124597@bpclretail.in,31.400391,77.198173,"DIESEL, PETROL","Automation, Pure_Sure, Air_Filling, TWO_FOUR_SEVEN",2026-09-02 16:15:16
0000255807,SHREE BDK VALLEY ENERGY STATIO BHARAT PETROLEUM DEALERS,SHREE BDK VALLEY ENERGY STATIO BHARAT PETROLEUM DEALERS,"RO AT VILLAGE CHAMDAR, DIST. MANDI",KHASRA NO. 209 TEHSIL NIHRI,MANDI,MANDI,Himachal Pradesh,IN-28,175031,"RO AT VILLAGE CHAMDAR, DIST. MANDI, KHASRA NO. 209 TEHSIL NIHRI, MANDI, MANDI, 175031, India",9816179879,nishadevi040481@gmail.com,31.441538,77.050532,"DIESEL, PETROL","Pure_Sure, Air_Filling, TWO_FOUR_SEVEN",2026-09-02 16:15:16
0000124588,KAMLA FILLING STATION BHARAT PETROLEUM DEALERS,KAMLA FILLING STATION BHARAT PETROLEUM DEALERS,"THEOG - KOTKHAI ROAD,",STATE HIGHWAY,CHAILLA,SHIMLA,Himachal Pradesh,IN-28,171202,"THEOG - KOTKHAI ROAD,, STATE HIGHWAY, CHAILLA, SHIMLA, 171202, India",9816805394,mohanchauhan1616@gmail.com,31.097773,77.419887,"DIESEL, PETROL","Automation, Pure_Sure, Air_Filling, TWO_FOUR_SEVEN",2026-09-02 16:15:16
0000254176,SHIRGUL MAHARAJ FILLING STATIO BHARAT PETROLEUM DEALERS,SHIRGUL MAHARAJ FILLING STATIO BHARAT PETROLEUM DEALERS,"KHASRA NO 3251/1/1, WARD NO 4",WARD NO 4,CHOPAL,SHIMLA,Himachal Pradesh,IN-28,171211,"KHASRA NO 3251/1/1, WARD NO 4, WARD NO 4, CHOPAL, SHIMLA, 171211, India",7837770148,shirgulmharajfillingstation@gmail.com,30.950767517089,77.58927154541,"DIESEL, PETROL","Pure_Sure, Air_Filling, TWO_FOUR_SEVEN",2026-09-02 16:15:16
0000124587,HIMACHAL FILLING STATION BHARAT PETROLEUM DEALERS,HIMACHAL FILLING STATION BHARAT PETROLEUM DEALERS,NEAR SANJAULI,NH-22,DHALLI,SHIMLA,Himachal Pradesh,IN-28,171012,"NEAR SANJAULI, NH-22, DHALLI, SHIMLA, 171012, India",9814020549,himachal124587@bpclretail.in,31.105179,77.205989,"DIESEL, PETROL","Automation, Pure_Sure, Air_Filling, TWO_FOUR_SEVEN",2026-09-02 16:15:16
0000210523,JDD KALTA FILLING STATION BHARAT PETROLEUM DEALERS,JDD KALTA FILLING STATION BHARAT PETROLEUM DEALERS,VILLAGE KHALTU NALA,TEHSIL KOTKHAI,KHALTU NALA,SHIMLA,Himachal Pradesh,IN-28,171202,"VILLAGE KHALTU NALA, TEHSIL KOTKHAI, KHALTU NALA, SHIMLA, 171202, India",7204300009,hempalkalta09@gmail.com,31.1647879,77.508436,"DIESEL, PETROL","Automation, Pure_Sure, Air_Filling, TWO_FOUR_SEVEN",2026-09-02 16:15:16
0000260462,SIVANSH FILLING STATION BHARAT PETROLEUM DEALERS,SIVANSH FILLING STATION BHARAT PETROLEUM DEALERS,"KHASRA NO 2614/2301,NH205","PO GHANAHATTI, PARECH",PARECH,SHIMLA,Himachal Pradesh,IN-28,171011,"KHASRA NO 2614/2301,NH205, PO GHANAHATTI, PARECH, PARECH, SHIMLA, 171011, India",9805349900,pitamberchauhan12@gmail.com,31.132858,77.088683,"DIESEL, PETROL","Pure_Sure, Air_Filling, TWO_FOUR_SEVEN",2026-09-02 16:15:16
0000212645,JAI MAA BHALAI FUEL SERVICE BHARAT PETROLEUM DEALERS,JAI MAA BHALAI FUEL SERVICE BHARAT PETROLEUM DEALERS,VILL KOTHI,"PO OGLI, TEHSIL SUNNI",SHIMLA,SHIMLA,Himachal Pradesh,IN-28,171019,"VILL KOTHI, PO OGLI, TEHSIL SUNNI, SHIMLA, SHIMLA, 171019, India",9857003700,jaimaabh212645@bpclretail.in,31.262498,77.277396,"DIESEL, PETROL","Pure_Sure, Air_Filling, TWO_FOUR_SEVEN",2026-09-02 16:15:16
0000222811,SHILON FILLING STATION BHARAT PETROLEUM DEALERS,SHILON FILLING STATION BHARAT PETROLEUM DEALERS,VILLAGE JANGLE AVAL MANOON,"SHILON BAGH, CHAIL TO KUFRI ROAD",TEHSIL SHIMLA (RURAL),SHIMLA,Himachal Pradesh,IN-28,171012,"VILLAGE JANGLE AVAL MANOON, SHILON BAGH, CHAIL TO KUFRI ROAD, TEHSIL SHIMLA (RURAL), SHIMLA, 171012, India",9218100888,shilonkoti@gmail.com,31.050912,77.261356,"DIESEL, PETROL","Pure_Sure, Air_Filling, TWO_FOUR_SEVEN",2026-09-02 16:15:16
0000254970,SKYLARK FILLING STATION BHARAT PETROLEUM DEALERS,SKYLARK FILLING STATION BHARAT PETROLEUM DEALERS,"KHASRA NUMBER 68, 69",MOHAL POHACH,THEOG,SHIMLA,Himachal Pradesh,IN-28,171201,"KHASRA NUMBER 68, 69, MOHAL POHACH, THEOG, SHIMLA, 171201, India",9817293063,skylarkfilling@gmail.com,31.11455,77.365697,"DIESEL, PETROL","Pure_Sure, Air_Filling, TWO_FOUR_SEVEN",2026-09-02 16:15:16
0000259415,ELITE FUELS BHARAT PETROLEUM DEALERS,ELITE FUELS BHARAT PETROLEUM DEALERS,"KHASRA NO 3315/819/1, VILLAGE KAMRA",DISTRICT SIRMAUR,KAMRAU,SIRMAUR,Himachal Pradesh,IN-28,173029,"KHASRA NO 3315/819/1, VILLAGE KAMRA, DISTRICT SIRMAUR, KAMRAU, SIRMAUR, 173029, India",9354444225,anandpump06@gmail.com,30.607956,77.683251,"DIESEL, PETROL","Automation, Pure_Sure, Air_Filling, TWO_FOUR_SEVEN",2026-09-02 16:15:16
0000143698,SHIRGUL FILLING STATION BHARAT PETROLEUM DEALERS,SHIRGUL FILLING STATION BHARAT PETROLEUM DEALERS,RAJGARH ROAD,NERI JANGILA (SANORA),NERI JENLIA,SIRMAUR,Himachal Pradesh,IN-28,173101,"RAJGARH ROAD, NERI JANGILA (SANORA), NERI JENLIA, SIRMAUR, 173101, India",8988300005,skgnhn@gmail.com,30.892867,77.224717,"DIESEL, PETROL, SPEED","Automation, Pure_Sure, Air_Filling, TWO_FOUR_SEVEN",2026-09-02 16:15:16
0000258124,DASHMESH PETRO ENERGY BHARAT PETROLEUM DEALERS,DASHMESH PETRO ENERGY BHARAT PETROLEUM DEALERS,KHASRA NO 246/161/99/37,VILLAGE GONDPUR TEHSIL PAONTA SAHIB,PAONTA SAHIB,SIRMAUR,Himachal Pradesh,IN-28,173025,"KHASRA NO 246/161/99/37, VILLAGE GONDPUR TEHSIL PAONTA SAHIB, PAONTA SAHIB, SIRMAUR, 173025, India",9816400021,hspaonta@gmail.com,30.4652,77.620478,"DIESEL, PETROL","Pure_Sure, Air_Filling, TWO_FOUR_SEVEN",2026-09-02 16:15:16
0000251024,FAUJI PETROL PUMP BHARAT PETROLEUM DEALERS,FAUJI PETROL PUMP BHARAT PETROLEUM DEALERS,"BAROTI WALA ROAD,HARIPURRAMPURGHAT","KHASRA NO 217/124,BAROTIWALA",PAONTA SAHIB,SIRMAUR,Himachal Pradesh,IN-28,173025,"BAROTI WALA ROAD,HARIPURRAMPURGHAT, KHASRA NO 217/124,BAROTIWALA, PAONTA SAHIB, SIRMAUR, 173025, India",7018437373,gaganpreet.fpp@gmail.com,30.454776,77.666234,"DIESEL, PETROL","Pure_Sure, Air_Filling, TWO_FOUR_SEVEN",2026-09-02 16:15:16
0000215619,SUKHDEV FILLING STATION BHARAT PETROLEUM DEALERS,SUKHDEV FILLING STATION BHARAT PETROLEUM DEALERS,"VILLAGE HARIPUR TOHANA, PO SHIVPUR","BANGRAN ROAD, PAONTA SAHIB",PAONTA SAHIB,SIRMAUR,Himachal Pradesh,IN-28,173025,"VILLAGE HARIPUR TOHANA, PO SHIVPUR, BANGRAN ROAD, PAONTA SAHIB, PAONTA SAHIB, SIRMAUR, 173025, India",9816800776,avsgill@gmail.com,30.465006,77.651863,"DIESEL, PETROL","Automation, Pure_Sure, Air_Filling, TWO_FOUR_SEVEN",2026-09-02 16:15:16
0000124602,RAJGARH FILLING STATION BHARAT PETROLEUM DEALERS,RAJGARH FILLING STATION BHARAT PETROLEUM DEALERS,RAJGARH ROAD,STATE HIGHWAY,RAJGARH,SIRMAUR,Himachal Pradesh,IN-28,173101,"RAJGARH ROAD, STATE HIGHWAY, RAJGARH, SIRMAUR, 173101, India",9418737676,rajgarh124602@bpclretail.in,30.846641,77.297815,"DIESEL, PETROL, SPEED","Automation, Pure_Sure, Air_Filling, TWO_FOUR_SEVEN",2026-09-02 16:15:16
0000140280,ANAND & CO. BHARAT PETROLEUM DEALERS,ANAND & CO. BHARAT PETROLEUM DEALERS,PAONTA SAHIB-RAJBAN ROAD,P.O.PAONTA SAHIB,SATAUN,SIRMAUR,Himachal Pradesh,IN-28,173025,"PAONTA SAHIB-RAJBAN ROAD, P.O.PAONTA SAHIB, SATAUN, SIRMAUR, 173025, India",8475888883,anand140280@bpclretail.in,30.554652,77.635413,"DIESEL, PETROL, SPEED","Automation, Pure_Sure, Air_Filling, TWO_FOUR_SEVEN",2026-09-02 16:15:16
0000239677,NOHRA FILLING STATION BHARAT PETROLEUM DEALERS,NOHRA FILLING STATION BHARAT PETROLEUM DEALERS,VPO NOHRADHAR,RAJGARH ROAD,SIRMAUR,SIRMAUR,Himachal Pradesh,IN-28,173104,"VPO NOHRADHAR, RAJGARH ROAD, SIRMAUR, SIRMAUR, 173104, India",7807855555,thakurvikram55555@gmail.com,30.817509,77.410756,"DIESEL, PETROL","Automation, Pure_Sure, Air_Filling, TWO_FOUR_SEVEN",2026-09-02 16:15:16
0000214466,MAA BHANGYANI FILLING STATION BHARAT PETROLEUM DEALERS,MAA BHANGYANI FILLING STATION BHARAT PETROLEUM DEALERS,"VILLAGE UCCHA GAON,PO KUNIHAR","TEHSIL ARKI, DISTRICT SOLAN",ARKI,SOLON,Himachal Pradesh,IN-28,173207,"VILLAGE UCCHA GAON,PO KUNIHAR, TEHSIL ARKI, DISTRICT SOLAN, ARKI, SOLON, 173207, India",9816560060,rajienderthakur@gmail.com,31.097798,76.964466,"DIESEL, PETROL","Automation, Pure_Sure, Air_Filling, TWO_FOUR_SEVEN",2026-09-02 16:15:16
0000216710,MAA SANTOSHI FILLING STATION BHARAT PETROLEUM DEALERS,MAA SANTOSHI FILLING STATION BHARAT PETROLEUM DEALERS,"PO JAI NAGAR, VILL. PATTA",JAMLI TO JAI NAGAR ROAD,ARKI,SOLON,Himachal Pradesh,IN-28,173221,"PO JAI NAGAR, VILL. PATTA, JAMLI TO JAI NAGAR ROAD, ARKI, SOLON, 173221, India",9816054024,pawankumar761987@gmail.com,31.1787474,76.8521712,"DIESEL, PETROL","Automation, Pure_Sure, Air_Filling, TWO_FOUR_SEVEN",2026-09-02 16:15:16
0000248127,CAK FILLING STATION BHARAT PETROLEUM DEALERS,CAK FILLING STATION BHARAT PETROLEUM DEALERS,SUNCITY ROAD,TEHSIL BADDI,BADDI,SOLON,Himachal Pradesh,IN-28,173205,"SUNCITY ROAD, TEHSIL BADDI, BADDI, SOLON, 173205, India",7018179100,aarifmohamad185@gmail.com,30.921882629394,76.804702758789,"DIESEL, PETROL","Automation, Pure_Sure, Air_Filling, TWO_FOUR_SEVEN",2026-09-02 16:15:14
0000196035,MAHALAKSHMI FILLING STATION BHARAT PETROLEUM DEALERS,MAHALAKSHMI FILLING STATION BHARAT PETROLEUM DEALERS,VPO KISHANPURA,NALAGARH BADDI ROAD,BADDI,SOLON,Himachal Pradesh,IN-28,174101,"VPO KISHANPURA, NALAGARH BADDI ROAD, BADDI, SOLON, 174101, India",9816653951,devi32351@gmail.com,30.974816,76.755196,"DIESEL, PETROL","Automation, Pure_Sure, Air_Filling, TWO_FOUR_SEVEN",2026-09-02 16:15:14
0000210407,NEELKANTH FILLING STATION BHARAT PETROLEUM DEALERS,NEELKANTH FILLING STATION BHARAT PETROLEUM DEALERS,VILLAGE MALKU MAJRA,TEHSIL BADDI,BADDI,SOLON,Himachal Pradesh,IN-28,173205,"VILLAGE MALKU MAJRA, TEHSIL BADDI, BADDI, SOLON, 173205, India",9816003384,sulekhchand42@gmail.com,30.962628,76.764985,"DIESEL, PETROL","Automation, Pure_Sure, Air_Filling, TWO_FOUR_SEVEN",2026-09-02 16:15:14
0000251902,RUDRA ICHADHARI FUELS BHARAT PETROLEUM DEALERS,RUDRA ICHADHARI FUELS BHARAT PETROLEUM DEALERS,VILLAGE MANPURA,TEHSIL BADDI,BADDI,SOLON,Himachal Pradesh,IN-28,174102,"VILLAGE MANPURA, TEHSIL BADDI, BADDI, SOLON, 174102, India",8629851074,rudraichadharifuels@gmail.com,30.989625930786,76.765075683593,"DIESEL, PETROL","Pure_Sure, Air_Filling, TWO_FOUR_SEVEN",2026-09-02 16:15:14
0000143699,SATYAM SERVICE STATION BHARAT PETROLEUM DEALERS,SATYAM SERVICE STATION BHARAT PETROLEUM DEALERS,BILASPUR-SHIMLA ROAD,CHAMKRIPUL,CHAMKRIPUL,SOLON,Himachal Pradesh,IN-28,171102,"BILASPUR-SHIMLA ROAD, CHAMKRIPUL, CHAMKRIPUL, SOLON, 171102, India",9805003050,satyam143699@bpclretail.in,31.241914,76.912566,,Air_Filling,2026-09-02 16:15:16
0000264104,VIHAN FILLING STATION ADHOC BHARAT PETROLEUM DEALERS,VIHAN FILLING STATION ADHOC BHARAT PETROLEUM DEALERS,VILLAGE CHAMAKDIPUL TEHSIL ARKI,DIST SOLAN,CHAMKRIPUL,SOLON,Himachal Pradesh,IN-28,171102,"VILLAGE CHAMAKDIPUL TEHSIL ARKI, DIST SOLAN, CHAMKRIPUL, SOLON, 171102, India",8580745014,cc247373@bpclretail.in,31.241914,76.912566,"DIESEL, PETROL",Air_Filling,2026-09-02 16:15:16
0000124584,JAI MATA NAINA DEVI FILLING ST BHARAT PETROLEUM DEALERS,JAI MATA NAINA DEVI FILLING ST BHARAT PETROLEUM DEALERS,SHIMLA BILASPUR ROAD,NH-88 TEHSIL ARKI,DARLAGHAT,SOLON,Himachal Pradesh,IN-28,171102,"SHIMLA BILASPUR ROAD, NH-88 TEHSIL ARKI, DARLAGHAT, SOLON, 171102, India",9816237977,jaimata124584@bpclretail.in,31.232499,76.929152,"DIESEL, PETROL","Automation, Pure_Sure, Air_Filling, TWO_FOUR_SEVEN",2026-09-02 16:15:16
0000186508,ROYAL PETRO BHARAT PETROLEUM DEALERS,ROYAL PETRO BHARAT PETROLEUM DEALERS,CHHAMLA CHAMAKHRIPUL,"NH88, DARLAGHAT-BILASPUR ROAD",DARLAGHAT,SOLON,Himachal Pradesh,IN-28,171102,"CHHAMLA CHAMAKHRIPUL, NH88, DARLAGHAT-BILASPUR ROAD, DARLAGHAT, SOLON, 171102, India",9816146230,royalpe186508@bpclretail.in,31.256969,76.912761,"DIESEL, PETROL","Automation, Pure_Sure, Air_Filling, TWO_FOUR_SEVEN",2026-09-02 16:15:16
0000124586,SAWHNEY AUTOMOBILES BHARAT PETROLEUM DEALERS,SAWHNEY AUTOMOBILES BHARAT PETROLEUM DEALERS,SHIMLA KALKA ROAD,NH-22,KANDAGHAT,SOLON,Himachal Pradesh,IN-28,173215,"SHIMLA KALKA ROAD, NH-22, KANDAGHAT, SOLON, 173215, India",9816064890,sawhney124586@bpclretail.in,30.971598,77.109962,"DIESEL, PETROL, SPEED","In_Out, Automation, Pure_Sure, Air_Filling, TWO_FOUR_SEVEN",2026-09-02 16:15:14
0000255139,AMBIKA FILLING STATION BHARAT PETROLEUM DEALERS,AMBIKA FILLING STATION BHARAT PETROLEUM DEALERS,"KHASRA NO 15 ,MOHAL BANLAG",TEHSIL KRISHANGARH KUTHAR,KASAULI,SOLON,Himachal Pradesh,IN-28,173206,"KHASRA NO 15 ,MOHAL BANLAG, TEHSIL KRISHANGARH KUTHAR, KASAULI, SOLON, 173206, India",9625665653,bhupinderkmr1975@gmail.com,30.982752,76.95112,"DIESEL, PETROL","Pure_Sure, Air_Filling, TWO_FOUR_SEVEN",2026-09-02 16:15:14
0000251884,OP FILLING STATION BHARAT PETROLEUM DEALERS,OP FILLING STATION BHARAT PETROLEUM DEALERS,KHASRA NO 127/3/1,VILLAGE KAUNTA WARLA TEHSIL KASAULI,KASAULI,SOLON,Himachal Pradesh,IN-28,173201,"KHASRA NO 127/3/1, VILLAGE KAUNTA WARLA TEHSIL KASAULI, KASAULI, SOLON, 173201, India",9882000053,9882000053om@gmail.com,30.952047,76.902061,"DIESEL, PETROL","Pure_Sure, Air_Filling, TWO_FOUR_SEVEN",2026-09-02 16:15:14
0000249566,SURYA FILLING STATION BHARAT PETROLEUM DEALERS,SURYA FILLING STATION BHARAT PETROLEUM DEALERS,KHASRA NO 13/1,VILLAGE MANDO MATKANDA,KASAULI,SOLON,Himachal Pradesh,IN-28,173209,"KHASRA NO 13/1, VILLAGE MANDO MATKANDA, KASAULI, SOLON, 173209, India",7650005556,surya.filling.station05@gmail.com,30.9028838,77.0049256,"DIESEL, PETROL, SPEED","Pure_Sure, Air_Filling, TWO_FOUR_SEVEN",2026-09-02 16:15:14
0000141745,SHOOLINI  FILLING STATION BHARAT PETROLEUM DEALERS,SHOOLINI  FILLING STATION BHARAT PETROLEUM DEALERS,SOLAN - DHARAMPUR BYEPASS ROAD,NH-22,KUMARHATTI,SOLON,Himachal Pradesh,IN-28,173229,"SOLAN - DHARAMPUR BYEPASS ROAD, NH-22, KUMARHATTI, SOLON, 173229, India",9839966568,shoolini141745@bpclretail.in,30.889753,77.060103,"DIESEL, PETROL, SPEED","Automation, Pure_Sure, Air_Filling, TWO_FOUR_SEVEN",2026-09-02 16:15:14
0000256971,DEVDHAR FILLING STATION BHARAT PETROLEUM DEALERS,DEVDHAR FILLING STATION BHARAT PETROLEUM DEALERS,"KHASRAA NO 202/2, HAMNI","MAMLIGH, KANDAGHAT, SOLAN",MAMLIGH,SOLON,Himachal Pradesh,IN-28,173222,"KHASRAA NO 202/2, HAMNI, MAMLIGH, KANDAGHAT, SOLAN, MAMLIGH, SOLON, 173222, India",8219206005,amittanwar2171976@gmail.com,31.061551,77.0402,"DIESEL, PETROL","Pure_Sure, Air_Filling, TWO_FOUR_SEVEN",2026-09-02 16:15:14
0000225415,DAKSH FILLING STATION BHARAT PETROLEUM DEALERS,DAKSH FILLING STATION BHARAT PETROLEUM DEALERS,"VILLAGE MAGANPURA, PO MANJHOLI",TEHSIL NALAGARH,NALAGARH,SOLON,Himachal Pradesh,IN-28,174101,"VILLAGE MAGANPURA, PO MANJHOLI, TEHSIL NALAGARH, NALAGARH, SOLON, 174101, India",9501624003,amit.chaudhary1004@gmail.com,31.028503,76.656527,"DIESEL, PETROL","Pure_Sure, Air_Filling, TWO_FOUR_SEVEN",2026-09-02 16:15:14
0000249254,JASPAL FILLING STATION BHARAT PETROLEUM DEALERS,JASPAL FILLING STATION BHARAT PETROLEUM DEALERS,"KHASRA NO. 215/54/1, 215/54/2","VILLAGE MUSEWAL,NALAGARH, SOLAN - 1",NALAGARH,SOLON,Himachal Pradesh,IN-28,174101,"KHASRA NO. 215/54/1, 215/54/2, VILLAGE MUSEWAL,NALAGARH, SOLAN - 1, NALAGARH, SOLON, 174101, India",9418176160,satvirsingh22@gmail.com,31.035647,76.682497,"DIESEL, PETROL","Pure_Sure, Air_Filling, TWO_FOUR_SEVEN",2026-09-02 16:15:14
0000194217,KRISHNA FILLING STATION BHARAT PETROLEUM DEALERS,KRISHNA FILLING STATION BHARAT PETROLEUM DEALERS,NALAGARH - BHARATGARH ROAD,VILLAGE DABHOTA,NALAGARH,SOLON,Himachal Pradesh,IN-28,174101,"NALAGARH - BHARATGARH ROAD, VILLAGE DABHOTA, NALAGARH, SOLON, 174101, India",9736027766,anil.prashar1@gmail.com,31.073440307508,76.658209334567,"DIESEL, PETROL","Automation, Pure_Sure, Air_Filling, TWO_FOUR_SEVEN",2026-09-02 16:15:14
0000267361,SHREE RADHE KRISHNA FILLING ST BHARAT PETROLEUM DEALERS,SHREE RADHE KRISHNA FILLING ST BHARAT PETROLEUM DEALERS,NEAR AKAASH HOSPITAL,VILLAGE-RAKH RAM SINGH,NALAGARH,SOLON,Himachal Pradesh,IN-28,174101,"NEAR AKAASH HOSPITAL, VILLAGE-RAKH RAM SINGH, NALAGARH, SOLON, 174101, India",8906700001,choudhary1467guri@gmail.com,31.0359438,76.7105834,"DIESEL, PETROL",Air_Filling,2026-09-02 16:15:14
0000124585,KALKA FILLING STATION BHARAT PETROLEUM DEALERS,KALKA FILLING STATION BHARAT PETROLEUM DEALERS,SHIMLA KALKA ROAD,NH-22 NEAR BPC DEPOT,PARWANOO,SOLON,Himachal Pradesh,IN-28,173220,"SHIMLA KALKA ROAD, NH-22 NEAR BPC DEPOT, PARWANOO, SOLON, 173220, India",9815366189,kalka124585@bpclretail.in,30.84141,76.950813,"DIESEL, PETROL, SPEED","Automation, Pure_Sure, Air_Filling, TWO_FOUR_SEVEN",2026-09-02 16:15:14
0000215626,"JAGGO BABA FILLING STATION, BHARAT PETROLEUM DEALERS","JAGGO BABA FILLING STATION, BHARAT PETROLEUM DEALERS","VILLAGE PONDI,TEHSIL RAMSHAHR",DISTRICT SOLAN,RAMSHAHR,SOLON,Himachal Pradesh,IN-28,174102,"VILLAGE PONDI,TEHSIL RAMSHAHR, DISTRICT SOLAN, RAMSHAHR, SOLON, 174102, India",8219250005,balbirchandel1891@gmail.com,31.063107,76.850038,"DIESEL, PETROL","Automation, Pure_Sure, Air_Filling, TWO_FOUR_SEVEN",2026-09-02 16:15:14
0000221856,BALAJI FILLING STATION BHARAT PETROLEUM DEALERS,BALAJI FILLING STATION BHARAT PETROLEUM DEALERS,"NEAR SABJI MANDI, KATHER BYE PASS",SOLAN,SOLAN,SOLON,Himachal Pradesh,IN-28,173211,"NEAR SABJI MANDI, KATHER BYE PASS, SOLAN, SOLAN, SOLON, 173211, India",9816222640,rs1610sfs@gmail.com,30.912855,77.094726,"DIESEL, PETROL","Automation, Pure_Sure, Air_Filling, TWO_FOUR_SEVEN",2026-09-02 16:15:14
0000251078,JAI BABA HARIPUR FILLING STATI BHARAT PETROLEUM DEALERS,JAI BABA HARIPUR FILLING STATI BHARAT PETROLEUM DEALERS,KHASRA 25 VILLAGE THAIDPURA,"NEAR SHIV MANDIR, BAROTIWALA",SOLAN,SOLON,Himachal Pradesh,IN-28,173233,"KHASRA 25 VILLAGE THAIDPURA, NEAR SHIV MANDIR, BAROTIWALA, SOLAN, SOLON, 173233, India",7650083471,jaggobaba215626@gmail.com,30.946573257446,76.883682250976,"DIESEL, PETROL","Pure_Sure, Air_Filling, TWO_FOUR_SEVEN",2026-09-02 16:15:14
0000261246,PAL FILLING STATION BHARAT PETROLEUM DEALERS,PAL FILLING STATION BHARAT PETROLEUM DEALERS,"KHASRA NO 219/128/39, MOHAL LOHANJI",TEHSIL SOLAN,SOLAN,SOLON,Himachal Pradesh,IN-28,173229,"KHASRA NO 219/128/39, MOHAL LOHANJI, TEHSIL SOLAN, SOLAN, SOLON, 173229, India",9736580009,sourabhaggarwal26@gmail.com,30.881729125976,77.066200256347,"DIESEL, PETROL","Pure_Sure, Air_Filling, TWO_FOUR_SEVEN",2026-09-02 16:15:14
0000243282,RL FILLING STATION BHARAT PETROLEUM DEALERS,RL FILLING STATION BHARAT PETROLEUM DEALERS,VILLAGE KAKKARGHAT PO KAKKARHATTI,SOLAN,SOLAN,SOLON,Himachal Pradesh,IN-28,173206,"VILLAGE KAKKARGHAT PO KAKKARHATTI, SOLAN, SOLAN, SOLON, 173206, India",9816812890,ashokkumar36717@gmail.com,31.000013,76.974212,"DIESEL, PETROL","Automation, Pure_Sure, Air_Filling, TWO_FOUR_SEVEN",2026-09-02 16:15:14
0000233757,SAKSHI FILLING STATION BHARAT PETROLEUM DEALERS,SAKSHI FILLING STATION BHARAT PETROLEUM DEALERS,VILLAGE BAROG TEHSIL SOLAN,NH-05,SOLAN,SOLON,Himachal Pradesh,IN-28,173212,"VILLAGE BAROG TEHSIL SOLAN, NH-05, SOLAN, SOLON, 173212, India",9816220744,amitsahni0744@gmail.com,30.880182,77.079522,"DIESEL, PETROL","Automation, Pure_Sure, Air_Filling, TWO_FOUR_SEVEN",2026-09-02 16:15:14
0000139945,SOLAN FILLING STATION (ADHOC) BHARAT PETROLEUM DEALERS,SOLAN FILLING STATION (ADHOC) BHARAT PETROLEUM DEALERS,THE MALL,NEAR ST. LUKE S SCHOOL,SOLAN,SOLON,Himachal Pradesh,IN-28,173212,"THE MALL, NEAR ST. LUKE S SCHOOL, SOLAN, SOLON, 173212, India",9816222640,solan139945@bpclretail.in,30.914505,77.104728,"DIESEL, PETROL","Pure_Sure, Air_Filling, Parking, TWO_FOUR_SEVEN",2026-09-02 16:15:14
0000249821,VALLEY VIEW FILLING STATION BHARAT PETROLEUM DEALERS,VALLEY VIEW FILLING STATION BHARAT PETROLEUM DEALERS,KHASRA NO 329 AND 332,NEARBY LANDMARK PINEGROVE SCHOOL,SOLAN,SOLON,Himachal Pradesh,IN-28,173209,"KHASRA NO 329 AND 332, NEARBY LANDMARK PINEGROVE SCHOOL, SOLAN, SOLON, 173209, India",9536641000,bhupender1984@gmail.com,30.8915309906,76.997901916503,"DIESEL, PETROL","Pure_Sure, Air_Filling, TWO_FOUR_SEVEN",2026-09-02 16:15:14
0000225519,VRINDA FILLING STATION BHARAT PETROLEUM DEALERS,VRINDA FILLING STATION BHARAT PETROLEUM DEALERS,"VILLAGE KALOL, MOHAL BAROG",TEHSIL & DISTRICT SOLAN,SOLAN,SOLON,Himachal Pradesh,IN-28,173229,"VILLAGE KALOL, MOHAL BAROG, TEHSIL & DISTRICT SOLAN, SOLAN, SOLON, 173229, India",9882688164,sandeep78.sa@gmail.com,30.887419,77.069087,"DIESEL, PETROL, SPEED","Pure_Sure, Air_Filling, TWO_FOUR_SEVEN",2026-09-02 16:15:14
0000210522,MAHADEV FILLING STATION BHARAT PETROLEUM DEALERS,MAHADEV FILLING STATION BHARAT PETROLEUM DEALERS,BAROTIWALA ROAD,BURANWALA,TEHSIL BADDI,SOLON,Himachal Pradesh,IN-28,174103,"BAROTIWALA ROAD, BURANWALA, TEHSIL BADDI, SOLON, 174103, India",9418951156,subhashrealestate0074@gmail.com,30.913239,76.832112,"DIESEL, PETROL","Pure_Sure, Air_Filling, TWO_FOUR_SEVEN",2026-09-02 16:15:14
0000212887,JAI MATA FILLING STATION BHARAT PETROLEUM DEALERS,JAI MATA FILLING STATION BHARAT PETROLEUM DEALERS,NEAR PARWARI REVENUE OFFICE,"HARIPUR ROAD, BAROTIWALA",VILLAGE BAROTIWALA,SOLON,Himachal Pradesh,IN-28,174103,"NEAR PARWARI REVENUE OFFICE, HARIPUR ROAD, BAROTIWALA, VILLAGE BAROTIWALA, SOLON, 174103, India",9805424724,jaimataf212887@bpclretail.in,30.907576,76.845199,"DIESEL, PETROL","Automation, Pure_Sure, Air_Filling, TWO_FOUR_SEVEN",2026-09-02 16:15:14
0000139023,JAIMATA NAINA DEVI FILLING STN BHARAT PETROLEUM DEALERS,JAIMATA NAINA DEVI FILLING STN BHARAT PETROLEUM DEALERS,"PINJORE - NALAGARH ROAD, NH 21A",,BADDI,"SOLON,  HIMACHAL",Himachal Pradesh,IN-28,173205,"PINJORE - NALAGARH ROAD, NH 21A, , BADDI, SOLON,  HIMACHAL, 173205, India",,jaimata139023@bpclretail.in,30.928484,76.791129,"DIESEL, PETROL","Automation, Pure_Sure, Air_Filling, TWO_FOUR_SEVEN",2026-09-02 16:15:14
0000201387,SHREE  RAM PETROLEUM BHARAT PETROLEUM DEALERS,SHREE  RAM PETROLEUM BHARAT PETROLEUM DEALERS,PINJORENALAGARH ROAD,,BADDI,"SOLON,  HIMACHAL",Himachal Pradesh,IN-28,173205,"PINJORENALAGARH ROAD, , BADDI, SOLON,  HIMACHAL, 173205, India",9413004546,mkhichi960@gmail.com,30.928484,76.791129,"DIESEL, PETROL","Automation, Pure_Sure, Air_Filling, TWO_FOUR_SEVEN",2026-09-02 16:15:14
0000174667,SAI FILLING STATION BHARAT PETROLEUM DEALERS,SAI FILLING STATION BHARAT PETROLEUM DEALERS,"KHUNDI DHAR, RAJGARH ROAD",SOLAN,SOLAN,"SOLON,  HIMACHAL",Himachal Pradesh,IN-28,173212,"KHUNDI DHAR, RAJGARH ROAD, SOLAN, SOLAN, SOLON,  HIMACHAL, 173212, India",9418029445,sai174667@bpclretail.in,30.895153,77.102651,"DIESEL, PETROL, SPEED","Automation, Pure_Sure, Air_Filling, TWO_FOUR_SEVEN",2026-09-02 16:15:14
0000124583,SOLAN FILLING STATION BHARAT PETROLEUM DEALERS,SOLAN FILLING STATION BHARAT PETROLEUM DEALERS,"SOLAN BYE PASS ROAD, NH-22",KALKA-SHIMLA ROAD,SOLAN,"SOLON,  HIMACHAL",Himachal Pradesh,IN-28,173212,"SOLAN BYE PASS ROAD, NH-22, KALKA-SHIMLA ROAD, SOLAN, SOLON,  HIMACHAL, 173212, India",9317350077,solan124583@bpclretail.in,30.909481,77.095408,"DIESEL, PETROL, SPEED","Automation, Pure_Sure, Air_Filling, TWO_FOUR_SEVEN",2026-09-02 16:15:14
0000247939,BP-KASHMIR BHARAT PETROLEUM DEALERS,BP-KASHMIR BHARAT PETROLEUM DEALERS,TURKA TACHLOO,NH-44 ANANTNAG,ANANTNAG,ANANTNAG,Jammu & Kashmir,IN-16,192232,"TURKA TACHLOO, NH-44 ANANTNAG, ANANTNAG, ANANTNAG, 192232, India",8494019969,Aadilbodha11@gmail.com,33.7377,75.0963,"DIESEL, PETROL, SPEED","Pure_Sure, Air_Filling, TWO_FOUR_SEVEN",2026-09-02 16:15:16
0000124726,ZUMZUM AUTO AIDS BHARAT PETROLEUM DEALERS,ZUMZUM AUTO AIDS BHARAT PETROLEUM DEALERS,KHANABAL ANANTNAG ROAD ANANTNAG,KHANABAL,ANANTNAG,ANANTNAG,Jammu & Kashmir,IN-16,192102,"KHANABAL ANANTNAG ROAD ANANTNAG, KHANABAL, ANANTNAG, ANANTNAG, 192102, India",9797098485,zumzum124726@bpclretail.in,33.736155,75.141956,"DIESEL, PETROL, SPEED","Automation, Pure_Sure, Air_Filling, TWO_FOUR_SEVEN",2026-09-02 16:15:16
0000142754,HAFIZ FILLING STATION BHARAT PETROLEUM DEALERS,HAFIZ FILLING STATION BHARAT PETROLEUM DEALERS,BATINGOO,BATINGOO,BATINGOO,ANANTNAG,Jammu & Kashmir,IN-16,192101,"BATINGOO, BATINGOO, BATINGOO, ANANTNAG, 192101, India",9018888968,hafiz142754@bpclretail.in,33.753438,75.120362,"DIESEL, PETROL","Automation, Pure_Sure, Air_Filling, TWO_FOUR_SEVEN",2026-09-02 16:15:16
0000114844,HIGHWAY FILLING STATION BHARAT PETROLEUM DEALERS,HIGHWAY FILLING STATION BHARAT PETROLEUM DEALERS,KHANABAL - ANANTNAG ROAD,KHANABAL,KHANNABAL,ANANTNAG,Jammu & Kashmir,IN-16,192101,"KHANABAL - ANANTNAG ROAD, KHANABAL, KHANNABAL, ANANTNAG, 192101, India",9419193270,highway114844@bpclretail.in,33.744068,75.126705,"DIESEL, PETROL, SPEED","Automation, Pure_Sure, Air_Filling, ATM, TWO_FOUR_SEVEN",2026-09-02 16:15:16
0000194567,AKHTER FILLING STATION BHARAT PETROLEUM DEALERS,AKHTER FILLING STATION BHARAT PETROLEUM DEALERS,NEAR TOLL PLAZA KACHKOOT,MARHAMA SANGAM,SANGAM,ANANTNAG,Jammu & Kashmir,IN-16,192124,"NEAR TOLL PLAZA KACHKOOT, MARHAMA SANGAM, SANGAM, ANANTNAG, 192124, India",9906473121,majidali9906@gmail.com,33.850346254576,75.052164008659,"DIESEL, PETROL","Automation, Pure_Sure, Air_Filling, TWO_FOUR_SEVEN",2026-09-02 16:15:16
0000205612,BASHARAT FILLING STATION BHARAT PETROLEUM DEALERS,BASHARAT FILLING STATION BHARAT PETROLEUM DEALERS,"KALOOSA, BANDIPORA SOPORE ROAD",TEHSIL BANDIPORA,BANDIPORA,BANDIPORA,Jammu & Kashmir,IN-16,193502,"KALOOSA, BANDIPORA SOPORE ROAD, TEHSIL BANDIPORA, BANDIPORA, BANDIPORA, 193502, India",9622276542,arshidbasharat@gmail.com,34.4251206845,74.6305590134,"DIESEL, PETROL","Automation, Pure_Sure, Air_Filling, TWO_FOUR_SEVEN",2026-09-02 16:15:16
0000179780,JAHANGEER FILLING STATION BHARAT PETROLEUM DEALERS,JAHANGEER FILLING STATION BHARAT PETROLEUM DEALERS,S.K. BALLA,SAFAPORA,GUND SADARKOT,BANDIPORA,Jammu & Kashmir,IN-16,193504,"S.K. BALLA, SAFAPORA, GUND SADARKOT, BANDIPORA, 193504, India",9419051823,jahangee179780@bpclretail.in,34.3046620338,74.6641552474,"DIESEL, PETROL","Automation, Pure_Sure, Air_Filling, TWO_FOUR_SEVEN",2026-09-02 16:15:16
0000182151,JEHLUM VALLEY FILLING STATION BHARAT PETROLEUM DEALERS,JEHLUM VALLEY FILLING STATION BHARAT PETROLEUM DEALERS,SARAI DANGERPORA,SUMBAL,SARAI DANGERPORA,BANDIPORA,Jammu & Kashmir,IN-16,193501,"SARAI DANGERPORA, SUMBAL, SARAI DANGERPORA, BANDIPORA, 193501, India",9419011985,jehlumv182151@bpclretail.in,34.2952577,74.5697617,"DIESEL, PETROL","Automation, Pure_Sure, Air_Filling, TWO_FOUR_SEVEN",2026-09-02 16:15:16
0000182347,KIRMANIA FILLING STATION BHARAT PETROLEUM DEALERS,KIRMANIA FILLING STATION BHARAT PETROLEUM DEALERS,VILLAGE SHILWAT,SUMBAL,SUMBAL,BANDIPORA,Jammu & Kashmir,IN-16,193501,"VILLAGE SHILWAT, SUMBAL, SUMBAL, BANDIPORA, 193501, India",8899977484,kirmania182347@bpclretail.in,34.215342881,74.650900397,"DIESEL, PETROL","Automation, Pure_Sure, Air_Filling, TWO_FOUR_SEVEN",2026-09-02 16:15:16
0000230458,ORCHARD VIEW FILLING STATION BHARAT PETROLEUM DEALERS,ORCHARD VIEW FILLING STATION BHARAT PETROLEUM DEALERS,VILLAGE BULGAM,TEHSIL KHOIE,BARAMULLA,BARAMULLA,Jammu & Kashmir,IN-16,193201,"VILLAGE BULGAM, TEHSIL KHOIE, BARAMULLA, BARAMULLA, 193201, India",7006334968,orchardview230458@gmail.com,34.229796,74.496103,"DIESEL, PETROL","Pure_Sure, Air_Filling, TWO_FOUR_SEVEN",2026-09-02 16:15:16
0000256382,GULMARG ENERGY POINT BHARAT PETROLEUM DEALERS,GULMARG ENERGY POINT BHARAT PETROLEUM DEALERS,CHICHILORA BARAMULLA,CHICHILORA BARAMULLA,CHICHILORA,BARAMULLA,Jammu & Kashmir,IN-16,193401,"CHICHILORA BARAMULLA, CHICHILORA BARAMULLA, CHICHILORA, BARAMULLA, 193401, India",7006847440,gulmargenergypoint2025@gmail.com,34.0924235,74.5688975,"DIESEL, PETROL","Pure_Sure, Air_Filling, TWO_FOUR_SEVEN",2026-09-02 16:15:16
0000187125,KHAN FILLING STATION BHARAT PETROLEUM DEALERS,KHAN FILLING STATION BHARAT PETROLEUM DEALERS,AGRIKALAN,MAGAM,MAGAM,BARAMULLA,Jammu & Kashmir,IN-16,193401,"AGRIKALAN, MAGAM, MAGAM, BARAMULLA, 193401, India",9205361254,khan187125@bpclretail.in,34.095722,74.601833,"DIESEL, PETROL","Automation, Pure_Sure, Air_Filling, TWO_FOUR_SEVEN",2026-09-02 16:15:16
0000243364,GULAB FILLING STATION BHARAT PETROLEUM DEALERS,GULAB FILLING STATION BHARAT PETROLEUM DEALERS,MANGLORA KUNZER,MANGLORA KUNZER,MANGLORA,BARAMULLA,Jammu & Kashmir,IN-16,193121,"MANGLORA KUNZER, MANGLORA KUNZER, MANGLORA, BARAMULLA, 193121, India",7006009023,gulabflsm@gmail.com,34.088387,74.526768,"DIESEL, PETROL","Pure_Sure, Air_Filling, TWO_FOUR_SEVEN",2026-09-02 16:15:16
0000114858,AZEEZ FILLING STATION BHARAT PETROLEUM DEALERS,AZEEZ FILLING STATION BHARAT PETROLEUM DEALERS,SRINAGAR BARAMULLA ROAD,PATTAN,PATTAN,BARAMULLA,Jammu & Kashmir,IN-16,193121,"SRINAGAR BARAMULLA ROAD, PATTAN, PATTAN, BARAMULLA, 193121, India",9906225999,aaqib.bilal@rediffmail.com,34.1448595349,74.5732366118,"DIESEL, PETROL, SPEED","Automation, Pure_Sure, Air_Filling, Parking, TWO_FOUR_SEVEN",2026-09-02 16:15:16
0000149556,WELCOME FILLING STATION BHARAT PETROLEUM DEALERS,WELCOME FILLING STATION BHARAT PETROLEUM DEALERS,BPCL PUMP,BPCL PUMP,SIELO SOPORE,BARAMULLA,Jammu & Kashmir,IN-16,193201,"BPCL PUMP, BPCL PUMP, SIELO SOPORE, BARAMULLA, 193201, India",9419075733,welcome149556@bpclretail.in,34.317989041583,74.430293577732,"DIESEL, PETROL","Automation, Pure_Sure, Air_Filling, TWO_FOUR_SEVEN",2026-09-02 16:15:16
0000237692,AARCO PETROLEUM BHARAT PETROLEUM DEALERS,AARCO PETROLEUM BHARAT PETROLEUM DEALERS,SINGHPORA,SRINAGAR BARAMULLAH ROAD NH1,SINGHPORA,BARAMULLA,Jammu & Kashmir,IN-16,193121,"SINGHPORA, SRINAGAR BARAMULLAH ROAD NH1, SINGHPORA, BARAMULLA, 193121, India",9797948793,aarcopetroleum@gmail.com,34.1511024779,74.6207594632,"DIESEL, PETROL","Pure_Sure, Air_Filling, TWO_FOUR_SEVEN",2026-09-02 16:15:16
0000114855,HASSAN MOTORS BHARAT PETROLEUM DEALERS,HASSAN MOTORS BHARAT PETROLEUM DEALERS,SOPORE,SOPORE,SOPORE,BARAMULLA,Jammu & Kashmir,IN-16,193201,"SOPORE, SOPORE, SOPORE, BARAMULLA, 193201, India",9906541605,hassan114855@bpclretail.in,34.28037424149,74.46244597184,"DIESEL, PETROL, SPEED","Automation, Pure_Sure, Air_Filling, ATM, TWO_FOUR_SEVEN",2026-09-02 16:15:16
0000141561,ASHAI S FILLING STATION BHARAT PETROLEUM DEALERS,ASHAI S FILLING STATION BHARAT PETROLEUM DEALERS,SRINAGAR BARAMULLA ROAD,SRINAGAR BARAMULLA ROAD,TAPPER-SANGRAMA,BARAMULLA,Jammu & Kashmir,IN-16,193121,"SRINAGAR BARAMULLA ROAD, SRINAGAR BARAMULLA ROAD, TAPPER-SANGRAMA, BARAMULLA, 193121, India",9906742111,ashais141561@bpclretail.in,34.196808969648,74.515216946253,"DIESEL, PETROL, SPEED","Automation, Pure_Sure, Air_Filling, ATM, TWO_FOUR_SEVEN",2026-09-02 16:15:16
0000253881,NORTH KASHMIR FILLING STATION BHARAT PETROLEUM DEALERS,NORTH KASHMIR FILLING STATION BHARAT PETROLEUM DEALERS,VILLAGE WADOORA,ZAINGEER BARAMULLA,WADOORA,BARAMULLA,Jammu & Kashmir,IN-16,193201,"VILLAGE WADOORA, ZAINGEER BARAMULLA, WADOORA, BARAMULLA, 193201, India",7006416815,ishfaqakram93@gmail.com,34.357157835856,74.39448532853,"DIESEL, PETROL, SPEED","Pure_Sure, Air_Filling, TWO_FOUR_SEVEN",2026-09-02 16:15:16
0000149443,WULAR FUEL STATION BHARAT PETROLEUM DEALERS,WULAR FUEL STATION BHARAT PETROLEUM DEALERS,SOPORE-BANDIPORA ROAD,,WARPORA,"BARAMULLA, JAMMU & KASHMI",Jammu & Kashmir,IN-16,193201,"SOPORE-BANDIPORA ROAD, , WARPORA, BARAMULLA, JAMMU & KASHMI, 193201, India",,wular149443@bpclretail.in,34.3544655,74.4408385,,Air_Filling,2026-09-02 16:15:16
0000141298,ITIFAQ FILLING STATION BHARAT PETROLEUM DEALERS,ITIFAQ FILLING STATION BHARAT PETROLEUM DEALERS,SHEIKHIPORA,SHEIKHIPORA,BUDGAM,BUDGAM,Jammu & Kashmir,IN-16,191111,"SHEIKHIPORA, SHEIKHIPORA, BUDGAM, BUDGAM, 191111, India",7780991200,mohidin191111@gmail.com,34.0298428895,74.7505106469,"DIESEL, PETROL, SPEED","Automation, Pure_Sure, Air_Filling, TWO_FOUR_SEVEN",2026-09-02 16:15:16
0000182213,SOFI FILLING STATION BHARAT PETROLEUM DEALERS,SOFI FILLING STATION BHARAT PETROLEUM DEALERS,VILLAGE ZOORIBAGH,BUDGAM,BUDGAM,BUDGAM,Jammu & Kashmir,IN-16,191111,"VILLAGE ZOORIBAGH, BUDGAM, BUDGAM, BUDGAM, 191111, India",9469536674,sofifil182213@bpclretail.in,33.997114101918,74.737517303286,"DIESEL, PETROL","Automation, Pure_Sure, Air_Filling, TWO_FOUR_SEVEN",2026-09-02 16:15:16
0000192911,SHAH FUELS BHARAT PETROLEUM DEALERS,SHAH FUELS BHARAT PETROLEUM DEALERS,ZALOOSA,CHRAR I SHARIEF,CHRAR I SHARIEF,BUDGAM,Jammu & Kashmir,IN-16,191112,"ZALOOSA, CHRAR I SHARIEF, CHRAR I SHARIEF, BUDGAM, 191112, India",9149519758,shahfuels192911@bpclretail.in,33.896924,74.796141,"DIESEL, PETROL","Automation, Pure_Sure, Air_Filling, TWO_FOUR_SEVEN",2026-09-02 16:15:16
0000184790,SULTAN FUELS BHARAT PETROLEUM DEALERS,SULTAN FUELS BHARAT PETROLEUM DEALERS,BHAGAT-I-KANIPORA,CHADOORA,KANIPORA,BUDGAM,Jammu & Kashmir,IN-16,190015,"BHAGAT-I-KANIPORA, CHADOORA, KANIPORA, BUDGAM, 190015, India",9906746511,sultanf184790@bpclretail.in,34.0080962601,74.8352703438,"DIESEL, PETROL, SPEED","Automation, Pure_Sure, Air_Filling, TWO_FOUR_SEVEN",2026-09-02 16:15:16
0000244662,PRIME FUELS BHARAT PETROLEUM DEALERS,PRIME FUELS BHARAT PETROLEUM DEALERS,VILLAGE POONCHGUND,VILLAGE POONCHGUND,PUNCHGUND,BUDGAM,Jammu & Kashmir,IN-16,193411,"VILLAGE POONCHGUND, VILLAGE POONCHGUND, PUNCHGUND, BUDGAM, 193411, India",9906853558,primefuels9@gmail.com,34.0290899872,74.6510195027,"DIESEL, PETROL","Pure_Sure, Air_Filling, TWO_FOUR_SEVEN",2026-09-02 16:15:16
0000178370,BARKAT FILLING STATION BHARAT PETROLEUM DEALERS,BARKAT FILLING STATION BHARAT PETROLEUM DEALERS,CHATTERGAM,BADGAM,VILL CHITTERGAM,BUDGAM,Jammu & Kashmir,IN-16,190015,"CHATTERGAM, BADGAM, VILL CHITTERGAM, BUDGAM, 190015, India",9419027906,barkatf178370@bpclretail.in,33.984593026,74.846955894,"DIESEL, PETROL","Automation, Pure_Sure, Air_Filling, TWO_FOUR_SEVEN",2026-09-02 16:15:16
0000191270,AL QUDDUS FILLING STATION BHARAT PETROLEUM DEALERS,AL QUDDUS FILLING STATION BHARAT PETROLEUM DEALERS,KRIMSHORE,TEHSIL KHANSAHIB,VILL KRIMSHORE,BUDGAM,Jammu & Kashmir,IN-16,192121,"KRIMSHORE, TEHSIL KHANSAHIB, VILL KRIMSHORE, BUDGAM, 192121, India",9906642568,alquddus191270@bpclretail.in,33.95800846174,74.72640703345,"DIESEL, PETROL","Automation, Pure_Sure, Air_Filling, TWO_FOUR_SEVEN",2026-09-02 16:15:16
0000177962,G M FILLING STATION BHARAT PETROLEUM DEALERS,G M FILLING STATION BHARAT PETROLEUM DEALERS,RAKH SHALINA TEH. CHADOORA,,VILL RAKH SHALINA,BUDGAM,Jammu & Kashmir,IN-16,192121,"RAKH SHALINA TEH. CHADOORA, , VILL RAKH SHALINA, BUDGAM, 192121, India",9419004237,gm177962@bpclretail.in,34.0014616,74.9091853,,"Automation, Air_Filling",2026-09-02 16:15:16
0000144540,PARISTAN FILLING STATION BHARAT PETROLEUM DEALERS,PARISTAN FILLING STATION BHARAT PETROLEUM DEALERS,VILLAGE PORJAT,GAGANGEER SONMARG,GANDERBAL,GANDERBAL,Jammu & Kashmir,IN-16,191203,"VILLAGE PORJAT, GAGANGEER SONMARG, GANDERBAL, GANDERBAL, 191203, India",9419071761,paristan144540@bpclretail.in,34.2797957716,75.185989803,"DIESEL, PETROL","Automation, Pure_Sure, Air_Filling, TWO_FOUR_SEVEN",2026-09-02 16:15:16
0000250428,SINDH VIEW FILLING STATION BHARAT PETROLEUM DEALERS,SINDH VIEW FILLING STATION BHARAT PETROLEUM DEALERS,"NH-01, VILLAGE FRAW HAKNAR","NH-01, VILLAGE FRAW HAKNAR",GUND,GANDERBAL,Jammu & Kashmir,IN-16,191202,"NH-01, VILLAGE FRAW HAKNAR, NH-01, VILLAGE FRAW HAKNAR, GUND, GANDERBAL, 191202, India",9906788081,ftariqahmad83@gmail.com,34.242182,75.064274,"DIESEL, PETROL","Pure_Sure, Air_Filling, TWO_FOUR_SEVEN",2026-09-02 16:15:16
0000150749,M.S.FILLING STATION BHARAT PETROLEUM DEALERS,M.S.FILLING STATION BHARAT PETROLEUM DEALERS,VILL AGE WUSSAN,TEHSIL KANGAN,KANGAN,GANDERBAL,Jammu & Kashmir,IN-16,192101,"VILL AGE WUSSAN, TEHSIL KANGAN, KANGAN, GANDERBAL, 192101, India",9797722700,ms150749@bpclretail.in,34.2878178335,74.8385414277,"DIESEL, PETROL","Automation, Pure_Sure, Air_Filling, ATM, TWO_FOUR_SEVEN",2026-09-02 16:15:16
0000255026,ABDULLAH ENERGY POINT BHARAT PETROLEUM DEALERS,ABDULLAH ENERGY POINT BHARAT PETROLEUM DEALERS,MANIGAM,LAR,MANIGAM,GANDERBAL,Jammu & Kashmir,IN-16,191202,"MANIGAM, LAR, MANIGAM, GANDERBAL, 191202, India",9906510569,mubashir1913@gmail.com,34.2803031,74.8107456,"DIESEL, PETROL, SPEED","Pure_Sure, Air_Filling, TWO_FOUR_SEVEN",2026-09-02 16:15:16
0000240613,TAPLOO FILLING STATION BHARAT PETROLEUM DEALERS,TAPLOO FILLING STATION BHARAT PETROLEUM DEALERS,PANDACH,AHMAD NAGAR,PANDICH AHMADNAGAR,GANDERBAL,Jammu & Kashmir,IN-16,191201,"PANDACH, AHMAD NAGAR, PANDICH AHMADNAGAR, GANDERBAL, 191201, India",7006502104,taploohamid@gmail.com,34.17673136003,74.807410123648,"DIESEL, PETROL","Pure_Sure, Air_Filling, TWO_FOUR_SEVEN",2026-09-02 16:15:16
0000178056,BHAT MOTORS BHARAT PETROLEUM DEALERS,BHAT MOTORS BHARAT PETROLEUM DEALERS,VILLAGE DARAND,GANDERBAL,VILLAGE DARAND,GANDERBAL,Jammu & Kashmir,IN-16,191202,"VILLAGE DARAND, GANDERBAL, VILLAGE DARAND, GANDERBAL, 191202, India",9419071761,bhat178056@bpclretail.in,34.2054466673,74.7973917454,"DIESEL, PETROL","Automation, Pure_Sure, Air_Filling, TWO_FOUR_SEVEN",2026-09-02 16:15:16
0000185876,AADITYA FILLING STATION BHARAT PETROLEUM DEALERS,AADITYA FILLING STATION BHARAT PETROLEUM DEALERS,GURHA PATTAN,AKHNOOR BYEPASS,AKHNOOR,JAMMU,Jammu & Kashmir,IN-16,181122,"GURHA PATTAN, AKHNOOR BYEPASS, AKHNOOR, JAMMU, 181122, India",9906040442,aaditya185876@bpclretail.in,32.88814,74.751319,"DIESEL, PETROL","Automation, Pure_Sure, Air_Filling, TWO_FOUR_SEVEN",2026-09-02 16:15:16
0000239620,B.R FILLING STATION BHARAT PETROLEUM DEALERS,B.R FILLING STATION BHARAT PETROLEUM DEALERS,"VILLAGE NARYANA, KHOUR (BIJOWALA)",JAMMU,AKHNOOR,JAMMU,Jammu & Kashmir,IN-16,181203,"VILLAGE NARYANA, KHOUR (BIJOWALA), JAMMU, AKHNOOR, JAMMU, 181203, India",9419129027,jsmanhas04@gmail.com,32.84980011,74.51779938,"DIESEL, PETROL","Pure_Sure, Air_Filling, TWO_FOUR_SEVEN",2026-09-02 16:15:16
0000143641,PAWAR FILLING STATION BHARAT PETROLEUM DEALERS,PAWAR FILLING STATION BHARAT PETROLEUM DEALERS,MAIN ROAD,NEAR KAMESHWAR MANDIR,AKHNOOR,JAMMU,Jammu & Kashmir,IN-16,181201,"MAIN ROAD, NEAR KAMESHWAR MANDIR, AKHNOOR, JAMMU, 181201, India",9419100575,pawar143641@bpclretail.in,32.903036,74.74284,"DIESEL, PETROL, SPEED","Automation, Pure_Sure, Air_Filling, TWO_FOUR_SEVEN",2026-09-02 16:15:16
0000114830,BISHNAH FILLING STATION BHARAT PETROLEUM DEALERS,BISHNAH FILLING STATION BHARAT PETROLEUM DEALERS,BARI-BRAHMNA ROAD BISHNAH,BISHNAH,BISHNAH,JAMMU,Jammu & Kashmir,IN-16,181132,"BARI-BRAHMNA ROAD BISHNAH, BISHNAH, BISHNAH, JAMMU, 181132, India",7006215564,bishnah114830@bpclretail.in,32.619106,74.868076,"DIESEL, PETROL","Automation, Pure_Sure, Air_Filling, TWO_FOUR_SEVEN",2026-09-02 16:15:16
0000238314,JBL AUTO FILLING STATION BHARAT PETROLEUM DEALERS,JBL AUTO FILLING STATION BHARAT PETROLEUM DEALERS,"VILLAGE CHAK JAGIR, TEHSIL MARH",DISTRICT JAMMU,CHAK JAGIR,JAMMU,Jammu & Kashmir,IN-16,180002,"VILLAGE CHAK JAGIR, TEHSIL MARH, DISTRICT JAMMU, CHAK JAGIR, JAMMU, 180002, India",9419155823,manhas.surinder3@gmail.com,32.770051,74.760495,"DIESEL, PETROL","Pure_Sure, Air_Filling, TWO_FOUR_SEVEN",2026-09-02 16:15:16
0000235996,MADHAV FILLING STATION BHARAT PETROLEUM DEALERS,MADHAV FILLING STATION BHARAT PETROLEUM DEALERS,VILLAGE CHAK RAM DASS,"TEHSIL ARNIA, DISTRICT JAMMU",CHAK RAMDASS,JAMMU,Jammu & Kashmir,IN-16,181131,"VILLAGE CHAK RAM DASS, TEHSIL ARNIA, DISTRICT JAMMU, CHAK RAMDASS, JAMMU, 181131, India",9906281179,jatinderjindhi@gmail.com,32.524411,74.82177,"DIESEL, PETROL","Pure_Sure, Air_Filling, TWO_FOUR_SEVEN",2026-09-02 16:15:16
0000226517,SRI CHANDER PETRO BHARAT PETROLEUM DEALERS,SRI CHANDER PETRO BHARAT PETROLEUM DEALERS,GHO MANHASA,JAMMU,GHO MANASA,JAMMU,Jammu & Kashmir,IN-16,181206,"GHO MANHASA, JAMMU, GHO MANASA, JAMMU, 181206, India",9419107786,ascgc786@gmail.com,32.723736,74.739543,"DIESEL, PETROL","Automation, Pure_Sure, Air_Filling, TWO_FOUR_SEVEN",2026-09-02 16:15:16
0000143645,SHANKAR FILLING STATION BHARAT PETROLEUM DEALERS,SHANKAR FILLING STATION BHARAT PETROLEUM DEALERS,GREATER KAILASH,BYE PASS ROAD,GREATER KAILASH,JAMMU,Jammu & Kashmir,IN-16,180011,"GREATER KAILASH, BYE PASS ROAD, GREATER KAILASH, JAMMU, 180011, India",9858265165,shankar143645@bpclretail.in,32.673204,74.888217,"DIESEL, PETROL, SPEED","Automation, Air_Filling",2026-09-02 16:15:16
0000235385,DATTA FILLING STATION BHARAT PETROLEUM DEALERS,DATTA FILLING STATION BHARAT PETROLEUM DEALERS,GURHA PATTAN,AKHNOOR BYE PASS,GURHA PATTAN,JAMMU,Jammu & Kashmir,IN-16,181206,"GURHA PATTAN, AKHNOOR BYE PASS, GURHA PATTAN, JAMMU, 181206, India",9419148337,vishash07@gmail.com,32.884741,74.741171,"DIESEL, PETROL, SPEED","Pure_Sure, Air_Filling, TWO_FOUR_SEVEN",2026-09-02 16:15:16
0000201885,A#*JKSRTC FUELS BHARAT PETROLEUM DEALERS,A#*JKSRTC FUELS BHARAT PETROLEUM DEALERS,TRANSPORT NAGAR,NARWAL,JAMMU,JAMMU,Jammu & Kashmir,IN-16,180004,"TRANSPORT NAGAR, NARWAL, JAMMU, JAMMU, 180004, India",7889645614,tajinder.singh123@gmail.com,32.707634,74.886887,"DIESEL, PETROL","Automation, Pure_Sure, Air_Filling, TWO_FOUR_SEVEN",2026-09-02 16:15:16
0000240412,AMAR FILLING STATION ADHOC BHARAT PETROLEUM DEALERS,AMAR FILLING STATION ADHOC BHARAT PETROLEUM DEALERS,TALAB TILLOO,NEAR BEE ENN HOSPITAL,JAMMU,JAMMU,Jammu & Kashmir,IN-16,180001,"TALAB TILLOO, NEAR BEE ENN HOSPITAL, JAMMU, JAMMU, 180001, India",9796688971,amar114827@bpclretail.in,32.729733,74.842086,,"In_Out, Automation, Air_Filling",2026-09-02 16:15:16
0000254910,AMAR FILLING STATION ADHOC BHARAT PETROLEUM DEALERS,AMAR FILLING STATION ADHOC BHARAT PETROLEUM DEALERS,TALAB TILLO,TALAB TILLO,JAMMU,JAMMU,Jammu & Kashmir,IN-16,180001,"TALAB TILLO, TALAB TILLO, JAMMU, JAMMU, 180001, India",7889973674,oberoihardeep17@gmail.com,32.729733,74.842086,,"Automation, Pure_Sure, Air_Filling, TWO_FOUR_SEVEN",2026-09-02 16:15:16
0000114827,AMAR FILLING STATION BHARAT PETROLEUM DEALERS,AMAR FILLING STATION BHARAT PETROLEUM DEALERS,DOGRA HALL,JAMMU,JAMMU,JAMMU,Jammu & Kashmir,IN-16,180001,"DOGRA HALL, JAMMU, JAMMU, JAMMU, 180001, India",9796688971,amar114827@bpclretail.in,32.73767,74.863086,"DIESEL, PETROL","Automation, Pure_Sure, Air_Filling, TWO_FOUR_SEVEN",2026-09-02 16:15:16
0000263492,AUTO FUEL ADHOC BHARAT PETROLEUM DEALERS,AUTO FUEL ADHOC BHARAT PETROLEUM DEALERS,TALAB TILLO,TALAB TILLO,JAMMU,JAMMU,Jammu & Kashmir,IN-16,180001,"TALAB TILLO, TALAB TILLO, JAMMU, JAMMU, 180001, India",9858488786,arshadchoudhary789@gmail.com,32.729664,74.842086,"DIESEL, PETROL, SPEED","Automation, Pure_Sure, Air_Filling, TWO_FOUR_SEVEN",2026-09-02 16:15:16
0000114828,AUTO FUEL BHARAT PETROLEUM DEALERS,AUTO FUEL BHARAT PETROLEUM DEALERS,B.C. ROAD,JAMMU,JAMMU,JAMMU,Jammu & Kashmir,IN-16,180001,"B.C. ROAD, JAMMU, JAMMU, JAMMU, 180001, India",9858488786,auto114828@bpclretail.in,32.733771,74.858183,"DIESEL, PETROL, SPEED","Automation, Pure_Sure, Air_Filling, TWO_FOUR_SEVEN",2026-09-02 16:15:16
0000260964,AVTAR FUELS BHARAT PETROLEUM DEALERS,AVTAR FUELS BHARAT PETROLEUM DEALERS,DEOLI,DEOLI,JAMMU,JAMMU,Jammu & Kashmir,IN-16,181132,"DEOLI, DEOLI, JAMMU, JAMMU, 181132, India",9419120537,DALJEETS937@GMAIL.COM,32.5979,74.8391,"DIESEL, PETROL, SPEED","Automation, Pure_Sure, Air_Filling, TWO_FOUR_SEVEN",2026-09-02 16:15:16
0000114829,BEACON SHYAM LALL BHARAT PETROLEUM DEALERS,BEACON SHYAM LALL BHARAT PETROLEUM DEALERS,B.C. ROAD,JAMMU,JAMMU,JAMMU,Jammu & Kashmir,IN-16,180001,"B.C. ROAD, JAMMU, JAMMU, JAMMU, 180001, India",,beacon114829@bpclretail.in,32.742445,74.859531,,"Pure_Sure, Air_Filling, TWO_FOUR_SEVEN",2026-09-02 16:15:16
0000114831,BHARAT MOTOR & CYCLE CO. BHARAT PETROLEUM DEALERS,BHARAT MOTOR & CYCLE CO. BHARAT PETROLEUM DEALERS,WAREHOUSE,JAMMU,JAMMU,JAMMU,Jammu & Kashmir,IN-16,180001,"WAREHOUSE, JAMMU, JAMMU, JAMMU, 180001, India",9419197065,bharat114831@bpclretail.in,32.715057,74.856751,"DIESEL, PETROL","Automation, Pure_Sure, Air_Filling, TWO_FOUR_SEVEN",2026-09-02 16:15:16
0000114832,BHARAT MOTOR & CYCLE CO. BHARAT PETROLEUM DEALERS,BHARAT MOTOR & CYCLE CO. BHARAT PETROLEUM DEALERS,BELOW GUMMAT,JAMMU,JAMMU,JAMMU,Jammu & Kashmir,IN-16,180001,"BELOW GUMMAT, JAMMU, JAMMU, JAMMU, 180001, India",9419260164,bharat114832@bpclretail.in,32.726464,74.859124,"DIESEL, PETROL, SPEED","Automation, Pure_Sure, Air_Filling, TWO_FOUR_SEVEN",2026-09-02 16:15:16
0000143644,FAIRDEAL FILLING STATION BHARAT PETROLEUM DEALERS,FAIRDEAL FILLING STATION BHARAT PETROLEUM DEALERS,GANGYAL,GANGYAL,JAMMU,JAMMU,Jammu & Kashmir,IN-16,180004,"GANGYAL, GANGYAL, JAMMU, JAMMU, 180004, India",9622628017,fairdeal143644@bpclretail.in,32.670688,74.870203,"DIESEL, PETROL, SPEED","Automation, Pure_Sure, Air_Filling, TWO_FOUR_SEVEN",2026-09-02 16:15:16
0000114833,H.S. SURINDER SINGH & CO. BHARAT PETROLEUM DEALERS,H.S. SURINDER SINGH & CO. BHARAT PETROLEUM DEALERS,CANAL ROAD,JAMMU,JAMMU,JAMMU,Jammu & Kashmir,IN-16,180001,"CANAL ROAD, JAMMU, JAMMU, JAMMU, 180001, India",9419197362,surinder114833@bpclretail.in,32.73328,74.839989,"DIESEL, PETROL, SPEED","Automation, Air_Filling",2026-09-02 16:15:16
0000201843,JKSRTC FUELS BHARAT PETROLEUM DEALERS,JKSRTC FUELS BHARAT PETROLEUM DEALERS,RAIL HEAD,OPPOSITE JAMMU RAILWAY STN,JAMMU,JAMMU,Jammu & Kashmir,IN-16,180004,"RAIL HEAD, OPPOSITE JAMMU RAILWAY STN, JAMMU, JAMMU, 180004, India",9596885162,s.kavinder1968@gmail.com,32.706242,74.876027,"DIESEL, PETROL","Automation, Pure_Sure, Air_Filling, TWO_FOUR_SEVEN",2026-09-02 16:15:16
0000246794,KASHMIR AUTOMOBILE STORE ADHOC BHARAT PETROLEUM DEALERS,KASHMIR AUTOMOBILE STORE ADHOC BHARAT PETROLEUM DEALERS,TALAB TILLOO,NEAR BEE ENN HOSPITAL,JAMMU,JAMMU,Jammu & Kashmir,IN-16,180001,"TALAB TILLOO, NEAR BEE ENN HOSPITAL, JAMMU, JAMMU, 180001, India",9596678000,kautomobilesstore@gmail.com,32.729733,74.842086,"DIESEL, PETROL, SPEED","In_Out, Air_Filling",2026-09-02 16:15:16
0000114835,KASHMIR AUTOMOBILE STORES BHARAT PETROLEUM DEALERS,KASHMIR AUTOMOBILE STORES BHARAT PETROLEUM DEALERS,PALACE ROAD,JAMMU,JAMMU,JAMMU,Jammu & Kashmir,IN-16,180004,"PALACE ROAD, JAMMU, JAMMU, JAMMU, 180004, India",9622351226,kashmir114835@bpclretail.in,32.748506,74.867229,"DIESEL, PETROL, SPEED","Automation, Pure_Sure, Air_Filling, TWO_FOUR_SEVEN",2026-09-02 16:15:16
0000114836,KASTURI LAL GUPTA & SONS BHARAT PETROLEUM DEALERS,KASTURI LAL GUPTA & SONS BHARAT PETROLEUM DEALERS,B.C. ROAD,JAMMU,JAMMU,JAMMU,Jammu & Kashmir,IN-16,180001,"B.C. ROAD, JAMMU, JAMMU, JAMMU, 180001, India",9419103019,kasturi114836@bpclretail.in,32.728714,74.858213,"DIESEL, PETROL","Automation, Pure_Sure, Air_Filling, TWO_FOUR_SEVEN",2026-09-02 16:15:16
0000265210,MIRACLE MALL BHARAT PETROLEUM DEALERS,MIRACLE MALL BHARAT PETROLEUM DEALERS,KARLOOP,KARLOOP,JAMMU,JAMMU,Jammu & Kashmir,IN-16,181206,"KARLOOP, KARLOOP, JAMMU, JAMMU, 181206, India",9419144464,karloop.jammu@gmail.com,32.450107,74.432924,"DIESEL, PETROL","Automation, Pure_Sure, Air_Filling, TWO_FOUR_SEVEN",2026-09-02 16:15:16
0000256771,PARSHOTAM FILLING STATION ADHO BHARAT PETROLEUM DEALERS,PARSHOTAM FILLING STATION ADHO BHARAT PETROLEUM DEALERS,KUNJWANI,KUNJWANI,JAMMU,JAMMU,Jammu & Kashmir,IN-16,180004,"KUNJWANI, KUNJWANI, JAMMU, JAMMU, 180004, India",9419142650,ABHIMANYUMAHAJAN47@GMAIL.COM,32.664624,74.880346,"DIESEL, PETROL","Automation, Pure_Sure, Air_Filling, TWO_FOUR_SEVEN",2026-09-02 16:15:16
0000114837,PARSHOTAM FILLING STATION BHARAT PETROLEUM DEALERS,PARSHOTAM FILLING STATION BHARAT PETROLEUM DEALERS,JAMMU SRINAGAR ROAD,SIDHRA-BYE PASS,JAMMU,JAMMU,Jammu & Kashmir,IN-16,180006,"JAMMU SRINAGAR ROAD, SIDHRA-BYE PASS, JAMMU, JAMMU, 180006, India",9419133930,parshotam114837@bpclretail.in,32.762805,74.902774,"DIESEL, PETROL, SPEED","Automation, Pure_Sure, Air_Filling, TWO_FOUR_SEVEN",2026-09-02 16:15:16
0000185232,R.K.PETRO BHARAT PETROLEUM DEALERS,R.K.PETRO BHARAT PETROLEUM DEALERS,SARORE,JAMMU,JAMMU,JAMMU,Jammu & Kashmir,IN-16,181132,"SARORE, JAMMU, JAMMU, JAMMU, 181132, India",9906099002,r.k.petr185232@bpclretail.in,32.60829926,74.91390228,"DIESEL, PETROL","Automation, Pure_Sure, Air_Filling, TWO_FOUR_SEVEN",2026-09-02 16:15:16
0000184849,RAHAT FILLING STATION BHARAT PETROLEUM DEALERS,RAHAT FILLING STATION BHARAT PETROLEUM DEALERS,TOPH SHERKHANIAN,JANIPUR,JAMMU,JAMMU,Jammu & Kashmir,IN-16,180007,"TOPH SHERKHANIAN, JANIPUR, JAMMU, JAMMU, 180007, India",9419322122,rahatfi184849@bpclretail.in,32.68709946,74.81600189,"DIESEL, PETROL","Automation, Pure_Sure, Air_Filling, TWO_FOUR_SEVEN",2026-09-02 16:15:16
0000127244,SH. MUKTANAND AUTO AIDS BHARAT PETROLEUM DEALERS,SH. MUKTANAND AUTO AIDS BHARAT PETROLEUM DEALERS,CANAL ROAD NEAR GOVT. CIRCUIT,JAMMU,JAMMU,JAMMU,Jammu & Kashmir,IN-16,180001,"CANAL ROAD NEAR GOVT. CIRCUIT, JAMMU, JAMMU, JAMMU, 180001, India",9419356661,muktanand127244@bpclretail.in,32.729733,74.842086,,"Automation, ATM, Air_Filling",2026-09-02 16:15:16
0000251802,SURYA FILLING STATION BHARAT PETROLEUM DEALERS,SURYA FILLING STATION BHARAT PETROLEUM DEALERS,VILLAGE KHUTTIAN,RS PURA,JAMMU,JAMMU,Jammu & Kashmir,IN-16,181102,"VILLAGE KHUTTIAN, RS PURA, JAMMU, JAMMU, 181102, India",8082649408,bhagatsahil1235@gmail.com,32.618992,74.762052,"DIESEL, PETROL","Automation, Pure_Sure, Air_Filling, TWO_FOUR_SEVEN",2026-09-02 16:15:16
0000183943,TRIKUTA FILLING STATION BHARAT PETROLEUM DEALERS,TRIKUTA FILLING STATION BHARAT PETROLEUM DEALERS,"70 MIN, RAILWAY STN. TO CHUNNI ROAD",CHUNNI HIMMAT,JAMMU,JAMMU,Jammu & Kashmir,IN-16,180012,"70 MIN, RAILWAY STN. TO CHUNNI ROAD, CHUNNI HIMMAT, JAMMU, JAMMU, 180012, India",9419123744,trikuta183943@bpclretail.in,32.6964,74.880867,"DIESEL, PETROL, SPEED","Automation, Pure_Sure, Air_Filling, TWO_FOUR_SEVEN",2026-09-02 16:15:16
0000228613,DURGA FILLING STATION BHARAT PETROLEUM DEALERS,DURGA FILLING STATION BHARAT PETROLEUM DEALERS,JHAJJAR KOTLI,ON NH-44 (RHS) FROM JMU TO SGR.,JHAJJAR KOTLI,JAMMU,Jammu & Kashmir,IN-16,181221,"JHAJJAR KOTLI, ON NH-44 (RHS) FROM JMU TO SGR., JHAJJAR KOTLI, JAMMU, 181221, India",9149483480,durga228613@bpclretail.in,32.91218411,74.967511,"DIESEL, PETROL","Pure_Sure, Air_Filling, TWO_FOUR_SEVEN",2026-09-02 16:15:16
0000235997,BAJWA FILLING STATION BHARAT PETROLEUM DEALERS,BAJWA FILLING STATION BHARAT PETROLEUM DEALERS,"KARIAL MANHASA, BISHNAH,",DISTRICT JAMMU,KARIAL MANHASAN,JAMMU,Jammu & Kashmir,IN-16,181141,"KARIAL MANHASA, BISHNAH,, DISTRICT JAMMU, KARIAL MANHASAN, JAMMU, 181141, India",7006438723,amanchoudhary2837@gmail.com,32.60695267,74.84686279,"DIESEL, PETROL","Pure_Sure, Air_Filling, TWO_FOUR_SEVEN",2026-09-02 16:15:16
0000114834,KARAM CHAND SARAF & SONS BHARAT PETROLEUM DEALERS,KARAM CHAND SARAF & SONS BHARAT PETROLEUM DEALERS,MIRAN SAHIB,MIRAN SAHIB,MIRAN SAHIB,JAMMU,Jammu & Kashmir,IN-16,181201,"MIRAN SAHIB, MIRAN SAHIB, MIRAN SAHIB, JAMMU, 181201, India",9796011111,karamchand114834@bpclretail.in,32.649741,74.825466,"DIESEL, PETROL, SPEED","Automation, Pure_Sure, Air_Filling, TWO_FOUR_SEVEN",2026-09-02 16:15:16
0000238816,BP-JHAJJAR KOTLI BHARAT PETROLEUM DEALERS,BP-JHAJJAR KOTLI BHARAT PETROLEUM DEALERS,JHAJJAR KOTLI,ON NH-44,NAGROTA,JAMMU,Jammu & Kashmir,IN-16,181221,"JHAJJAR KOTLI, ON NH-44, NAGROTA, JAMMU, 181221, India",9899966310,jaibhagwan@bharatpetroleum.in,32.91155,74.966945,"DIESEL, PETROL","Pure_Sure, Air_Filling, TWO_FOUR_SEVEN",2026-09-02 16:15:16
0000143025,KARAN MOTORS BHARAT PETROLEUM DEALERS,KARAN MOTORS BHARAT PETROLEUM DEALERS,VILLAGE BAN TALAB,JAMMU,NAGROTA,JAMMU,Jammu & Kashmir,IN-16,181221,"VILLAGE BAN TALAB, JAMMU, NAGROTA, JAMMU, 181221, India",9906386449,karan143025@bpclretail.in,32.832527,74.937229,"DIESEL, PETROL","Automation, Pure_Sure, Air_Filling, TWO_FOUR_SEVEN",2026-09-02 16:15:16
0000165086,SHAN FILLING STATION BHARAT PETROLEUM DEALERS,SHAN FILLING STATION BHARAT PETROLEUM DEALERS,VILLAGE KHANPUR,JAMMU,NAGROTA,JAMMU,Jammu & Kashmir,IN-16,181221,"VILLAGE KHANPUR, JAMMU, NAGROTA, JAMMU, 181221, India",9149410921,mohdshariqrashid@gmail.com,32.787551,74.897872,"DIESEL, PETROL","Automation, Pure_Sure, Air_Filling, TWO_FOUR_SEVEN",2026-09-02 16:15:16
0000247452,SHAN FILLING STATION BHARAT PETROLEUM DEALERS,SHAN FILLING STATION BHARAT PETROLEUM DEALERS,JAGTI,NH44,NAGROTA,JAMMU,Jammu & Kashmir,IN-16,181221,"JAGTI, NH44, NAGROTA, JAMMU, 181221, India",9149410921,mohdshariqrashid@gmail.com,32.807331,74.895957,"DIESEL, PETROL","Automation, Pure_Sure, Air_Filling, TWO_FOUR_SEVEN",2026-09-02 16:15:16
0000146102,POLICE PARIVAAR FUEL CARE RS P BHARAT PETROLEUM DEALERS,POLICE PARIVAAR FUEL CARE RS P BHARAT PETROLEUM DEALERS,SDPO RS PURA COMPLEX,ON RS PURA ROAD,RS PURA,JAMMU,Jammu & Kashmir,IN-16,181102,"SDPO RS PURA COMPLEX, ON RS PURA ROAD, RS PURA, JAMMU, 181102, India",9622091740,police146102@bpclretail.in,32.605181,74.731515,"DIESEL, PETROL, SPEED","Automation, Pure_Sure, Air_Filling, TWO_FOUR_SEVEN",2026-09-02 16:15:16
0000235383,SATVINDER FUELS BHARAT PETROLEUM DEALERS,SATVINDER FUELS BHARAT PETROLEUM DEALERS,CHAK MOHD YAR,"TEHSIL RS PURA, DISTRICT JAMMU",RS PURA,JAMMU,Jammu & Kashmir,IN-16,181111,"CHAK MOHD YAR, TEHSIL RS PURA, DISTRICT JAMMU, RS PURA, JAMMU, 181111, India",9906382390,satvinder7702@gmail.com,32.59076691,74.75543213,"DIESEL, PETROL","Pure_Sure, Air_Filling, TWO_FOUR_SEVEN",2026-09-02 16:15:16
0000147092,DIVIJ FILLING STATION BHARAT PETROLEUM DEALERS,DIVIJ FILLING STATION BHARAT PETROLEUM DEALERS,VILLAGE CHAK LALA,JAMMU,SEOHRA,JAMMU,Jammu & Kashmir,IN-16,181132,"VILLAGE CHAK LALA, JAMMU, SEOHRA, JAMMU, 181132, India",9419124610,divij147092@bpclretail.in,32.61389923,74.86239624,"DIESEL, PETROL","Automation, Pure_Sure, Air_Filling, TWO_FOUR_SEVEN",2026-09-02 16:15:16
0000178096,D.K.FILLING STATION BHARAT PETROLEUM DEALERS,D.K.FILLING STATION BHARAT PETROLEUM DEALERS,VILL. BHALWAL,NEAR KANGAR MORE,VILL BHALWAL,JAMMU,Jammu & Kashmir,IN-16,181122,"VILL. BHALWAL, NEAR KANGAR MORE, VILL BHALWAL, JAMMU, 181122, India",9419185152,dk178096@bpclretail.in,32.830891,74.815914,"DIESEL, PETROL","Automation, Pure_Sure, Air_Filling, TWO_FOUR_SEVEN",2026-09-02 16:15:16
0000145698,SHYAM LALL & CO. BHARAT PETROLEUM DEALERS,SHYAM LALL & CO. BHARAT PETROLEUM DEALERS,BAGINAND SINGH BATMALLO,OPP TOTO GROUND,SRINAGAR,JAMMU & KASHMIR,Jammu & Kashmir,IN-16,190001,"BAGINAND SINGH BATMALLO, OPP TOTO GROUND, SRINAGAR, JAMMU & KASHMIR, 190001, India",9858000950,shyamlall145698@bpclretail.in,34.081829,74.788171,"DIESEL, PETROL, SPEED","Automation, Pure_Sure, Air_Filling, TWO_FOUR_SEVEN",2026-09-02 16:15:16
0000139149,ARNIA FILLING STATION BHARAT PETROLEUM DEALERS,ARNIA FILLING STATION BHARAT PETROLEUM DEALERS,R.S.PURA ARNIA ROAD,R.S.PURA ARNIA ROAD,ARNIA,"JAMMU, JAMMU & KASHMIR",Jammu & Kashmir,IN-16,181132,"R.S.PURA ARNIA ROAD, R.S.PURA ARNIA ROAD, ARNIA, JAMMU, JAMMU & KASHMIR, 181132, India",8899132881,arnia139149@bpclretail.in,32.528223,74.797347,"DIESEL, PETROL","Automation, Pure_Sure, Air_Filling, TWO_FOUR_SEVEN",2026-09-02 16:15:16
0000139148,K.N FILLING STATION BHARAT PETROLEUM DEALERS,K.N FILLING STATION BHARAT PETROLEUM DEALERS,"GAROTA ROAD, BAN TALLAB",JAMMU,JAMMU,"JAMMU, JAMMU & KASHMIR",Jammu & Kashmir,IN-16,181123,"GAROTA ROAD, BAN TALLAB, JAMMU, JAMMU, JAMMU, JAMMU & KASHMIR, 181123, India",7889472206,kn139148@bpclretail.in,32.778145,74.825263,"DIESEL, PETROL, SPEED","Automation, Air_Filling",2026-09-02 16:15:16
0000146103,POLICE PARIVAAR FUEL CARE G NA BHARAT PETROLEUM DEALERS,POLICE PARIVAAR FUEL CARE G NA BHARAT PETROLEUM DEALERS,GULSHAN GROUND COMPLEX,GANDHI NAGAR,JAMMU,"JAMMU, JAMMU & KASHMIR",Jammu & Kashmir,IN-16,180004,"GULSHAN GROUND COMPLEX, GANDHI NAGAR, JAMMU, JAMMU, JAMMU & KASHMIR, 180004, India",7889921101,police146103@bpclretail.in,32.711159,74.866547,"DIESEL, PETROL, SPEED","Automation, Pure_Sure, Air_Filling, TWO_FOUR_SEVEN",2026-09-02 16:15:16
0000170111,SHAH JI FILING STATION BHARAT PETROLEUM DEALERS,SHAH JI FILING STATION BHARAT PETROLEUM DEALERS,RAILWAY ROAD,SHIVAJI CHOWK,JAMMU,"JAMMU, JAMMU & KASHMIR",Jammu & Kashmir,IN-16,180004,"RAILWAY ROAD, SHIVAJI CHOWK, JAMMU, JAMMU, JAMMU & KASHMIR, 180004, India",9419142877,shahji170111@bpclretail.in,32.701946,74.870517,"DIESEL, PETROL, SPEED","Automation, Pure_Sure, Air_Filling, TWO_FOUR_SEVEN",2026-09-02 16:15:16
0000145293,TEJA SINGH FILLING STATION BHARAT PETROLEUM DEALERS,TEJA SINGH FILLING STATION BHARAT PETROLEUM DEALERS,AIRPORT ROAD,"OPP AIRPORT, SATWARI CANTT",JAMMU,"JAMMU, JAMMU & KASHMIR",Jammu & Kashmir,IN-16,180004,"AIRPORT ROAD, OPP AIRPORT, SATWARI CANTT, JAMMU, JAMMU, JAMMU & KASHMIR, 180004, India",9419233823,teja145293@bpclretail.in,32.679628,74.843501,"DIESEL, PETROL, SPEED","Automation, Pure_Sure, Air_Filling, TWO_FOUR_SEVEN",2026-09-02 16:15:16
0000167809,KISSAN AUTO AIDS BHARAT PETROLEUM DEALERS,KISSAN AUTO AIDS BHARAT PETROLEUM DEALERS,PRAGWAL LINK ROAD,AKHNOOR,TEHSIL AKHNOOR,"JAMMU, JAMMU & KASHMIR",Jammu & Kashmir,IN-16,181207,"PRAGWAL LINK ROAD, AKHNOOR, TEHSIL AKHNOOR, JAMMU, JAMMU & KASHMIR, 181207, India",9682177013,kissan167809@bpclretail.in,32.804141,74.616743,"DIESEL, PETROL, SPEED","Automation, Pure_Sure, Air_Filling, TWO_FOUR_SEVEN",2026-09-02 16:15:16
0000175976,JAI DURGA FILLING STATION BHARAT PETROLEUM DEALERS,JAI DURGA FILLING STATION BHARAT PETROLEUM DEALERS,PALOURA AKHNOOR ROAD,PATA PALOURA,JAMMU,"JAMMU, JK",Jammu & Kashmir,IN-16,180004,"PALOURA AKHNOOR ROAD, PATA PALOURA, JAMMU, JAMMU, JK, 180004, India",7006632094,jaidurga175976@bpclretail.in,32.748537,74.823268,"DIESEL, PETROL, SPEED","Automation, Pure_Sure, Air_Filling, TWO_FOUR_SEVEN",2026-09-02 16:15:16
0000139123,NATIONAL MOTORS BHARAT PETROLEUM DEALERS,NATIONAL MOTORS BHARAT PETROLEUM DEALERS,JAMMU-PATHANKOT ROAD,"NH-A, KUNJAWANI",JAMMU,"JAMMU, JK",Jammu & Kashmir,IN-16,180004,"JAMMU-PATHANKOT ROAD, NH-A, KUNJAWANI, JAMMU, JAMMU, JK, 180004, India",9419648333,national139123@bpclretail.in,32.664624,74.880346,,"Automation, Pure_Sure, Air_Filling, TWO_FOUR_SEVEN",2026-09-02 16:15:16
0000182719,TRB FUELS BHARAT PETROLEUM DEALERS,TRB FUELS BHARAT PETROLEUM DEALERS,CHOWADI,"KHASRA NO 798,",JAMMU,"JAMMU, JK",Jammu & Kashmir,IN-16,180011,"CHOWADI, KHASRA NO 798,, JAMMU, JAMMU, JK, 180011, India",9858007837,trbfuel182719@bpclretail.in,32.676308,74.922883,"DIESEL, PETROL","Automation, Pure_Sure, Air_Filling, TWO_FOUR_SEVEN",2026-09-02 16:15:16
0000235001,G2 FILLING STATION BHARAT PETROLEUM DEALERS,G2 FILLING STATION BHARAT PETROLEUM DEALERS,YARIPORA,CHITRAGAM TO YARIPORA ROAD,YARIPORA,KULGAM,Jammu & Kashmir,IN-16,192232,"YARIPORA, CHITRAGAM TO YARIPORA ROAD, YARIPORA, KULGAM, 192232, India",9906416058,G2fillingstation@gmail.com,33.726378,75.013995,"DIESEL, PETROL","Pure_Sure, Air_Filling, TWO_FOUR_SEVEN",2026-09-02 16:15:16
0000142753,KOHINOOR FILLING STATION BHARAT PETROLEUM DEALERS,KOHINOOR FILLING STATION BHARAT PETROLEUM DEALERS,BARSOO,NEAR IRRIGATION CANAL,BARSOO,PULWAMA,Jammu & Kashmir,IN-16,192121,"BARSOO, NEAR IRRIGATION CANAL, BARSOO, PULWAMA, 192121, India",9906770677,kohinoor142753@bpclretail.in,33.943296,74.992248,"DIESEL, PETROL, SPEED","Automation, Pure_Sure, Air_Filling, TWO_FOUR_SEVEN",2026-09-02 16:15:16
0000140502,786 MOTORS BHARAT PETROLEUM DEALERS,786 MOTORS BHARAT PETROLEUM DEALERS,VILLAGE SAMBOORA,KAKAPORA,KAKAPORA,PULWAMA,Jammu & Kashmir,IN-16,190001,"VILLAGE SAMBOORA, KAKAPORA, KAKAPORA, PULWAMA, 190001, India",7780822786,786s140502@bpclretail.in,33.970271709983,74.920132043638,"DIESEL, PETROL, SPEED","Automation, Pure_Sure, Air_Filling, TWO_FOUR_SEVEN",2026-09-02 16:15:16
0000176934,R.B.SERVICE STATION BHARAT PETROLEUM DEALERS,R.B.SERVICE STATION BHARAT PETROLEUM DEALERS,LALGAM,LALGAM,LALGAM,PULWAMA,Jammu & Kashmir,IN-16,192121,"LALGAM, LALGAM, LALGAM, PULWAMA, 192121, India",9419115587,rb176934@bpclretail.in,33.912167,75.059176,"DIESEL, PETROL","Automation, Pure_Sure, Air_Filling, TWO_FOUR_SEVEN",2026-09-02 16:15:16
0000238323,AL-QAMAR FILLING STATION BHARAT PETROLEUM DEALERS,AL-QAMAR FILLING STATION BHARAT PETROLEUM DEALERS,LASSIPORA,LASSIPORA,LASSIPORA,PULWAMA,Jammu & Kashmir,IN-16,192301,"LASSIPORA, LASSIPORA, LASSIPORA, PULWAMA, 192301, India",9541183342,ahmadfayazkk2@gmail.com,33.8148931223,74.946006115,"DIESEL, PETROL","Pure_Sure, Air_Filling, TWO_FOUR_SEVEN",2026-09-02 16:15:16
0000259241,SOUTH KASHMIR FILLING STATION BHARAT PETROLEUM DEALERS,SOUTH KASHMIR FILLING STATION BHARAT PETROLEUM DEALERS,LASSIPORA SHAHOORA,LASSIPORA,LASSIPORA,PULWAMA,Jammu & Kashmir,IN-16,192301,"LASSIPORA SHAHOORA, LASSIPORA, LASSIPORA, PULWAMA, 192301, India",7006134442,southkashmirfs@gmail.com,33.817232430393,74.940168659221,"DIESEL, PETROL, SPEED","Pure_Sure, Air_Filling, TWO_FOUR_SEVEN",2026-09-02 16:15:16
0000179141,ROMUSH FILLING STATION BHARAT PETROLEUM DEALERS,ROMUSH FILLING STATION BHARAT PETROLEUM DEALERS,NEWA,PULWAMA,NEWA,PULWAMA,Jammu & Kashmir,IN-16,192301,"NEWA, PULWAMA, NEWA, PULWAMA, 192301, India",9419005385,romushf179141@bpclretail.in,33.907192,74.892056,"DIESEL, PETROL","Automation, Pure_Sure, Air_Filling, TWO_FOUR_SEVEN",2026-09-02 16:15:16
0000210092,FIRDOUS FILLING STATION BHARAT PETROLEUM DEALERS,FIRDOUS FILLING STATION BHARAT PETROLEUM DEALERS,PAMPORE,PAMPORE,PAMPORE,PULWAMA,Jammu & Kashmir,IN-16,192121,"PAMPORE, PAMPORE, PAMPORE, PULWAMA, 192121, India",9906699872,firdousmajeed@gmail.com,34.000128877,74.916151445,"DIESEL, PETROL","Pure_Sure, Air_Filling, TWO_FOUR_SEVEN",2026-09-02 16:15:16
0000178219,PINE FILLING STATION BHARAT PETROLEUM DEALERS,PINE FILLING STATION BHARAT PETROLEUM DEALERS,PATAL BAGH,PAMPORE,PAMPORE,PULWAMA,Jammu & Kashmir,IN-16,192121,"PATAL BAGH, PAMPORE, PAMPORE, PULWAMA, 192121, India",9906447951,pinefil178219@bpclretail.in,33.978933822594,74.92190674609,"DIESEL, PETROL","Automation, Pure_Sure, Air_Filling, TWO_FOUR_SEVEN",2026-09-02 16:15:16
0000156231,MEHBOOBUL-ALAM FILLING STATION BHARAT PETROLEUM DEALERS,MEHBOOBUL-ALAM FILLING STATION BHARAT PETROLEUM DEALERS,NEAR DC OFFICE,PULWAMA,PULWAMA,PULWAMA,Jammu & Kashmir,IN-16,192301,"NEAR DC OFFICE, PULWAMA, PULWAMA, PULWAMA, 192301, India",7006305591,mehboobul156231@bpclretail.in,33.862646,74.898526,"DIESEL, PETROL, SPEED","Automation, Pure_Sure, Air_Filling, TWO_FOUR_SEVEN",2026-09-02 16:15:16
0000258860,PULWAMA FILLING STATION BHARAT PETROLEUM DEALERS,PULWAMA FILLING STATION BHARAT PETROLEUM DEALERS,PRICHOO,PULWAMA,PULWAMA,PULWAMA,Jammu & Kashmir,IN-16,192301,"PRICHOO, PULWAMA, PULWAMA, PULWAMA, 192301, India",9906404833,pulwamafs@gmail.com,33.883293049702,74.898551585599,"DIESEL, PETROL, SPEED","Pure_Sure, Air_Filling, TWO_FOUR_SEVEN",2026-09-02 16:15:16
0000194159,SUPERB FILLING STATION BHARAT PETROLEUM DEALERS,SUPERB FILLING STATION BHARAT PETROLEUM DEALERS,KHADERMOH,KHADERMOH,PULWAMA,PULWAMA,Jammu & Kashmir,IN-16,192121,"KHADERMOH, KHADERMOH, PULWAMA, PULWAMA, 192121, India",7889376285,superbfill194159@gmail.com,33.979667,74.904152,"DIESEL, PETROL","Automation, Pure_Sure, Air_Filling, TWO_FOUR_SEVEN",2026-09-02 16:15:16
0000256964,FAIZ FILLING STATION BHARAT PETROLEUM DEALERS,FAIZ FILLING STATION BHARAT PETROLEUM DEALERS,"VILLAGE TRAL E BALA, TEHSIL TRAL",PULWAMA,TRAL,PULWAMA,Jammu & Kashmir,IN-16,192123,"VILLAGE TRAL E BALA, TEHSIL TRAL, PULWAMA, TRAL, PULWAMA, 192123, India",9541861059,faizfillingstation2025@gmail.com,33.9205045,75.1107476,"DIESEL, PETROL","Pure_Sure, Air_Filling, TWO_FOUR_SEVEN",2026-09-02 16:15:16
0000177963,CROWN FILLING STATION BHARAT PETROLEUM DEALERS,CROWN FILLING STATION BHARAT PETROLEUM DEALERS,SYED MEHMOOD-ABAD WUYEN,TEHSIL- PAMPORE,VILL WUYAN,PULWAMA,Jammu & Kashmir,IN-16,192121,"SYED MEHMOOD-ABAD WUYEN, TEHSIL- PAMPORE, VILL WUYAN, PULWAMA, 192121, India",9419022036,crown177963@bpclretail.in,34.02112809,74.97862085,"DIESEL, PETROL","Automation, Pure_Sure, Air_Filling, TWO_FOUR_SEVEN",2026-09-02 16:15:16
0000246437,JK MINERALS WUYAN BHARAT PETROLEUM DEALERS,JK MINERALS WUYAN BHARAT PETROLEUM DEALERS,WUYAN,NEAR INDUSTRIAL AREA WUYAN,WUYAN,PULWAMA,Jammu & Kashmir,IN-16,191102,"WUYAN, NEAR INDUSTRIAL AREA WUYAN, WUYAN, PULWAMA, 191102, India",9419269220,mdjkminerals@gmail.com,34.021633,74.982562,"DIESEL, PETROL","Pure_Sure, Air_Filling, TWO_FOUR_SEVEN",2026-09-02 16:15:16
0000182150,SANA FILLING STATION BHARAT PETROLEUM DEALERS,SANA FILLING STATION BHARAT PETROLEUM DEALERS,BARWAR WUYAN,PAMPORE,WUYAN,PULWAMA,Jammu & Kashmir,IN-16,191102,"BARWAR WUYAN, PAMPORE, WUYAN, PULWAMA, 191102, India",6006724911,sanafil182150@bpclretail.in,34.031841,74.958683,"DIESEL, PETROL","Automation, Pure_Sure, Air_Filling, TWO_FOUR_SEVEN",2026-09-02 16:15:16
0000140278,RAJAN FILLING STATION BHARAT PETROLEUM DEALERS,RAJAN FILLING STATION BHARAT PETROLEUM DEALERS,SUNDERBANI,SUNDERBANI,SUNDERBANI,RAJOURI,Jammu & Kashmir,IN-16,185153,"SUNDERBANI, SUNDERBANI, SUNDERBANI, RAJOURI, 185153, India",9419171671,rajan140278@bpclretail.in,33.052957,74.492782,"DIESEL, PETROL, SPEED","Automation, Pure_Sure, Air_Filling, TWO_FOUR_SEVEN",2026-09-02 16:15:16
0000146100,GANDHARV FUEL CARE BHARAT PETROLEUM DEALERS,GANDHARV FUEL CARE BHARAT PETROLEUM DEALERS,P.O AGARJITTO,VILLAGE PANGAL,REASI,REASI,Jammu & Kashmir,IN-16,182301,"P.O AGARJITTO, VILLAGE PANGAL, REASI, REASI, 182301, India",9419350009,gandharv146100@bpclretail.in,33.01796,74.8937,"DIESEL, PETROL","Automation, Pure_Sure, Air_Filling, TWO_FOUR_SEVEN",2026-09-02 16:15:16
0000147470,SWASTIK FILLING STATION BHARAT PETROLEUM DEALERS,SWASTIK FILLING STATION BHARAT PETROLEUM DEALERS,JYOTIPURAM ROAD,REASI,REASI,REASI,Jammu & Kashmir,IN-16,182311,"JYOTIPURAM ROAD, REASI, REASI, REASI, 182311, India",9469936960,swastik147470@bpclretail.in,33.084376,74.858959,"DIESEL, PETROL","Automation, Pure_Sure, Air_Filling, TWO_FOUR_SEVEN",2026-09-02 16:15:16
0000177637,NEW GANGA FUELS BHARAT PETROLEUM DEALERS,NEW GANGA FUELS BHARAT PETROLEUM DEALERS,VILLAGE KUNDORIAN,KATRA TOWN,KATRA,"REASI,JK",Jammu & Kashmir,IN-16,182301,"VILLAGE KUNDORIAN, KATRA TOWN, KATRA, REASI,JK, 182301, India",9419165072,new177637@bpclretail.in,32.982739,74.920979,"DIESEL, PETROL, SPEED","Automation, Pure_Sure, Air_Filling, TWO_FOUR_SEVEN",2026-09-02 16:15:16
0000127534,SHAHEED RAVINDER AUTOFUELS BHARAT PETROLEUM DEALERS,SHAHEED RAVINDER AUTOFUELS BHARAT PETROLEUM DEALERS,KATRA DOMAIL ROAD,KATRA,KATRA,"REASI,JK",Jammu & Kashmir,IN-16,182301,"KATRA DOMAIL ROAD, KATRA, KATRA, REASI,JK, 182301, India",7006329887,ravinder127534@bpclretail.in,32.964664,74.90962,"DIESEL, PETROL","Automation, Pure_Sure, Air_Filling, TWO_FOUR_SEVEN",2026-09-02 16:15:16
0000254080,MAAN FILLING STATION BHARAT PETROLEUM DEALERS,MAAN FILLING STATION BHARAT PETROLEUM DEALERS,BADHORI,BADHORI,BAHORI,SAMBA,Jammu & Kashmir,IN-16,181143,"BADHORI, BADHORI, BAHORI, SAMBA, 181143, India",7006461767,APEXLABBARIBRAHMANA@GMAIL.COM,32.625274,74.987542,"DIESEL, PETROL","Automation, Pure_Sure, Air_Filling, TWO_FOUR_SEVEN",2026-09-02 16:15:16
0000210643,DEVAM FUELERS BHARAT PETROLEUM DEALERS,DEVAM FUELERS BHARAT PETROLEUM DEALERS,BARIBRAHMANA (WML),"ON NH44, LHS FROM JAMMU",BARI BRAHMANA,SAMBA,Jammu & Kashmir,IN-16,181133,"BARIBRAHMANA (WML), ON NH44, LHS FROM JAMMU, BARI BRAHMANA, SAMBA, 181133, India",9697918058,devamfuelers@gmail.com,32.640449911,74.91280365,"DIESEL, PETROL","Pure_Sure, Air_Filling, TWO_FOUR_SEVEN",2026-09-02 16:15:16
0000140513,CHOUDHARY FILLING STATION BHARAT PETROLEUM DEALERS,CHOUDHARY FILLING STATION BHARAT PETROLEUM DEALERS,"SARORE, NH1",NH-44,BARIBRAHMAN,SAMBA,Jammu & Kashmir,IN-16,181133,"SARORE, NH1, NH-44, BARIBRAHMAN, SAMBA, 181133, India",7006636381,choudhary140513@bpclretail.in,32.620077,74.926416,"DIESEL, PETROL, SPEED","Automation, Pure_Sure, Air_Filling, TWO_FOUR_SEVEN",2026-09-02 16:15:16
0000154497,SAHIL FILLING STATION BHARAT PETROLEUM DEALERS,SAHIL FILLING STATION BHARAT PETROLEUM DEALERS,,VILL-DHORA,DHORA-NUDD,SAMBA,Jammu & Kashmir,IN-16,184121,", VILL-DHORA, DHORA-NUDD, SAMBA, 184121, India",8082089599,sahil154497@bpclretail.in,32.614858,75.142371,"DIESEL, PETROL, SPEED","Automation, Pure_Sure, Air_Filling, TWO_FOUR_SEVEN",2026-09-02 16:15:16
0000207258,BP GHAGWAL BHARAT PETROLEUM DEALERS,BP GHAGWAL BHARAT PETROLEUM DEALERS,VILL- CHHAN MATLONI,"PATHANKOT-JAMMU ROAD,(NEW NH-44)",GHAGWAL,SAMBA,Jammu & Kashmir,IN-16,184141,"VILL- CHHAN MATLONI, PATHANKOT-JAMMU ROAD,(NEW NH-44), GHAGWAL, SAMBA, 184141, India",9906083799,bpghagwal207258@gmail.com,32.510124,75.216942,"DIESEL, PETROL, SPEED","Automation, Air_Filling",2026-09-02 16:15:16
0000238302,JAI DURGA FILLING STATION BHARAT PETROLEUM DEALERS,JAI DURGA FILLING STATION BHARAT PETROLEUM DEALERS,VILLAGE CHAN MATLONI,ON NH-44,GHAGWAL,SAMBA,Jammu & Kashmir,IN-16,184141,"VILLAGE CHAN MATLONI, ON NH-44, GHAGWAL, SAMBA, 184141, India",9419290288,sachin25292@gmail.com,32.508327,75.217432,"DIESEL, PETROL, SPEED","Pure_Sure, Air_Filling, TWO_FOUR_SEVEN",2026-09-02 16:15:16
0000139418,UTTAM FILLING STATION BHARAT PETROLEUM DEALERS,UTTAM FILLING STATION BHARAT PETROLEUM DEALERS,"JAMMU SAMBA ROAD, SWANKHA MORE",VIJAYPUR,JAMMU,SAMBA,Jammu & Kashmir,IN-16,184144,"JAMMU SAMBA ROAD, SWANKHA MORE, VIJAYPUR, JAMMU, SAMBA, 184144, India",9419103035,uttam139418@bpclretail.in,32.571325,75.000405,"DIESEL, PETROL, SPEED","Automation, Pure_Sure, Air_Filling, TWO_FOUR_SEVEN",2026-09-02 16:15:16
0000242269,KASHI AUTO FUELS BHARAT PETROLEUM DEALERS,KASHI AUTO FUELS BHARAT PETROLEUM DEALERS,KHARA MADANA,"PURMNADAL ROAD,SAMBA",MADANA,SAMBA,Jammu & Kashmir,IN-16,181145,"KHARA MADANA, PURMNADAL ROAD,SAMBA, MADANA, SAMBA, 181145, India",8899946615,kartikvaid15@gmail.com,32.6671314,74.9769516,"DIESEL, PETROL","Pure_Sure, Air_Filling, TWO_FOUR_SEVEN",2026-09-02 16:15:16
0000234354,BALWAN FUELS BHARAT PETROLEUM DEALERS,BALWAN FUELS BHARAT PETROLEUM DEALERS,VILLAGE RAKH AMB TALLI,ON PANGDOUR ROAD,RAKH AMB TALLI,SAMBA,Jammu & Kashmir,IN-16,184121,"VILLAGE RAKH AMB TALLI, ON PANGDOUR ROAD, RAKH AMB TALLI, SAMBA, 184121, India",9906306550,sambyalanny@gmail.com,32.528775,75.098408,"DIESEL, PETROL","Pure_Sure, Air_Filling, TWO_FOUR_SEVEN",2026-09-02 16:15:16
0000209986,UJAGAR FILLING STATION BHARAT PETROLEUM DEALERS,UJAGAR FILLING STATION BHARAT PETROLEUM DEALERS,"RAKH JHANG, TEHSIL RAMGARH,",ON JAKH-NANDPUR ROAD,RAKH JANGH,SAMBA,Jammu & Kashmir,IN-16,184120,"RAKH JHANG, TEHSIL RAMGARH,, ON JAKH-NANDPUR ROAD, RAKH JANGH, SAMBA, 184120, India",7889799174,kul647210@gmail.com,32.543367,74.908106,"DIESEL, PETROL","Pure_Sure, Air_Filling, TWO_FOUR_SEVEN",2026-09-02 16:15:16
0000248091,BIRPUR FILLING STATION BHARAT PETROLEUM DEALERS,BIRPUR FILLING STATION BHARAT PETROLEUM DEALERS,BIRPUR,BARIBRAHMANA,RAKH RAJPURA,SAMBA,Jammu & Kashmir,IN-16,181133,"BIRPUR, BARIBRAHMANA, RAKH RAJPURA, SAMBA, 181133, India",8717024567,sushant.kanathia1@gmail.com,32.65206,74.924205,"DIESEL, PETROL","Automation, Pure_Sure, Air_Filling, TWO_FOUR_SEVEN",2026-09-02 16:15:16
0000142547,KAILASH FILLING STATION BHARAT PETROLEUM DEALERS,KAILASH FILLING STATION BHARAT PETROLEUM DEALERS,RAYA MORH,"NEW NH44, SAMBA, OPP.ZAMINDAR DHABA",RAYAMORH,SAMBA,Jammu & Kashmir,IN-16,181133,"RAYA MORH, NEW NH44, SAMBA, OPP.ZAMINDAR DHABA, RAYAMORH, SAMBA, 181133, India",9419150999,kailash142547@bpclretail.in,32.597816,74.957889,"DIESEL, PETROL","Automation, Pure_Sure, Air_Filling, TWO_FOUR_SEVEN",2026-09-02 16:15:16
0000255124,SHARMA FILLING STATION BHARAT PETROLEUM DEALERS,SHARMA FILLING STATION BHARAT PETROLEUM DEALERS,SUCHANI,SUCHANI09906001273,SAMBA,SAMBA,Jammu & Kashmir,IN-16,181143,"SUCHANI, SUCHANI09906001273, SAMBA, SAMBA, 181143, India",9906001273,vxlgreat@gmail.com,32.62167358,75.00498962,"DIESEL, PETROL","Automation, Pure_Sure, Air_Filling, TWO_FOUR_SEVEN",2026-09-02 16:15:16
0000245152,SHRIBEHARI FILLING STATION BHARAT PETROLEUM DEALERS,SHRIBEHARI FILLING STATION BHARAT PETROLEUM DEALERS,VILL BAGLA PATTI,RAYAMORH,SAMBA,SAMBA,Jammu & Kashmir,IN-16,184121,"VILL BAGLA PATTI, RAYAMORH, SAMBA, SAMBA, 184121, India",9419131590,shribeharifillingstation@gmail.com,32.598594,74.968258,"DIESEL, PETROL","Pure_Sure, Air_Filling, TWO_FOUR_SEVEN",2026-09-02 16:15:16
0000143346,SHIVA FILLING STATION BHARAT PETROLEUM DEALERS,SHIVA FILLING STATION BHARAT PETROLEUM DEALERS,NH1,,SAMBA CITY,SAMBA,Jammu & Kashmir,IN-16,184121,"NH1, , SAMBA CITY, SAMBA, 184121, India",9419152817,shiva143346@bpclretail.in,32.566154,75.110474,"DIESEL, PETROL","Automation, Pure_Sure, Air_Filling, TWO_FOUR_SEVEN",2026-09-02 16:15:16
0000142832,GANGA FILLING STATION BHARAT PETROLEUM DEALERS,GANGA FILLING STATION BHARAT PETROLEUM DEALERS,SARORE NH,ON NH 44,SARORE,SAMBA,Jammu & Kashmir,IN-16,181133,"SARORE NH, ON NH 44, SARORE, SAMBA, 181133, India",9419328384,ganga142832@bpclretail.in,32.614929,74.935013,"DIESEL, PETROL, SPEED","Automation, Pure_Sure, Air_Filling, TWO_FOUR_SEVEN",2026-09-02 16:15:16
0000146104,THANDI KHUI FILLING STATION BHARAT PETROLEUM DEALERS,THANDI KHUI FILLING STATION BHARAT PETROLEUM DEALERS,VILLAGE SALMERI,THANDIKHUI ON NH-44,THANDIKHUI,SAMBA,Jammu & Kashmir,IN-16,181102,"VILLAGE SALMERI, THANDIKHUI ON NH-44, THANDIKHUI, SAMBA, 181102, India",9419202075,thandi146104@bpclretail.in,32.579762,74.986787,"DIESEL, PETROL, SPEED","Automation, Pure_Sure, Air_Filling, TWO_FOUR_SEVEN",2026-09-02 16:15:16
0000146801,ZAMINDAR FILLING STATION BHARAT PETROLEUM DEALERS,ZAMINDAR FILLING STATION BHARAT PETROLEUM DEALERS,VILLAGE KARALIAN,RAMGARH ROAD,TEH SAMBA,"SAMBA, JAMMU & KASHMIR",Jammu & Kashmir,IN-16,181133,"VILLAGE KARALIAN, RAMGARH ROAD, TEH SAMBA, SAMBA, JAMMU & KASHMIR, 181133, India",9419103912,zamindar146801@bpclretail.in,32.54100037,74.99980164,"DIESEL, PETROL","Automation, Pure_Sure, Air_Filling, TWO_FOUR_SEVEN",2026-09-02 16:15:16
0000114857,GULZAR MOTORS BHARAT PETROLEUM DEALERS,GULZAR MOTORS BHARAT PETROLEUM DEALERS,SHOPIAN,SHOPIAN,"ARAHAMA,SHOPIAN",SHOPIAN,Jammu & Kashmir,IN-16,192303,"SHOPIAN, SHOPIAN, ARAHAMA,SHOPIAN, SHOPIAN, 192303, India",9622567777,gulzar114857@bpclretail.in,33.741567471883,74.840400563434,"DIESEL, PETROL, SPEED","Automation, Pure_Sure, Air_Filling, TWO_FOUR_SEVEN",2026-09-02 16:15:16
0000216767,TAHA FILLING STATION BHARAT PETROLEUM DEALERS,TAHA FILLING STATION BHARAT PETROLEUM DEALERS,SUGAN,SHOPIAN,SUGAN,SHOPIAN,Jammu & Kashmir,IN-16,192305,"SUGAN, SHOPIAN, SUGAN, SHOPIAN, 192305, India",7006351453,parvaizdar477@gmail.com,33.786817135003,74.950601516887,"DIESEL, PETROL","Pure_Sure, Air_Filling, TWO_FOUR_SEVEN",2026-09-02 16:15:16
0000175505,ABDULLAH FILLING STATION BHARAT PETROLEUM DEALERS,ABDULLAH FILLING STATION BHARAT PETROLEUM DEALERS,CHANNAPORA,NEAR BYEPASS,CHANAPORA,SRINAGAR,Jammu & Kashmir,IN-16,190001,"CHANNAPORA, NEAR BYEPASS, CHANAPORA, SRINAGAR, 190001, India",9419022276,abdullah175505@bpclretail.in,34.02415488,74.808901482,"DIESEL, PETROL, SPEED","Automation, Pure_Sure, Air_Filling, TWO_FOUR_SEVEN",2026-09-02 16:15:16
0000211715,KASHMIR FILLING STATION BHARAT PETROLEUM DEALERS,KASHMIR FILLING STATION BHARAT PETROLEUM DEALERS,BATPORA HAZRATBAL,BATPORA HAZRATBAL,HAZRATBAL,SRINAGAR,Jammu & Kashmir,IN-16,190006,"BATPORA HAZRATBAL, BATPORA HAZRATBAL, HAZRATBAL, SRINAGAR, 190006, India",8899889313,Kashmirfillingstation@gmail.com,34.156964708373,74.84164846504,"DIESEL, PETROL, SPEED","Pure_Sure, Air_Filling, TWO_FOUR_SEVEN",2026-09-02 16:15:16
0000114853,ASIAN MOTORS BHARAT PETROLEUM DEALERS,ASIAN MOTORS BHARAT PETROLEUM DEALERS,PANTHACHUK,SRINAGAR,SRINAGAR,SRINAGAR,Jammu & Kashmir,IN-16,191101,"PANTHACHUK, SRINAGAR, SRINAGAR, SRINAGAR, 191101, India",9797111133,asian114853@bpclretail.in,34.037734488821,74.890787741287,"DIESEL, PETROL","Automation, Pure_Sure, Air_Filling, Parking, TWO_FOUR_SEVEN",2026-09-02 16:15:16
0000114854,BHARAT MOTOR CO. BHARAT PETROLEUM DEALERS,BHARAT MOTOR CO. BHARAT PETROLEUM DEALERS,DAL GATE,SRINAGAR,SRINAGAR,SRINAGAR,Jammu & Kashmir,IN-16,190001,"DAL GATE, SRINAGAR, SRINAGAR, SRINAGAR, 190001, India",9419018800,bharat114854@bpclretail.in,34.0836708,74.7972825,,"Automation, Air_Filling",2026-09-02 16:15:16
0000114851,BLITZ FILLING STATION BHARAT PETROLEUM DEALERS,BLITZ FILLING STATION BHARAT PETROLEUM DEALERS,BATAMALLO,SRINAGAR,SRINAGAR,SRINAGAR,Jammu & Kashmir,IN-16,190001,"BATAMALLO, SRINAGAR, SRINAGAR, SRINAGAR, 190001, India",9810899584,blitz114851@bpclretail.in,34.075351412104,74.797340790138,"DIESEL, PETROL, SPEED","Automation, Pure_Sure, Air_Filling, TWO_FOUR_SEVEN",2026-09-02 16:15:16
0000114852,EMJAY MOTORS BHARAT PETROLEUM DEALERS,EMJAY MOTORS BHARAT PETROLEUM DEALERS,MA ROAD,SRINAGAR,SRINAGAR,SRINAGAR,Jammu & Kashmir,IN-16,190001,"MA ROAD, SRINAGAR, SRINAGAR, SRINAGAR, 190001, India",9419057880,emjay114852@bpclretail.in,34.07589971394,74.82512212538,"DIESEL, PETROL, SPEED","Automation, Pure_Sure, Air_Filling, TWO_FOUR_SEVEN",2026-09-02 16:15:16
0000114859,JK FILLING STATION BHARAT PETROLEUM DEALERS,JK FILLING STATION BHARAT PETROLEUM DEALERS,ZAINAKOTE,SRINAGAR,SRINAGAR,SRINAGAR,Jammu & Kashmir,IN-16,191101,"ZAINAKOTE, SRINAGAR, SRINAGAR, SRINAGAR, 191101, India",9419015076,jk114859@bpclretail.in,34.1102496684,74.7347045178,"DIESEL, PETROL","Automation, Pure_Sure, Air_Filling, TWO_FOUR_SEVEN",2026-09-02 16:15:16
0000247469,JK SRTC PARIMPORA BHARAT PETROLEUM DEALERS,JK SRTC PARIMPORA BHARAT PETROLEUM DEALERS,PARIMPORA,PARIMPORA,SRINAGAR,SRINAGAR,Jammu & Kashmir,IN-16,190018,"PARIMPORA, PARIMPORA, SRINAGAR, SRINAGAR, 190018, India",9541563087,retailhsdpump@gmail.com,34.094208,74.760178,"DIESEL, PETROL","Pure_Sure, Air_Filling, TWO_FOUR_SEVEN",2026-09-02 16:15:16
0000157512,LUMINOUS FILLING STATION BHARAT PETROLEUM DEALERS,LUMINOUS FILLING STATION BHARAT PETROLEUM DEALERS,AARIPORA,"AARIPORA, KONMOH ROAD",SRINAGAR,SRINAGAR,Jammu & Kashmir,IN-16,191101,"AARIPORA, AARIPORA, KONMOH ROAD, SRINAGAR, SRINAGAR, 191101, India",9906650268,luminous157512@bpclretail.in,34.040336802107,74.894587548636,"DIESEL, PETROL","Automation, Pure_Sure, Air_Filling, TWO_FOUR_SEVEN",2026-09-02 16:15:16
0000144736,PAMPOSH FILLING STATION BHARAT PETROLEUM DEALERS,PAMPOSH FILLING STATION BHARAT PETROLEUM DEALERS,RAINAWARI,LAL CHOWK HAZRATBAL ROAD,SRINAGAR,SRINAGAR,Jammu & Kashmir,IN-16,190001,"RAINAWARI, LAL CHOWK HAZRATBAL ROAD, SRINAGAR, SRINAGAR, 190001, India",9419420556,pamposh144736@bpclretail.in,34.09541246,74.82125368,"DIESEL, PETROL, SPEED","Automation, Pure_Sure, Air_Filling, TWO_FOUR_SEVEN",2026-09-02 16:15:16
0000114845,SHYAM LALL & CO. BHARAT PETROLEUM DEALERS,SHYAM LALL & CO. BHARAT PETROLEUM DEALERS,BEMINA BYE PASS,SRINAGAR,SRINAGAR,SRINAGAR,Jammu & Kashmir,IN-16,190001,"BEMINA BYE PASS, SRINAGAR, SRINAGAR, SRINAGAR, 190001, India",9899766006,shyamlall114845@bpclretail.in,34.069020438503,74.770503327196,"DIESEL, PETROL","Automation, Pure_Sure, Air_Filling, TWO_FOUR_SEVEN",2026-09-02 16:15:16
0000114846,SHYAM LALL & CO. BHARAT PETROLEUM DEALERS,SHYAM LALL & CO. BHARAT PETROLEUM DEALERS,CHHATABAL,SRINAGAR,SRINAGAR,SRINAGAR,Jammu & Kashmir,IN-16,190008,"CHHATABAL, SRINAGAR, SRINAGAR, SRINAGAR, 190008, India",9469027000,shyamlall114846@bpclretail.in,34.095996,74.773698,"DIESEL, PETROL, SPEED","Automation, Pure_Sure, Air_Filling, TWO_FOUR_SEVEN",2026-09-02 16:15:16
0000114847,SRINAGAR GARAGE BHARAT PETROLEUM DEALERS,SRINAGAR GARAGE BHARAT PETROLEUM DEALERS,SONWAR,SRINAGAR,SRINAGAR,SRINAGAR,Jammu & Kashmir,IN-16,190001,"SONWAR, SRINAGAR, SRINAGAR, SRINAGAR, 190001, India",9103239055,srinagar114847@bpclretail.in,34.073233,74.836896,"DIESEL, PETROL, SPEED","In_Out, Automation, Pure_Sure, Air_Filling, TWO_FOUR_SEVEN",2026-09-02 16:15:16
0000114848,ST MOTORS BHARAT PETROLEUM DEALERS,ST MOTORS BHARAT PETROLEUM DEALERS,PANTHACHUK,SRINAGAR,SRINAGAR,SRINAGAR,Jammu & Kashmir,IN-16,191101,"PANTHACHUK, SRINAGAR, SRINAGAR, SRINAGAR, 191101, India",9419016243,st114848@bpclretail.in,34.039354610124,74.881819911173,"DIESEL, PETROL","Automation, Pure_Sure, Air_Filling, TWO_FOUR_SEVEN",2026-09-02 16:15:16
0000114850,UNITED SERVICE STATION BHARAT PETROLEUM DEALERS,UNITED SERVICE STATION BHARAT PETROLEUM DEALERS,"BYE-PASS, ROAD",SRINAGAR,SRINAGAR,SRINAGAR,Jammu & Kashmir,IN-16,191101,"BYE-PASS, ROAD, SRINAGAR, SRINAGAR, SRINAGAR, 191101, India",9906689091,united114850@bpclretail.in,34.067335602693,74.775204712063,"DIESEL, PETROL, SPEED","Automation, Pure_Sure, Air_Filling, TWO_FOUR_SEVEN",2026-09-02 16:15:16
0000174163,ABADAN MOTORS BHARAT PETROLEUM DEALERS,ABADAN MOTORS BHARAT PETROLEUM DEALERS,PANDRETHAN,PANDRETHAN,SRINAGAR,"SRINAGAR, J & K",Jammu & Kashmir,IN-16,191101,"PANDRETHAN, PANDRETHAN, SRINAGAR, SRINAGAR, J & K, 191101, India",9622964545,abadan174163@bpclretail.in,34.048150065087,74.866510133636,"DIESEL, PETROL, SPEED","Automation, Pure_Sure, Air_Filling, ATM, TWO_FOUR_SEVEN",2026-09-02 16:15:16
0000114849,TEHRAN MOTORS BHARAT PETROLEUM DEALERS,TEHRAN MOTORS BHARAT PETROLEUM DEALERS,SRINAGAR BARAMULLA ROAD,SRINAGAR,SRINAGAR,"SRINAGAR, JK",Jammu & Kashmir,IN-16,191101,"SRINAGAR BARAMULLA ROAD, SRINAGAR, SRINAGAR, SRINAGAR, JK, 191101, India",,tehran114849@bpclretail.in,34.0836708,74.7972825,,Air_Filling,2026-09-02 16:15:16
0000234840,KRISHANA FILLING STATION BHARAT PETROLEUM DEALERS,KRISHANA FILLING STATION BHARAT PETROLEUM DEALERS,"BARYALTA, NEAR BATTAL MORH",DHAR ROAD,BARYALTA UDHAMPUR,UDHAMPUR,Jammu & Kashmir,IN-16,182127,"BARYALTA, NEAR BATTAL MORH, DHAR ROAD, BARYALTA UDHAMPUR, UDHAMPUR, 182127, India",9419335625,mlgupta5625@gmail.com,32.715192,75.176148,"DIESEL, PETROL","Pure_Sure, Air_Filling, TWO_FOUR_SEVEN",2026-09-02 16:15:16
0000145294,JAMWAL FILLING STATION BHARAT PETROLEUM DEALERS,JAMWAL FILLING STATION BHARAT PETROLEUM DEALERS,CHOPRA SHOP,NH 1A,CHOPRASHOP,UDHAMPUR,Jammu & Kashmir,IN-16,182104,"CHOPRA SHOP, NH 1A, CHOPRASHOP, UDHAMPUR, 182104, India",9906744007,jamwal145294@bpclretail.in,32.908578,75.080165,"DIESEL, PETROL, SPEED","Automation, Pure_Sure, Air_Filling, TWO_FOUR_SEVEN",2026-09-02 16:15:16
0000229854,NAND FILLING STATION BHARAT PETROLEUM DEALERS,NAND FILLING STATION BHARAT PETROLEUM DEALERS,KHASRA NO.157 & 314/207,OPPOSITE NAND PALACE,KALLAR HIMITI,UDHAMPUR,Jammu & Kashmir,IN-16,182101,"KHASRA NO.157 & 314/207, OPPOSITE NAND PALACE, KALLAR HIMITI, UDHAMPUR, 182101, India",9419275114,nandfillingstation1@gmail.com,32.909886,75.134414,"DIESEL, PETROL, SPEED","Pure_Sure, Air_Filling, TWO_FOUR_SEVEN",2026-09-02 16:15:16
0000252443,V.D FUEL MART BHARAT PETROLEUM DEALERS,V.D FUEL MART BHARAT PETROLEUM DEALERS,VILLAGE DEOT KHASRA NO 1904/582,TEHSIL MAJALTA UDHAMPUR,TEHSIL MAJALTA UDHAMPUR,UDHAMPUR,Jammu & Kashmir,IN-16,184205,"VILLAGE DEOT KHASRA NO 1904/582, TEHSIL MAJALTA UDHAMPUR, TEHSIL MAJALTA UDHAMPUR, UDHAMPUR, 184205, India",9858956866,guptaarun7000@gmail.com,32.6748,75.2582,"DIESEL, PETROL","Automation, Pure_Sure, Air_Filling, TWO_FOUR_SEVEN",2026-09-02 16:15:16
0000212120,A.S JAMWAL FUELS BHARAT PETROLEUM DEALERS,A.S JAMWAL FUELS BHARAT PETROLEUM DEALERS,TIKRI,UDHAMPUR,TIKRI,UDHAMPUR,Jammu & Kashmir,IN-16,182121,"TIKRI, UDHAMPUR, TIKRI, UDHAMPUR, 182121, India",8825056194,asjamwal212120@bpclretail.in,32.94960022,74.96499634,"DIESEL, PETROL","Pure_Sure, Air_Filling, TWO_FOUR_SEVEN",2026-09-02 16:15:16
0000146802,GAURAV FILLING STATION BHARAT PETROLEUM DEALERS,GAURAV FILLING STATION BHARAT PETROLEUM DEALERS,BATTAL MORH,ON DHAR ROAD,UDHAMPUR,UDHAMPUR,Jammu & Kashmir,IN-16,182127,"BATTAL MORH, ON DHAR ROAD, UDHAMPUR, UDHAMPUR, 182127, India",9419160781,pardeepg178@gmail.com,32.74380112,75.13980103,"DIESEL, PETROL, SPEED","Automation, Pure_Sure, Air_Filling, TWO_FOUR_SEVEN",2026-09-02 16:15:16
0000227339,GREEN FILLING STATION BHARAT PETROLEUM DEALERS,GREEN FILLING STATION BHARAT PETROLEUM DEALERS,"NH 44,LHS FROM UDHAMPUR TO SRINAGAR","BALI, UDHAMPUR",UDHAMPUR,UDHAMPUR,Jammu & Kashmir,IN-16,182101,"NH 44,LHS FROM UDHAMPUR TO SRINAGAR, BALI, UDHAMPUR, UDHAMPUR, UDHAMPUR, 182101, India",8899259811,greenfs227339@bpclretail.in,32.968158,75.167204,"DIESEL, PETROL","Pure_Sure, Air_Filling, TWO_FOUR_SEVEN",2026-09-02 16:15:16
0000140512,SHIV KUMAR AND SONS BHARAT PETROLEUM DEALERS,SHIV KUMAR AND SONS BHARAT PETROLEUM DEALERS,"MAND, NH1A",UDHAMPUR,UDHAMPUR,UDHAMPUR,Jammu & Kashmir,IN-16,182101,"MAND, NH1A, UDHAMPUR, UDHAMPUR, UDHAMPUR, 182101, India",9419162986,shivkumar140512@bpclretail.in,32.898966,75.01954,"DIESEL, PETROL, SPEED","Automation, Pure_Sure, Air_Filling, TWO_FOUR_SEVEN",2026-09-02 16:15:16
0000114842,VASUDEV & SONS BHARAT PETROLEUM DEALERS,VASUDEV & SONS BHARAT PETROLEUM DEALERS,JAMMU SRINAGAR ROAD,UDHAMPUR,UDHAMPUR,UDHAMPUR,Jammu & Kashmir,IN-16,182101,"JAMMU SRINAGAR ROAD, UDHAMPUR, UDHAMPUR, UDHAMPUR, 182101, India",9055018029,vasudev114842@bpclretail.in,32.932716,75.143501,"DIESEL, PETROL, SPEED","Automation, Pure_Sure, Air_Filling, TWO_FOUR_SEVEN",2026-09-02 16:15:16
0000261674,TANAKSHI FUELS BHARAT PETROLEUM DEALERS,TANAKSHI FUELS BHARAT PETROLEUM DEALERS,"VILLAGE MAND, TIKRI",TEH & DIST UDHAMPUR,UDHMAPUR,UDHAMPUR,Jammu & Kashmir,IN-16,182121,"VILLAGE MAND, TIKRI, TEH & DIST UDHAMPUR, UDHMAPUR, UDHAMPUR, 182121, India",9419146753,nirmalkumari9927@gmail.com,32.92792,74.98664,"DIESEL, PETROL, SPEED","Automation, Pure_Sure, Air_Filling, TWO_FOUR_SEVEN",2026-09-02 16:15:16
0000263298,DEVIKA FILLING STATION BHARAT PETROLEUM DEALERS,DEVIKA FILLING STATION BHARAT PETROLEUM DEALERS,NEAR FOREST CHECK POST,BATTAL,"VIILAGE BATTAL, TEHSIL MA",UDHAMPUR,Jammu & Kashmir,IN-16,182127,"NEAR FOREST CHECK POST, BATTAL, VIILAGE BATTAL, TEHSIL MA, UDHAMPUR, 182127, India",9906991687,chalotrap76@gmail.com,32.72933578,75.16236877,"DIESEL, PETROL","Automation, Air_Filling",2026-09-02 16:15:16
0000231194,KAKANMATH FUEL STATION BHARAT PETROLEUM DEALERS,KAKANMATH FUEL STATION BHARAT PETROLEUM DEALERS,VILLAGE USETH,VILLAGE USETH,USETH,MORENA,Madhya Pradesh,IN-18,476111,"VILLAGE USETH, VILLAGE USETH, USETH, MORENA, 476111, India",8269268432,KAKANMATH231194@bpclretail.in,26.834031,78.327269,,Air_Filling,2026-09-02 16:15:17
0000245223,BN PETRO STATION BHARAT PETROLEUM DEALERS,BN PETRO STATION BHARAT PETROLEUM DEALERS,AJNALA,AJNALA-FGC ROAD,AJNALA,AMRITSAR,Punjab,IN-23,143102,"AJNALA, AJNALA-FGC ROAD, AJNALA, AMRITSAR, 143102, India",9872617993,BNpetrostation@yahoo.com,31.841264,74.770151,"DIESEL, PETROL","Pure_Sure, Air_Filling, TWO_FOUR_SEVEN",2026-09-02 16:15:15
0000211361,KPS SERVICE CENTRE BHARAT PETROLEUM DEALERS,KPS SERVICE CENTRE BHARAT PETROLEUM DEALERS,VILL DALAM,AJNALA ROAD,AJNALA,AMRITSAR,Punjab,IN-23,143102,"VILL DALAM, AJNALA ROAD, AJNALA, AMRITSAR, 143102, India",9814362848,kps211361@bpclretail.in,31.4552654,74.4645046,,"Automation, Pure_Sure, Air_Filling, TWO_FOUR_SEVEN",2026-09-02 16:15:15
0000190461,M K ENERGY POINT BHARAT PETROLEUM DEALERS,M K ENERGY POINT BHARAT PETROLEUM DEALERS,NH354 AJNALA AMRITSAR ROAD,VILLAGE ROHKE TEHSIL AJNALA,AJNALA,AMRITSAR,Punjab,IN-23,143102,"NH354 AJNALA AMRITSAR ROAD, VILLAGE ROHKE TEHSIL AJNALA, AJNALA, AMRITSAR, 143102, India",8437941111,mkenergy190461@bpclretail.in,31.8089,74.7694,"DIESEL, PETROL","Automation, Pure_Sure, Air_Filling, TWO_FOUR_SEVEN",2026-09-02 16:15:15
0000250793,RANDHAWA FILLING STATION ADHOC BHARAT PETROLEUM DEALERS,RANDHAWA FILLING STATION ADHOC BHARAT PETROLEUM DEALERS,VILLAGE DALAM,AMRITSAR- AJNALA ROAD,AJNALA,AMRITSAR,Punjab,IN-23,143102,"VILLAGE DALAM, AMRITSAR- AJNALA ROAD, AJNALA, AMRITSAR, 143102, India",7480000005,randhhwa114742@bpclretail.in,31.4552654,74.4645046,,Air_Filling,2026-09-02 16:15:15
0000214179,SARDAR BHOLA SINGH & SONS BHARAT PETROLEUM DEALERS,SARDAR BHOLA SINGH & SONS BHARAT PETROLEUM DEALERS,VILLAGE CHAMYARI,ON AJNALA FATEHGARH CHURIAN ROAD,AJNALA,AMRITSAR,Punjab,IN-23,143103,"VILLAGE CHAMYARI, ON AJNALA FATEHGARH CHURIAN ROAD, AJNALA, AMRITSAR, 143103, India",9781100098,sardar214179@bpclretail.in,31.84593,74.80709,"DIESEL, PETROL","Automation, Pure_Sure, Air_Filling, TWO_FOUR_SEVEN",2026-09-02 16:15:15
0000168789,A.H.PADAM PETROLEUM BHARAT PETROLEUM DEALERS,A.H.PADAM PETROLEUM BHARAT PETROLEUM DEALERS,"BHAI LALOJI NAGAR,",ADJOINING ALPHA MALL,AMRITSAR,AMRITSAR,Punjab,IN-23,143001,"BHAI LALOJI NAGAR,, ADJOINING ALPHA MALL, AMRITSAR, AMRITSAR, 143001, India",9464352203,ahpadam168789@bpclretail.in,31.619218,74.906639,"DIESEL, PETROL, SPEED","In_Out, Automation, Air_Filling",2026-09-02 16:15:15
0000226812,AMRIT FILLING STATION BHARAT PETROLEUM DEALERS,AMRIT FILLING STATION BHARAT PETROLEUM DEALERS,VILL WANIAN KE,ON ATTARI-CHOGAWAN ROAD,AMRITSAR,AMRITSAR,Punjab,IN-23,143109,"VILL WANIAN KE, ON ATTARI-CHOGAWAN ROAD, AMRITSAR, AMRITSAR, 143109, India",9914225251,amrit226812@bpclretail.in,31.6628,74.6382,"DIESEL, PETROL","Pure_Sure, Air_Filling, TWO_FOUR_SEVEN",2026-09-02 16:15:15
0000114724,AMRITSAR TRANSPORT CO. BHARAT PETROLEUM DEALERS,AMRITSAR TRANSPORT CO. BHARAT PETROLEUM DEALERS,GHEE MANDI,GHEE MANDI,AMRITSAR,AMRITSAR,Punjab,IN-23,143001,"GHEE MANDI, GHEE MANDI, AMRITSAR, AMRITSAR, 143001, India",9814180238,amritsar114724@bpclretail.in,31.623545,74.88553,"DIESEL, PETROL, SPEED","Automation, Pure_Sure, Air_Filling, TWO_FOUR_SEVEN",2026-09-02 16:15:15
0000178436,ARMAAN FILLING STATION BHARAT PETROLEUM DEALERS,ARMAAN FILLING STATION BHARAT PETROLEUM DEALERS,GUMTALA ( AIRPORT ROAD),TEHSIL AMRITSAR II,AMRITSAR,AMRITSAR,Punjab,IN-23,143001,"GUMTALA ( AIRPORT ROAD), TEHSIL AMRITSAR II, AMRITSAR, AMRITSAR, 143001, India",9501497555,armaan178436@bpclretail.in,31.665061,74.844509,"DIESEL, PETROL","Automation, Pure_Sure, Air_Filling, TWO_FOUR_SEVEN",2026-09-02 16:15:15
0000114725,AUTO FILLERS BHARAT PETROLEUM DEALERS,AUTO FILLERS BHARAT PETROLEUM DEALERS,BERI GATE,BERI GATE,AMRITSAR,AMRITSAR,Punjab,IN-23,143001,"BERI GATE, BERI GATE, AMRITSAR, AMRITSAR, 143001, India",9872902103,auto114725@bpclretail.in,31.621726,74.865719,"DIESEL, PETROL, SPEED","Automation, Pure_Sure, Air_Filling, TWO_FOUR_SEVEN",2026-09-02 16:15:15
0000215027,B.D.S. FILLING STATION BHARAT PETROLEUM DEALERS,B.D.S. FILLING STATION BHARAT PETROLEUM DEALERS,VILL KALA GHANPUR,AMRITSAR BYEPASS (WML),AMRITSAR,AMRITSAR,Punjab,IN-23,143001,"VILL KALA GHANPUR, AMRITSAR BYEPASS (WML), AMRITSAR, AMRITSAR, 143001, India",8728000046,bds215027@bpclretail.in,31.6400286,74.7920442,"DIESEL, PETROL, SPEED","Automation, Pure_Sure, Air_Filling, TWO_FOUR_SEVEN",2026-09-02 16:15:15
0000227889,BABA BOHRRI SHAH FUELS ADHOC BHARAT PETROLEUM DEALERS,BABA BOHRRI SHAH FUELS ADHOC BHARAT PETROLEUM DEALERS,"BISHOP COMPOUND, COURT ROAD",AMRITSAR CITY,AMRITSAR,AMRITSAR,Punjab,IN-23,143001,"BISHOP COMPOUND, COURT ROAD, AMRITSAR CITY, AMRITSAR, AMRITSAR, 143001, India",9855420055,paramjitbatra@yahoo.com,31.635746,74.870272,,"Automation, Pure_Sure, Air_Filling, TWO_FOUR_SEVEN",2026-09-02 16:15:15
0000214235,BABA RAJA RAM JI FILLING STATI BHARAT PETROLEUM DEALERS,BABA RAJA RAM JI FILLING STATI BHARAT PETROLEUM DEALERS,VILLAGE TALWANDI DOSANDA SINGH,DADDUANA ROAD,AMRITSAR,AMRITSAR,Punjab,IN-23,143502,"VILLAGE TALWANDI DOSANDA SINGH, DADDUANA ROAD, AMRITSAR, AMRITSAR, 143502, India",7837115356,baba214235@bpclretail.in,31.6791957,75.0419439,"DIESEL, PETROL","Automation, Pure_Sure, Air_Filling, TWO_FOUR_SEVEN",2026-09-02 16:15:15
0000114726,BAMRAH SERVICE STATION BHARAT PETROLEUM DEALERS,BAMRAH SERVICE STATION BHARAT PETROLEUM DEALERS,G.T. ROAD,G.T.ROAD,AMRITSAR,AMRITSAR,Punjab,IN-23,143001,"G.T. ROAD, G.T.ROAD, AMRITSAR, AMRITSAR, 143001, India",9888388540,bamrah114726@bpclretail.in,31.624775,74.894277,"DIESEL, PETROL, SPEED","Automation, Pure_Sure, Air_Filling, Parking, TWO_FOUR_SEVEN",2026-09-02 16:15:15
0000217447,BATRA FILLING STATION ADHOC BHARAT PETROLEUM DEALERS,BATRA FILLING STATION ADHOC BHARAT PETROLEUM DEALERS,"BISHOP COMPOUND, COURT ROAD",AMRITSAR CITY,AMRITSAR,AMRITSAR,Punjab,IN-23,143001,"BISHOP COMPOUND, COURT ROAD, AMRITSAR CITY, AMRITSAR, AMRITSAR, 143001, India",9855420055,batra146472@bpclretail.in,31.635849,74.867405,"DIESEL, PETROL","Automation, Pure_Sure, Air_Filling, TWO_FOUR_SEVEN",2026-09-02 16:15:15
0000146472,BATRA FILLING STATION BHARAT PETROLEUM DEALERS,BATRA FILLING STATION BHARAT PETROLEUM DEALERS,VILL.JASARAUR,LOPOKE-AJNALA ROAD,AMRITSAR,AMRITSAR,Punjab,IN-23,143102,"VILL.JASARAUR, LOPOKE-AJNALA ROAD, AMRITSAR, AMRITSAR, 143102, India",9855420055,batra146472@bpclretail.in,31.841572,74.658435,"DIESEL, PETROL, SPEED","Automation, Pure_Sure, Air_Filling, TWO_FOUR_SEVEN",2026-09-02 16:15:15
0000216564,BHARAT FILLING STATION BHARAT PETROLEUM DEALERS,BHARAT FILLING STATION BHARAT PETROLEUM DEALERS,VILL KALER MANGAT,ON MAJITHA KATHUNANGAL ROAD,AMRITSAR,AMRITSAR,Punjab,IN-23,143502,"VILL KALER MANGAT, ON MAJITHA KATHUNANGAL ROAD, AMRITSAR, AMRITSAR, 143502, India",9340000017,bharat216564@bpclretail.in,31.739275,74.990235,"DIESEL, PETROL","Pure_Sure, Air_Filling, TWO_FOUR_SEVEN",2026-09-02 16:15:15
0000145421,BHARAT PETRO STATION BHARAT PETROLEUM DEALERS,BHARAT PETRO STATION BHARAT PETROLEUM DEALERS,"VILL.NAWAN TANEL,TEHSIL.BABA BAKALA",NH 503,AMRITSAR,AMRITSAR,Punjab,IN-23,143116,"VILL.NAWAN TANEL,TEHSIL.BABA BAKALA, NH 503, AMRITSAR, AMRITSAR, 143116, India",9815399652,bharat145421@bpclretail.in,31.671225,75.173714,"DIESEL, PETROL","Automation, Pure_Sure, Air_Filling, TWO_FOUR_SEVEN",2026-09-02 16:15:15
0000146364,CHAWINDA DEVI FILLING STATION BHARAT PETROLEUM DEALERS,CHAWINDA DEVI FILLING STATION BHARAT PETROLEUM DEALERS,VPO CHAWINDA DEVI,VPO CHAWINDA DEVI,AMRITSAR,AMRITSAR,Punjab,IN-23,143504,"VPO CHAWINDA DEVI, VPO CHAWINDA DEVI, AMRITSAR, AMRITSAR, 143504, India",9915107265,chawinda146364@bpclretail.in,31.720946,75.064961,"DIESEL, PETROL","Automation, Pure_Sure, Air_Filling, TWO_FOUR_SEVEN",2026-09-02 16:15:15
0000140414,HARDAS FUEL POINT BHARAT PETROLEUM DEALERS,HARDAS FUEL POINT BHARAT PETROLEUM DEALERS,"VILL. NAUSHERA, MAJITHA ROAD",,AMRITSAR,AMRITSAR,Punjab,IN-23,143001,"VILL. NAUSHERA, MAJITHA ROAD, , AMRITSAR, AMRITSAR, 143001, India",9888887234,hardas140414@bpclretail.in,31.676838,74.896987,"DIESEL, PETROL, SPEED","Automation, Pure_Sure, Air_Filling, TWO_FOUR_SEVEN",2026-09-02 16:15:15
0000246844,MAX MILES BHARAT PETROLEUM DEALERS,MAX MILES BHARAT PETROLEUM DEALERS,VILLAGE AKALGARH DHAPIAN,RHS OF NH-503A,AMRITSAR,AMRITSAR,Punjab,IN-23,143116,"VILLAGE AKALGARH DHAPIAN, RHS OF NH-503A, AMRITSAR, AMRITSAR, 143116, India",9113893345,maxmiles503a@gmail.com,31.6506751,75.055623,"DIESEL, PETROL","Pure_Sure, Air_Filling, TWO_FOUR_SEVEN",2026-09-02 16:15:15
0000114738,MELA RAM & SONS A/C TAXI STAND BHARAT PETROLEUM DEALERS,MELA RAM & SONS A/C TAXI STAND BHARAT PETROLEUM DEALERS,TAXI STAND,GOAL BAGH,AMRITSAR,AMRITSAR,Punjab,IN-23,143001,"TAXI STAND, GOAL BAGH, AMRITSAR, AMRITSAR, 143001, India",9060900016,melaram114738@bpclretail.in,31.6334,74.8725,"DIESEL, PETROL","Automation, Pure_Sure, Air_Filling, TWO_FOUR_SEVEN",2026-09-02 16:15:15
0000114737,"MELA RAM & SONS, A/C G.T. ROAD BHARAT PETROLEUM DEALERS","MELA RAM & SONS, A/C G.T. ROAD BHARAT PETROLEUM DEALERS",G.T ROAD,G.T. ROAD,AMRITSAR,AMRITSAR,Punjab,IN-23,143001,"G.T ROAD, G.T. ROAD, AMRITSAR, AMRITSAR, 143001, India",9888884698,melaram114737@bpclretail.in,31.621,74.9017,"DIESEL, PETROL, SPEED, SPEED 100 BS IV","Automation, Pure_Sure, Air_Filling, TWO_FOUR_SEVEN",2026-09-02 16:15:15
0000249944,"MELA RAM & SONS,A/C G.T. ROAD BHARAT PETROLEUM DEALERS","MELA RAM & SONS,A/C G.T. ROAD BHARAT PETROLEUM DEALERS",BISHOP COMPUND,COURT ROAD AMRITSAR CITY,AMRITSAR,AMRITSAR,Punjab,IN-23,143001,"BISHOP COMPUND, COURT ROAD AMRITSAR CITY, AMRITSAR, AMRITSAR, 143001, India",6283627680,melaramandsons84@gmail.com,31.635849,74.867405,"DIESEL, PETROL","Automation, Air_Filling",2026-09-02 16:15:15
0000235485,PAL ENERGY SOLUTIONS BHARAT PETROLEUM DEALERS,PAL ENERGY SOLUTIONS BHARAT PETROLEUM DEALERS,VILLAGE NANGLI,FATEHGARH-CHURIAN ROAD94178,AMRITSAR,AMRITSAR,Punjab,IN-23,143008,"VILLAGE NANGLI, FATEHGARH-CHURIAN ROAD94178, AMRITSAR, AMRITSAR, 143008, India",9417828000,advocaterandeepgill@yahoo.in,31.687455,74.883218,"DIESEL, PETROL","Pure_Sure, Air_Filling, TWO_FOUR_SEVEN",2026-09-02 16:15:15
0000224695,TALWAR FILLING STATION BHARAT PETROLEUM DEALERS,TALWAR FILLING STATION BHARAT PETROLEUM DEALERS,VILL MAJJUPURA,AMRITSAR FATEHGARH CHURIAN ROAD,AMRITSAR,AMRITSAR,Punjab,IN-23,143601,"VILL MAJJUPURA, AMRITSAR FATEHGARH CHURIAN ROAD, AMRITSAR, AMRITSAR, 143601, India",9530828330,talwar224695@bpclretail.in,31.781577,74.912874,"DIESEL, PETROL","Pure_Sure, Air_Filling, TWO_FOUR_SEVEN",2026-09-02 16:15:15
0000209283,TUNG POWER POINT BHARAT PETROLEUM DEALERS,TUNG POWER POINT BHARAT PETROLEUM DEALERS,SOHIAN KHURD (AMRITSAR CITY),"ON NH 54, AMRITSAR",AMRITSAR,AMRITSAR,Punjab,IN-23,143501,"SOHIAN KHURD (AMRITSAR CITY), ON NH 54, AMRITSAR, AMRITSAR, AMRITSAR, 143501, India",9814258652,tung209283@bpclretail.in,31.6907,74.9738,"DIESEL, PETROL, SPEED","Automation, Air_Filling",2026-09-02 16:15:15
0000114746,VIDYA DHAR & SONS A/C BISHOP C BHARAT PETROLEUM DEALERS,VIDYA DHAR & SONS A/C BISHOP C BHARAT PETROLEUM DEALERS,MISSION COMPOUND,AMRITSAR,AMRITSAR,AMRITSAR,Punjab,IN-23,143001,"MISSION COMPOUND, AMRITSAR, AMRITSAR, AMRITSAR, 143001, India",9814051133,vidyadhar114746@bpclretail.in,31.635849,74.867405,,"Automation, Pure_Sure, Air_Filling, TWO_FOUR_SEVEN",2026-09-02 16:15:15
0000114745,VIDYA DHAR & SONS A/C COURT RO BHARAT PETROLEUM DEALERS,VIDYA DHAR & SONS A/C COURT RO BHARAT PETROLEUM DEALERS,COURT ROAD,COURT ROAD,AMRITSAR,AMRITSAR,Punjab,IN-23,143001,"COURT ROAD, COURT ROAD, AMRITSAR, AMRITSAR, 143001, India",9814051133,vidyadhar114745@bpclretail.in,31.63432503,74.87162018,"DIESEL, PETROL, SPEED","Automation, Pure_Sure, Air_Filling, TWO_FOUR_SEVEN",2026-09-02 16:15:15
0000141423,SHARDA POWER POINT BHARAT PETROLEUM DEALERS,SHARDA POWER POINT BHARAT PETROLEUM DEALERS,GURUNANAK NIRANKARI COLONY,MAIN SULTANWIND ROAD,AMRITSAR CITY,AMRITSAR,Punjab,IN-23,143006,"GURUNANAK NIRANKARI COLONY, MAIN SULTANWIND ROAD, AMRITSAR CITY, AMRITSAR, 143006, India",9914888807,sharda141423@bpclretail.in,31.607535,74.901796,"DIESEL, PETROL, SPEED","Automation, Pure_Sure, Air_Filling, TWO_FOUR_SEVEN",2026-09-02 16:15:15
0000114748,VIDYA DHAR & SONS A/C ATTARI BHARAT PETROLEUM DEALERS,VIDYA DHAR & SONS A/C ATTARI BHARAT PETROLEUM DEALERS,ATTARI,G.T. ROAD,ATTARI,AMRITSAR,Punjab,IN-23,143001,"ATTARI, G.T. ROAD, ATTARI, AMRITSAR, 143001, India",9357319511,vidyadhar114748@bpclretail.in,31.608302,74.604046,"DIESEL, PETROL, SPEED","Automation, Pure_Sure, Air_Filling, TWO_FOUR_SEVEN",2026-09-02 16:15:15
0000223650,DILKASH AUTO FUELS BHARAT PETROLEUM DEALERS,DILKASH AUTO FUELS BHARAT PETROLEUM DEALERS,VILL THATHIAN,ON BABA BAKALA ROAD,BABA BAKALA,AMRITSAR,Punjab,IN-23,143202,"VILL THATHIAN, ON BABA BAKALA ROAD, BABA BAKALA, AMRITSAR, 143202, India",9855682655,dilkash223650@bpclretail.in,31.574439,75.283304,"DIESEL, PETROL, SPEED","Pure_Sure, Air_Filling, TWO_FOUR_SEVEN",2026-09-02 16:15:15
0000183877,ROYAL FILLING STATION BHARAT PETROLEUM DEALERS,ROYAL FILLING STATION BHARAT PETROLEUM DEALERS,GEHRI MANDI TO KUJALA ROAD,,BHANGAWA,AMRITSAR,Punjab,IN-23,143149,"GEHRI MANDI TO KUJALA ROAD, , BHANGAWA, AMRITSAR, 143149, India",9780155983,royal183877@bpclretail.in,31.6066,75.063814,"DIESEL, PETROL","Automation, Pure_Sure, Air_Filling, TWO_FOUR_SEVEN",2026-09-02 16:15:15
0000114742,RANDHHWA FILLING STATION BHARAT PETROLEUM DEALERS,RANDHHWA FILLING STATION BHARAT PETROLEUM DEALERS,BOHRU,BOHRU,BOHRU,AMRITSAR,Punjab,IN-23,143001,"BOHRU, BOHRU, BOHRU, AMRITSAR, 143001, India",9814711000,randhhwa114742@bpclretail.in,31.557569,74.826149,"DIESEL, PETROL","Automation, Pure_Sure, Air_Filling, TWO_FOUR_SEVEN",2026-09-02 16:15:15
0000256940,K.G.N ENERGY POINT BHARAT PETROLEUM DEALERS,K.G.N ENERGY POINT BHARAT PETROLEUM DEALERS,VILLAGE BOHLIAN,TEHSIL RAJA SANSI,BPHLIAN,AMRITSAR,Punjab,IN-23,143102,"VILLAGE BOHLIAN, TEHSIL RAJA SANSI, BPHLIAN, AMRITSAR, 143102, India",9814255623,ramanrandhawa533@gmail.com,31.8154,74.7386,"DIESEL, PETROL","Pure_Sure, Air_Filling, TWO_FOUR_SEVEN",2026-09-02 16:15:15
0000221404,GURU AMARDAS JI AUTOMOBILES AD BHARAT PETROLEUM DEALERS,GURU AMARDAS JI AUTOMOBILES AD BHARAT PETROLEUM DEALERS,VILL CHABAL,AMRITSAR KHEMKARAN ROAD,CHABBAL,AMRITSAR,Punjab,IN-23,143009,"VILL CHABAL, AMRITSAR KHEMKARAN ROAD, CHABBAL, AMRITSAR, 143009, India",9619011151,kamalpreet_009@yahoo.com,31.494941,74.788488,"DIESEL, PETROL",Air_Filling,2026-09-02 16:15:15
0000160236,HIGHWAY FILLING STATION BHARAT PETROLEUM DEALERS,HIGHWAY FILLING STATION BHARAT PETROLEUM DEALERS,VILLAGE CHOHAN(NH-1),VILLAGE CHOHAN(NH-1),CHOHAN,AMRITSAR,Punjab,IN-23,143001,"VILLAGE CHOHAN(NH-1), VILLAGE CHOHAN(NH-1), CHOHAN, AMRITSAR, 143001, India",8284848596,highway160236@bpclretail.in,31.559738,75.114671,"DIESEL, PETROL, SPEED","Automation, Pure_Sure, Air_Filling, TWO_FOUR_SEVEN",2026-09-02 16:15:15
0000182260,BABA BOHRRI SHAH FUELS BHARAT PETROLEUM DEALERS,BABA BOHRRI SHAH FUELS BHARAT PETROLEUM DEALERS,LOPOKE TO AJNALA ROAD,LOPOKE TO AJNALA ROAD,CHUCHAKWAL,AMRITSAR,Punjab,IN-23,143110,"LOPOKE TO AJNALA ROAD, LOPOKE TO AJNALA ROAD, CHUCHAKWAL, AMRITSAR, 143110, India",9855420055,bohrri182260@bpclretail.in,31.772262,74.61407,"DIESEL, PETROL","Automation, Pure_Sure, Air_Filling, TWO_FOUR_SEVEN",2026-09-02 16:15:15
0000256696,DHAN DHAN BABA DEEP SINGH JI E BHARAT PETROLEUM DEALERS,DHAN DHAN BABA DEEP SINGH JI E BHARAT PETROLEUM DEALERS,VILLAGE IBBAN KALAN,NH354,IBBAN KALAN,AMRITSAR,Punjab,IN-23,143009,"VILLAGE IBBAN KALAN, NH354, IBBAN KALAN, AMRITSAR, 143009, India",7009928127,saurabkamboj978@gmail.com,31.582027,74.841168,"DIESEL, PETROL","Pure_Sure, Air_Filling, TWO_FOUR_SEVEN",2026-09-02 16:15:15
0000182539,HUNDAL FILLING STATION BHARAT PETROLEUM DEALERS,HUNDAL FILLING STATION BHARAT PETROLEUM DEALERS,JANDIAL GURU - TARN TARAN ROAD,,JANDIALA GURU,AMRITSAR,Punjab,IN-23,143115,"JANDIAL GURU - TARN TARAN ROAD, , JANDIALA GURU, AMRITSAR, 143115, India",8567037555,hundal182539@bpclretail.in,31.553109,75.016021,"DIESEL, PETROL","Automation, Pure_Sure, Air_Filling, TWO_FOUR_SEVEN",2026-09-02 16:15:15
0000146981,AULAKH POWER POINT BHARAT PETROLEUM DEALERS,AULAKH POWER POINT BHARAT PETROLEUM DEALERS,OPP. PUNJAB & SIND BANK,"P.O. KHIALA KHURD,TEHSIL AJNALA",KHIALA KHURD,AMRITSAR,Punjab,IN-23,143109,"OPP. PUNJAB & SIND BANK, P.O. KHIALA KHURD,TEHSIL AJNALA, KHIALA KHURD, AMRITSAR, 143109, India",8100008002,aulakh146981@bpclretail.in,31.684166,74.718817,"DIESEL, PETROL","Automation, Pure_Sure, Air_Filling, TWO_FOUR_SEVEN",2026-09-02 16:15:15
0000237140,GURU KIRPA ENERGY SOLUTIONS BHARAT PETROLEUM DEALERS,GURU KIRPA ENERGY SOLUTIONS BHARAT PETROLEUM DEALERS,MAJITHA TOWN,IN FRONT OF MAJITHA DANA MANDI,MAJITHA,AMRITSAR,Punjab,IN-23,143601,"MAJITHA TOWN, IN FRONT OF MAJITHA DANA MANDI, MAJITHA, AMRITSAR, 143601, India",8427084007,prashantsharma565@yahoo.com,31.751078,74.949895,"DIESEL, PETROL","Pure_Sure, Air_Filling, TWO_FOUR_SEVEN",2026-09-02 16:15:15
0000144229,JAGMEET FILLING STATION BHARAT PETROLEUM DEALERS,JAGMEET FILLING STATION BHARAT PETROLEUM DEALERS,VPO. NAGKALAN,AMRITSAR-MAJITHA ROAD,NAGKALAN,AMRITSAR,Punjab,IN-23,143001,"VPO. NAGKALAN, AMRITSAR-MAJITHA ROAD, NAGKALAN, AMRITSAR, 143001, India",9501054000,jagmeet144229@bpclretail.in,31.71720505,74.93887329,"DIESEL, PETROL","Automation, Pure_Sure, Air_Filling, TWO_FOUR_SEVEN",2026-09-02 16:15:15
0000176289,GILL FILLERS BHARAT PETROLEUM DEALERS,GILL FILLERS BHARAT PETROLEUM DEALERS,AJNALA- DERABABA NANAK ROAD,V.P.O. RAMDASS,RAMDAS,AMRITSAR,Punjab,IN-23,143603,"AJNALA- DERABABA NANAK ROAD, V.P.O. RAMDASS, RAMDAS, AMRITSAR, 143603, India",9872293555,gill176289@bpclretail.in,31.971641,74.919151,"DIESEL, PETROL","Automation, Pure_Sure, Air_Filling, TWO_FOUR_SEVEN",2026-09-02 16:15:15
0000114727,CHANDI FILLING STATION BHARAT PETROLEUM DEALERS,CHANDI FILLING STATION BHARAT PETROLEUM DEALERS,SOHIAN KALAN,RAMDAS ROAD,SOHIAN KALAN,AMRITSAR,Punjab,IN-23,143001,"SOHIAN KALAN, RAMDAS ROAD, SOHIAN KALAN, AMRITSAR, 143001, India",9914055661,chandi114727@bpclretail.in,31.749248,74.907521,"DIESEL, PETROL","Automation, Pure_Sure, Air_Filling, TWO_FOUR_SEVEN",2026-09-02 16:15:15
0000114735,JYOTI FILLING STATION BHARAT PETROLEUM DEALERS,JYOTI FILLING STATION BHARAT PETROLEUM DEALERS,FATEHGARH ROAD,TALWANDI NAHR,TALWANDI NAHAR,AMRITSAR,Punjab,IN-23,143603,"FATEHGARH ROAD, TALWANDI NAHR, TALWANDI NAHAR, AMRITSAR, 143603, India",,jyotifilling@yahoo.com,31.9744515,74.8857989,,Air_Filling,2026-09-02 16:15:15
0000194300,M. K. ENERGY POINT (ADHOC) BHARAT PETROLEUM DEALERS,M. K. ENERGY POINT (ADHOC) BHARAT PETROLEUM DEALERS,TALWANDI NAHAR,TALWANDI NAHAR,TALWANDI NAHAR,AMRITSAR,Punjab,IN-23,143603,"TALWANDI NAHAR, TALWANDI NAHAR, TALWANDI NAHAR, AMRITSAR, 143603, India",9803222221,mkenergy190461@bpclretail.in,31.9744515,74.8857989,,"Automation, Air_Filling",2026-09-02 16:15:15
0000114734,JIA LAL & SONS - A/C VERKA BHARAT PETROLEUM DEALERS,JIA LAL & SONS - A/C VERKA BHARAT PETROLEUM DEALERS,BATALA ROAD,VERKA,VERKA,AMRITSAR,Punjab,IN-23,143001,"BATALA ROAD, VERKA, VERKA, AMRITSAR, 143001, India",9417955223,jialal114734@bpclretail.in,31.677809,74.952774,"DIESEL, PETROL, SPEED","Automation, Pure_Sure, Air_Filling, TWO_FOUR_SEVEN",2026-09-02 16:15:15
0000249200,AVITAJ PETRO STATION BHARAT PETROLEUM DEALERS,AVITAJ PETRO STATION BHARAT PETROLEUM DEALERS,VILLAGE CHAK MUKAND,KHASA- BAKHNA ROAD,VILLAGE CHAK MUKAND,AMRITSAR,Punjab,IN-23,143107,"VILLAGE CHAK MUKAND, KHASA- BAKHNA ROAD, VILLAGE CHAK MUKAND, AMRITSAR, 143107, India",7626991722,avitajpetrostation1980@gmail.com,31.59810925,74.72381444,"DIESEL, PETROL","Pure_Sure, Air_Filling, TWO_FOUR_SEVEN",2026-09-02 16:15:15
0000252792,FRIENDS FILLING STATION BHARAT PETROLEUM DEALERS,FRIENDS FILLING STATION BHARAT PETROLEUM DEALERS,VILLAGE CHOGAWAN,NH 503A,VILLAGE CHOGAWAN,AMRITSAR,Punjab,IN-23,143113,"VILLAGE CHOGAWAN, NH 503A, VILLAGE CHOGAWAN, AMRITSAR, 143113, India",9876087188,barinder.randhawa7@gmail.com,31.6664894,75.115089,"DIESEL, PETROL","Pure_Sure, Air_Filling, TWO_FOUR_SEVEN",2026-09-02 16:15:15
0000246415,BASSI FILLING STATION BHARAT PETROLEUM DEALERS,BASSI FILLING STATION BHARAT PETROLEUM DEALERS,VILLAGE MUCHAL,"LHS, AMRITSAR-JALANDHAR ROAD NH-3",VILLAGE MUCHHAL,AMRITSAR,Punjab,IN-23,143111,"VILLAGE MUCHAL, LHS, AMRITSAR-JALANDHAR ROAD NH-3, VILLAGE MUCHHAL, AMRITSAR, 143111, India",9815546531,bassifillingstation@gmail.com,31.5545196,75.14804,"DIESEL, PETROL",Air_Filling,2026-09-02 16:15:15
0000248664,S.P SINGH FUEL POINT BHARAT PETROLEUM DEALERS,S.P SINGH FUEL POINT BHARAT PETROLEUM DEALERS,VILLAGE WADALA JOHAL,"NAWAN PIND TO NH3 , LINK ROAD",VILLAGE WADAL JOHAL,AMRITSAR,Punjab,IN-23,143113,"VILLAGE WADALA JOHAL, NAWAN PIND TO NH3 , LINK ROAD, VILLAGE WADAL JOHAL, AMRITSAR, 143113, India",9914574577,sanam07pal@gmail.com,31.623627,75.024197,"DIESEL, PETROL","Pure_Sure, Air_Filling, TWO_FOUR_SEVEN",2026-09-02 16:15:15
0000146185,DHILLON  FUELS BHARAT PETROLEUM DEALERS,DHILLON  FUELS BHARAT PETROLEUM DEALERS,LOHARKA ROAD,NEAR GUMTALA COLONY,AMRITSAR,"AMRITSAR, PUNJAB",Punjab,IN-23,143001,"LOHARKA ROAD, NEAR GUMTALA COLONY, AMRITSAR, AMRITSAR, PUNJAB, 143001, India",9888535900,dhillon146185@bpclretail.in,31.678985,74.865076,"DIESEL, PETROL","Automation, Pure_Sure, Air_Filling, TWO_FOUR_SEVEN",2026-09-02 16:15:15
0000141730,ESQUIRE AUTO FILLER S BHARAT PETROLEUM DEALERS,ESQUIRE AUTO FILLER S BHARAT PETROLEUM DEALERS,KABIR PARK,OPP. GURU NANAK DEV UNIVERSITY,AMRITSAR,"AMRITSAR, PUNJAB",Punjab,IN-23,143006,"KABIR PARK, OPP. GURU NANAK DEV UNIVERSITY, AMRITSAR, AMRITSAR, PUNJAB, 143006, India",9356810011,esquire141730@bpclretail.in,31.630476,74.824103,"DIESEL, PETROL","Automation, Pure_Sure, Air_Filling, TWO_FOUR_SEVEN",2026-09-02 16:15:15
0000141421,SHARMA FILLING STATION BHARAT PETROLEUM DEALERS,SHARMA FILLING STATION BHARAT PETROLEUM DEALERS,GURU RAVI DASS MARG,,AMRITSAR,"AMRITSAR, PUNJAB",Punjab,IN-23,143001,"GURU RAVI DASS MARG, , AMRITSAR, AMRITSAR, PUNJAB, 143001, India",9878052500,sharma141421@bpclretail.in,31.62061,74.888147,"DIESEL, PETROL, SPEED","Automation, Pure_Sure, Air_Filling, TWO_FOUR_SEVEN",2026-09-02 16:15:15
0000142713,SHRI GURU HARGOBIND FILLING ST BHARAT PETROLEUM DEALERS,SHRI GURU HARGOBIND FILLING ST BHARAT PETROLEUM DEALERS,OPP. SANDHU AVENUE,"G.T.ROAD, CHHEHERTA",AMRITSAR CITY,"AMRITSAR, PUNJAB",Punjab,IN-23,143001,"OPP. SANDHU AVENUE, G.T.ROAD, CHHEHERTA, AMRITSAR CITY, AMRITSAR, PUNJAB, 143001, India",9780468965,guru142713@bpclretail.in,31.628996,74.80801,"DIESEL, PETROL, SPEED","Automation, Pure_Sure, Air_Filling, ATM, TWO_FOUR_SEVEN",2026-09-02 16:15:15
0000183891,SHRI GURU HARGOBIND SERVICE ST BHARAT PETROLEUM DEALERS,SHRI GURU HARGOBIND SERVICE ST BHARAT PETROLEUM DEALERS,VILL AVDAL,AMRITSAR TO BATALA ROAD,AVDAL,"AMRITSAR, PUNJAB",Punjab,IN-23,143502,"VILL AVDAL, AMRITSAR TO BATALA ROAD, AVDAL, AMRITSAR, PUNJAB, 143502, India",9815834343,hargobind183891@bpclretail.in,31.752679,75.075531,"DIESEL, PETROL","Automation, Pure_Sure, Air_Filling, TWO_FOUR_SEVEN",2026-09-02 16:15:15
0000164854,BP-CHOHAN BHARAT PETROLEUM CORPN LTD.,BP-CHOHAN BHARAT PETROLEUM CORPN LTD.,VILLAGE CHOHAN,KM STONE 431,CHOHAN,"AMRITSAR, PUNJAB",Punjab,IN-23,143149,"VILLAGE CHOHAN, KM STONE 431, CHOHAN, AMRITSAR, PUNJAB, 143149, India",9781777691,bp164854@bpclretail.in,31.561503,75.11261,"DIESEL, PETROL, SPEED","Automation, Pure_Sure, Air_Filling, TWO_FOUR_SEVEN",2026-09-02 16:15:15
0000146909,PADAM SEWA KENDRA BHARAT PETROLEUM DEALERS,PADAM SEWA KENDRA BHARAT PETROLEUM DEALERS,VPO - SHAMNAGAR,TEHSIL AMRITSAR,SHAMNAGAR,"AMRITSAR, PUNJAB",Punjab,IN-23,143601,"VPO - SHAMNAGAR, TEHSIL AMRITSAR, SHAMNAGAR, AMRITSAR, PUNJAB, 143601, India",9815808322,padamsewa146909@bpclretail.in,31.760946,75.027642,"DIESEL, PETROL","Automation, Pure_Sure, Air_Filling, TWO_FOUR_SEVEN",2026-09-02 16:15:15
0000190871,ARMAAN FILLING STATION (ADHOC) BHARAT PETROLEUM DEALERS,ARMAAN FILLING STATION (ADHOC) BHARAT PETROLEUM DEALERS,TALWANDI NAHAR,AJNALA- FGC ROAD,TALWANDI NAHAR,"AMRITSAR, PUNJAB",Punjab,IN-23,143603,"TALWANDI NAHAR, AJNALA- FGC ROAD, TALWANDI NAHAR, AMRITSAR, PUNJAB, 143603, India",8146163008,armaan178436@bpclretail.in,31.9744515,74.8857989,,Air_Filling,2026-09-02 16:15:15
0000179249,HIGHWAY FILLING STATION (ADHOC BHARAT PETROLEUM DEALERS,HIGHWAY FILLING STATION (ADHOC BHARAT PETROLEUM DEALERS,FATEHGARH CHURIAN ROAD,TALWANDI NAHAR,TALWANDI NAHAR,"AMRITSAR, PUNJAB",Punjab,IN-23,143603,"FATEHGARH CHURIAN ROAD, TALWANDI NAHAR, TALWANDI NAHAR, AMRITSAR, PUNJAB, 143603, India",,amitdhawan45@yahoo.com,31.9744515,74.8857989,,Air_Filling,2026-09-02 16:15:15
0000144826,DHURI BUS SERVICE BHARAT PETROLEUM DEALERS,DHURI BUS SERVICE BHARAT PETROLEUM DEALERS,VILLAGE CHHAPPA,"VILLAGE CHHAPPA, DISTRICT BARNALA",VILLAGE CHHAPPA,BARNALA  PUNJAB,Punjab,IN-23,148104,"VILLAGE CHHAPPA, VILLAGE CHHAPPA, DISTRICT BARNALA, VILLAGE CHHAPPA, BARNALA  PUNJAB, 148104, India",9592007365,dhuri144826@bpclretail.in,30.548516,75.647147,"DIESEL, PETROL","Automation, Pure_Sure, Air_Filling, TWO_FOUR_SEVEN",2026-09-02 16:15:16
0000146639,BAJRANG FILLING STATION BHARAT PETROLEUM DEALERS,BAJRANG FILLING STATION BHARAT PETROLEUM DEALERS,VILL. ALLADADPUR,TEHSIL AMLOH,ALLADADPUR,FATEHGARH SAHIB,Punjab,IN-23,147203,"VILL. ALLADADPUR, TEHSIL AMLOH, ALLADADPUR, FATEHGARH SAHIB, 147203, India",9463617553,bajrang146639@bpclretail.in,30.607422,76.223009,"DIESEL, PETROL","Automation, Pure_Sure, Air_Filling, TWO_FOUR_SEVEN",2026-09-02 16:15:16
0000228920,SHRI GURU RAM DAS FILLING STAT BHARAT PETROLEUM DEALERS,SHRI GURU RAM DAS FILLING STAT BHARAT PETROLEUM DEALERS,"VILLAGE BHADAL THIHA, SH-12 A",AMLOH-BHADSON ROAD,AMLOH,FATEHGARH SAHIB,Punjab,IN-23,147203,"VILLAGE BHADAL THIHA, SH-12 A, AMLOH-BHADSON ROAD, AMLOH, FATEHGARH SAHIB, 147203, India",6280968010,cc228920@bpclretail.in,30.586142,76.233989,"DIESEL, PETROL","Automation, Pure_Sure, Air_Filling, TWO_FOUR_SEVEN",2026-09-02 16:15:16
0000147040,GURU AMAR DASSJI FILLING STATI BHARAT PETROLEUM DEALERS,GURU AMAR DASSJI FILLING STATI BHARAT PETROLEUM DEALERS,VILLAGE BHATERI,CHUNI MORINDA ROAD,BHATERI,FATEHGARH SAHIB,Punjab,IN-23,140406,"VILLAGE BHATERI, CHUNI MORINDA ROAD, BHATERI, FATEHGARH SAHIB, 140406, India",8437830123,guruamar147040@bpclretail.in,30.741688,76.5205,"DIESEL, PETROL","Automation, Pure_Sure, Air_Filling, TWO_FOUR_SEVEN",2026-09-02 16:15:14
0000160441,SARWAN FILLING STATION BHARAT PETROLEUM DEALERS,SARWAN FILLING STATION BHARAT PETROLEUM DEALERS,VILLAGE BRASS,BRASS,BRASS,FATEHGARH SAHIB,Punjab,IN-23,140406,"VILLAGE BRASS, BRASS, BRASS, FATEHGARH SAHIB, 140406, India",9815012731,cc160441@bpclretail.in,30.6046638,76.5379457,"DIESEL, PETROL","Pure_Sure, Air_Filling, TWO_FOUR_SEVEN",2026-09-02 16:15:14
0000148903,SOHI FILLING STATION BHARAT PETROLEUM DEALERS,SOHI FILLING STATION BHARAT PETROLEUM DEALERS,VILL. DEDHRAN,TEHSIL. BASSIPATHANA,DEDHRAN,FATEHGARH SAHIB,Punjab,IN-23,140412,"VILL. DEDHRAN, TEHSIL. BASSIPATHANA, DEDHRAN, FATEHGARH SAHIB, 140412, India",9855171109,sohi148903@bpclretail.in,30.697183,76.45491,"DIESEL, PETROL","Automation, Pure_Sure, Air_Filling, TWO_FOUR_SEVEN",2026-09-02 16:15:14
0000156264,DEVPURI FILLING STATION BHARAT PETROLEUM DEALERS,DEVPURI FILLING STATION BHARAT PETROLEUM DEALERS,VILL. FATEHPUR ARAYAN,TEHSIL. BASSIPATHANA,FATEHPUR RAIYAN,FATEHGARH SAHIB,Punjab,IN-23,140412,"VILL. FATEHPUR ARAYAN, TEHSIL. BASSIPATHANA, FATEHPUR RAIYAN, FATEHGARH SAHIB, 140412, India",,sangd156264@yahoo.in,30.689796,76.409032,,"Pure_Sure, Air_Filling, TWO_FOUR_SEVEN",2026-09-02 16:15:14
0000126443,MAA LAKSHMI FILLING STATION BHARAT PETROLEUM DEALERS,MAA LAKSHMI FILLING STATION BHARAT PETROLEUM DEALERS,PO SANGHOL,TEHSIL KHAMANON,LOHAR MAJRA,FATEHGARH SAHIB,Punjab,IN-23,140802,"PO SANGHOL, TEHSIL KHAMANON, LOHAR MAJRA, FATEHGARH SAHIB, 140802, India",7973934172,lakshmi126443@bpclretail.in,30.764364,76.393988,"DIESEL, PETROL","Automation, Pure_Sure, Air_Filling, TWO_FOUR_SEVEN",2026-09-02 16:15:14
0000146005,SANDHU FILLING STATION BHARAT PETROLEUM DEALERS,SANDHU FILLING STATION BHARAT PETROLEUM DEALERS,VILL. MADHOPHAL,TEHSIL FATEHGARH SAHIB,MADHOPHAL,FATEHGARH SAHIB,Punjab,IN-23,140406,"VILL. MADHOPHAL, TEHSIL FATEHGARH SAHIB, MADHOPHAL, FATEHGARH SAHIB, 140406, India",9815737775,sandhu146005@bpclretail.in,30.627426,76.411126,"DIESEL, PETROL","Automation, Pure_Sure, Air_Filling, TWO_FOUR_SEVEN",2026-09-02 16:15:14
0000160490,RANDHIR FILLING STATION BHARAT PETROLEUM DEALERS,RANDHIR FILLING STATION BHARAT PETROLEUM DEALERS,VILLAGE MAJRI KRISHENWALI,TEHSIL AMLOH,MAJRI KISHNEWALI,FATEHGARH SAHIB,Punjab,IN-23,147203,"VILLAGE MAJRI KRISHENWALI, TEHSIL AMLOH, MAJRI KISHNEWALI, FATEHGARH SAHIB, 147203, India",7986093943,randhir160490@bpclretail.in,30.623112,76.230576,"DIESEL, PETROL","Automation, Pure_Sure, Air_Filling, TWO_FOUR_SEVEN",2026-09-02 16:15:16
0000260981,GARG ENERGY BHARAT PETROLEUM DEALERS,GARG ENERGY BHARAT PETROLEUM DEALERS,TOORAN,AMLOH ROAD,MANDI GOBIND GARH,FATEHGARH SAHIB,Punjab,IN-23,147301,"TOORAN, AMLOH ROAD, MANDI GOBIND GARH, FATEHGARH SAHIB, 147301, India",8847077790,cc260981@bpclretail.in,30.63949,76.26557,"DIESEL, PETROL","Pure_Sure, Air_Filling, TWO_FOUR_SEVEN",2026-09-02 16:15:16
0000264912,VICKYS BPCL SALANI BHARAT PETROLEUM DEALERS,VICKYS BPCL SALANI BHARAT PETROLEUM DEALERS,SALANI,AMLOH ROAD,MANDI GOBIND GARH,FATEHGARH SAHIB,Punjab,IN-23,147301,"SALANI, AMLOH ROAD, MANDI GOBIND GARH, FATEHGARH SAHIB, 147301, India",9814011466,cc264912@bpclretail.in,30.632854,76.258149,"DIESEL, PETROL",Air_Filling,2026-09-02 16:15:16
0000219362,PANESAR PETRO STATION BHARAT PETROLEUM DEALERS,PANESAR PETRO STATION BHARAT PETROLEUM DEALERS,VILLAGE MUGAL MAJRA,"ON LEFT HAND SIDE, AMBALA TO KHANNA",MANDI GOBINDGARH,FATEHGARH SAHIB,Punjab,IN-23,147301,"VILLAGE MUGAL MAJRA, ON LEFT HAND SIDE, AMBALA TO KHANNA, MANDI GOBINDGARH, FATEHGARH SAHIB, 147301, India",9988400656,panesarps219362@bpclretail.in,30.6760649,76.2700292,"DIESEL, PETROL","Automation, Pure_Sure, Air_Filling, TWO_FOUR_SEVEN",2026-09-02 16:15:16
0000157563,CHAHAL FILLING STATION BHARAT PETROLEUM DEALERS,CHAHAL FILLING STATION BHARAT PETROLEUM DEALERS,VILL. NOGAWAN,TEHSIL. BASSIPATHANA,NOGAWAN,FATEHGARH SAHIB,Punjab,IN-23,140412,"VILL. NOGAWAN, TEHSIL. BASSIPATHANA, NOGAWAN, FATEHGARH SAHIB, 140412, India",9781100087,chahal157563@bpclretail.in,30.741087,76.44223,"DIESEL, PETROL","Automation, Pure_Sure, Air_Filling, Parking, TWO_FOUR_SEVEN",2026-09-02 16:15:14
0000123158,KISSAN SEWA CENTRE BHARAT PETROLEUM DEALERS,KISSAN SEWA CENTRE BHARAT PETROLEUM DEALERS,PO SIRHIND,SIRHIND CHANDIGARH ROAD,PEERJAIN,FATEHGARH SAHIB,Punjab,IN-23,140406,"PO SIRHIND, SIRHIND CHANDIGARH ROAD, PEERJAIN, FATEHGARH SAHIB, 140406, India",9814035521,kisssan123158@bpclretail.in,30.643295,76.478631,"DIESEL, PETROL, SPEED","Automation, Pure_Sure, Air_Filling, Parking, TWO_FOUR_SEVEN",2026-09-02 16:15:14
0000147742,SAT KARTAR FILLING STATION BHARAT PETROLEUM DEALERS,SAT KARTAR FILLING STATION BHARAT PETROLEUM DEALERS,VILL. RAIPUR CHOBDRAN,AMLOH MALERKOTLA ROAD,RAIPUR CHOBDRAN,FATEHGARH SAHIB,Punjab,IN-23,147203,"VILL. RAIPUR CHOBDRAN, AMLOH MALERKOTLA ROAD, RAIPUR CHOBDRAN, FATEHGARH SAHIB, 147203, India",9417520851,satkartar147742@bpclretail.in,30.553033,76.123096,,"Automation, Pure_Sure, Air_Filling, TWO_FOUR_SEVEN",2026-09-02 16:15:16
0000123154,BHARAT OIL STORES BHARAT PETROLEUM DEALERS,BHARAT OIL STORES BHARAT PETROLEUM DEALERS,VILLAGE RURKEE,PATIALA SIRHIND ROAD,RURKI,FATEHGARH SAHIB,Punjab,IN-23,147104,"VILLAGE RURKEE, PATIALA SIRHIND ROAD, RURKI, FATEHGARH SAHIB, 147104, India",9876674451,bharat123154@bpclretail.in,30.523044,76.404247,"DIESEL, PETROL","Automation, Pure_Sure, Air_Filling, TWO_FOUR_SEVEN",2026-09-02 16:15:14
0000164855,BP - SAIDPUR BHARAT PETROLEUM CORPN LTD.,BP - SAIDPUR BHARAT PETROLEUM CORPN LTD.,SIRHIND-RAJPURA ROAD,SAIDPUR,SAIDPUR,FATEHGARH SAHIB,Punjab,IN-23,140406,"SIRHIND-RAJPURA ROAD, SAIDPUR, SAIDPUR, FATEHGARH SAHIB, 140406, India",9464875735,bp164855@bpclretail.in,30.588306,76.42144,"DIESEL, PETROL, SPEED","Automation, Pure_Sure, Air_Filling, TWO_FOUR_SEVEN",2026-09-02 16:15:14
0000144417,PUNJAB PETRO POINT BHARAT PETROLEUM DEALERS,PUNJAB PETRO POINT BHARAT PETROLEUM DEALERS,AMLOH GOBINGARH ROAD,,SAUNTI,FATEHGARH SAHIB,Punjab,IN-23,147203,"AMLOH GOBINGARH ROAD, , SAUNTI, FATEHGARH SAHIB, 147203, India",,sangd144417@yahoo.in,30.626095,76.24855,,Air_Filling,2026-09-02 16:15:16
0000249825,CHEEMA FILLING STATION BHARAT PETROLEUM DEALERS,CHEEMA FILLING STATION BHARAT PETROLEUM DEALERS,VILL-- GUNIA MAJRA,MDR 31,SIRHIND,FATEHGARH SAHIB,Punjab,IN-23,140406,"VILL-- GUNIA MAJRA, MDR 31, SIRHIND, FATEHGARH SAHIB, 140406, India",9872899475,cc249825@bpclretail.in,30.4725474,76.4052092,"DIESEL, PETROL","Automation, Pure_Sure, Air_Filling, TWO_FOUR_SEVEN",2026-09-02 16:15:14
0000250336,DHILLON FILLING STATION BHARAT PETROLEUM DEALERS,DHILLON FILLING STATION BHARAT PETROLEUM DEALERS,VILL - ATTEWALI,SIRHIND,SIRHIND,FATEHGARH SAHIB,Punjab,IN-23,140406,"VILL - ATTEWALI, SIRHIND, SIRHIND, FATEHGARH SAHIB, 140406, India",9814959059,cc250336@bpclretail.in,30.64251,76.41451,"DIESEL, PETROL, SPEED","Automation, Pure_Sure, Air_Filling, TWO_FOUR_SEVEN",2026-09-02 16:15:14
0000267373,SAHIBZAADE FILLING STATION BHARAT PETROLEUM DEALERS,SAHIBZAADE FILLING STATION BHARAT PETROLEUM DEALERS,BAHADARGARH,SIRHIND,SIRHIND,FATEHGARH SAHIB,Punjab,IN-23,140407,"BAHADARGARH, SIRHIND, SIRHIND, FATEHGARH SAHIB, 140407, India",7710784489,cc267373@bpclretail.in,30.6707405,76.3973171,"DIESEL, PETROL",Air_Filling,2026-09-02 16:15:14
0000263300,ZAILDAR FILLING STATION BHARAT PETROLEUM DEALERS,ZAILDAR FILLING STATION BHARAT PETROLEUM DEALERS,BRAHMAN MAJRA,BRAHMAN MAJRA,SIRHIND,FATEHGARH SAHIB,Punjab,IN-23,140406,"BRAHMAN MAJRA, BRAHMAN MAJRA, SIRHIND, FATEHGARH SAHIB, 140406, India",9781200084,cc263300@bpclretail.in,30.6279145,76.4020985,"DIESEL, PETROL",Air_Filling,2026-09-02 16:15:14
0000140515,AASHIRWAD FILLING STATION BHARAT PETROLEUM DEALERS,AASHIRWAD FILLING STATION BHARAT PETROLEUM DEALERS,ALIWAL ROAD,BATALA,BATALA,GURDASPUR,Punjab,IN-23,143505,"ALIWAL ROAD, BATALA, BATALA, GURDASPUR, 143505, India",9876342164,aashirwad140515@bpclretail.in,31.823771,75.16865,"DIESEL, PETROL","Automation, Pure_Sure, Air_Filling, TWO_FOUR_SEVEN",2026-09-02 16:15:15
0000154894,FRIENDS FILLING STATION BHARAT PETROLEUM DEALERS,FRIENDS FILLING STATION BHARAT PETROLEUM DEALERS,"SHAHBAD, HAVELLIAN",TEHSIL BATALA,BATALA,GURDASPUR,Punjab,IN-23,143505,"SHAHBAD, HAVELLIAN, TEHSIL BATALA, BATALA, GURDASPUR, 143505, India",8283829632,friends154894@bpclretail.in,31.814194,75.240699,"DIESEL, PETROL","Automation, Pure_Sure, Air_Filling, TWO_FOUR_SEVEN",2026-09-02 16:15:15
0000114815,HARDYALMAL MOHRILAL A/C R.O. BHARAT PETROLEUM DEALERS,HARDYALMAL MOHRILAL A/C R.O. BHARAT PETROLEUM DEALERS,NEAR BUS STAND,DISTT-GURDASPUR,BATALA,GURDASPUR,Punjab,IN-23,143505,"NEAR BUS STAND, DISTT-GURDASPUR, BATALA, GURDASPUR, 143505, India",9814055161,hardyalmal114815@bpclretail.in,31.819635,75.198017,"DIESEL, PETROL","Automation, Pure_Sure, Air_Filling, TWO_FOUR_SEVEN",2026-09-02 16:15:15
0000145521,KAHLON FILLING STATION BHARAT PETROLEUM DEALERS,KAHLON FILLING STATION BHARAT PETROLEUM DEALERS,KAHLON FARM,NEAR MODEL TOWN,BATALA,GURDASPUR,Punjab,IN-23,143505,"KAHLON FARM, NEAR MODEL TOWN, BATALA, GURDASPUR, 143505, India",9779443342,kahlon145521@bpclretail.in,31.833371,75.217169,"DIESEL, PETROL","Automation, Pure_Sure, Air_Filling, TWO_FOUR_SEVEN",2026-09-02 16:15:15
0000217138,MAHAJAN FILLING STATION BHARAT PETROLEUM DEALERS,MAHAJAN FILLING STATION BHARAT PETROLEUM DEALERS,VILLAGE CHUHEWAL,"BATALA, GURDASPUR",BATALA,GURDASPUR,Punjab,IN-23,143505,"VILLAGE CHUHEWAL, BATALA, GURDASPUR, BATALA, GURDASPUR, 143505, India",7696066051,mahajanfs217138@bpclretail.in,31.7801304,75.199296,"DIESEL, PETROL","Automation, Pure_Sure, Air_Filling, TWO_FOUR_SEVEN",2026-09-02 16:15:15
0000148027,SARPANCH FILLING STATION BHARAT PETROLEUM DEALERS,SARPANCH FILLING STATION BHARAT PETROLEUM DEALERS,VILLAGE KATHAILA,FATEHGARH CHURIAN DERA BABA NANAK,BATALA,GURDASPUR,Punjab,IN-23,143604,"VILLAGE KATHAILA, FATEHGARH CHURIAN DERA BABA NANAK, BATALA, GURDASPUR, 143604, India",9888935702,sukhdevkahlon19@gmail.com,31.938526,74.986647,"DIESEL, PETROL","Automation, Pure_Sure, Air_Filling, TWO_FOUR_SEVEN",2026-09-02 16:15:15
0000149167,DUPSARI FILLING STATION BHARAT PETROLEUM DEALERS,DUPSARI FILLING STATION BHARAT PETROLEUM DEALERS,VILL DUPSARI,PO BATALA POLYTECHNIC,DUPSARI,GURDASPUR,Punjab,IN-23,143505,"VILL DUPSARI, PO BATALA POLYTECHNIC, DUPSARI, GURDASPUR, 143505, India",9814386781,dupsari149167@bpclretail.in,31.823803,75.238795,"DIESEL, PETROL","Automation, Pure_Sure, Air_Filling, TWO_FOUR_SEVEN",2026-09-02 16:15:15
0000223652,BABA DEEP SINGH FILLING STATIO BHARAT PETROLEUM DEALERS,BABA DEEP SINGH FILLING STATIO BHARAT PETROLEUM DEALERS,"VILL SUNAYIA, BATALA BYEPASS","ON NH-54, BATALA, DISTT. GURDASPUR","VILLAGE SUNAYIA, DISTT. G",GURDASPUR,Punjab,IN-23,143505,"VILL SUNAYIA, BATALA BYEPASS, ON NH-54, BATALA, DISTT. GURDASPUR, VILLAGE SUNAYIA, DISTT. G, GURDASPUR, 143505, India",9501288751,babadeepsinghfs223652@bpclretail.in,31.81870079,75.17060089,"DIESEL, PETROL, SPEED","Automation, Pure_Sure, Air_Filling, TWO_FOUR_SEVEN",2026-09-02 16:15:15
0000114824,SAT PRAKASH AMAR SINGH-A/C GAR BHARAT PETROLEUM DEALERS,SAT PRAKASH AMAR SINGH-A/C GAR BHARAT PETROLEUM DEALERS,NAWANSHAHAR ROAD,DISTT-HOSHIARPUR,GADSHANKAR,HOSHIARPUR,Punjab,IN-23,144527,"NAWANSHAHAR ROAD, DISTT-HOSHIARPUR, GADSHANKAR, HOSHIARPUR, 144527, India",8837743087,satprakash114824@bpclretail.in,31.211771,76.145692,"DIESEL, PETROL","Automation, Pure_Sure, Air_Filling, TWO_FOUR_SEVEN",2026-09-02 16:15:16
0000153454,THAKUR FILLING STATION BHARAT PETROLEUM DEALERS,THAKUR FILLING STATION BHARAT PETROLEUM DEALERS,P.O. SAMUNDRA,P.O. SAMUNDRA,SAMUNDRA,HOSHIARPUR,Punjab,IN-23,144532,"P.O. SAMUNDRA, P.O. SAMUNDRA, SAMUNDRA, HOSHIARPUR, 144532, India",9417517200,thakur153454@bpclretail.in,31.16043,76.190889,"DIESEL, PETROL, SPEED","Automation, Pure_Sure, Air_Filling, Parking, ATM, TWO_FOUR_SEVEN",2026-09-02 16:15:16
0000114779,GURU NANAK PETROLEUM BHARAT PETROLEUM DEALERS,GURU NANAK PETROLEUM BHARAT PETROLEUM DEALERS,GORAYA BADAPIND ROAD,GORAYA BADAPIND ROAD,BADAPIND,JALANDHAR,Punjab,IN-23,144418,"GORAYA BADAPIND ROAD, GORAYA BADAPIND ROAD, BADAPIND, JALANDHAR, 144418, India",9855166695,gurunanak114779@bpclretail.in,31.115613,75.819719,"DIESEL, PETROL","Automation, Pure_Sure, Air_Filling, Parking, TWO_FOUR_SEVEN",2026-09-02 16:15:16
0000227090,BHAGWATI PETROLEUM ADHOC BHARAT PETROLEUM DEALERS,BHAGWATI PETROLEUM ADHOC BHARAT PETROLEUM DEALERS,"GORAYA,GT ROAD","GORAYA,GT ROAD",GORAYA,JALANDHAR,Punjab,IN-23,144409,"GORAYA,GT ROAD, GORAYA,GT ROAD, GORAYA, JALANDHAR, 144409, India",8054026260,sanjeevsikka123@gmail.com,31.139146,75.774765,"DIESEL, PETROL","Automation, Air_Filling",2026-09-02 16:15:16
0000235627,EASY FILLING STATION ADHOC BHARAT PETROLEUM DEALERS,EASY FILLING STATION ADHOC BHARAT PETROLEUM DEALERS,"GORAYA,GT ROAD","GORAYA,GT ROAD",GORAYA,JALANDHAR,Punjab,IN-23,144409,"GORAYA,GT ROAD, GORAYA,GT ROAD, GORAYA, JALANDHAR, 144409, India",8054026260,easyfilling1@gmail.com,31.139146,75.774765,,"Automation, Air_Filling",2026-09-02 16:15:16
0000224584,EASY FILLING STATION BHARAT PETROLEUM DEALERS,EASY FILLING STATION BHARAT PETROLEUM DEALERS,VILLAGE RURKA KALAN,"TEHSIL PHILLAUR, SUB TEHSIL GORAYA",GORAYA,JALANDHAR,Punjab,IN-23,144031,"VILLAGE RURKA KALAN, TEHSIL PHILLAUR, SUB TEHSIL GORAYA, GORAYA, JALANDHAR, 144031, India",9872167095,easyfs224584@bpclretail.in,31.12474,75.7144,"DIESEL, PETROL","Automation, Air_Filling",2026-09-02 16:15:16
0000218286,S.D.PETROPOINT ADHOC BHARAT PETROLEUM DEALERS,S.D.PETROPOINT ADHOC BHARAT PETROLEUM DEALERS,GORAYA,NH-1,GORAYA,JALANDHAR,Punjab,IN-23,144409,"GORAYA, NH-1, GORAYA, JALANDHAR, 144409, India",9876911415,sd145435@bpclretail.in,31.139146,75.774765,,"Automation, Air_Filling",2026-09-02 16:15:16
0000114773,SATPRAKASH AMARSINGH A/C GORAY BHARAT PETROLEUM DEALERS,SATPRAKASH AMARSINGH A/C GORAY BHARAT PETROLEUM DEALERS,G.T.ROAD GORAYA,,GORAYA,JALANDHAR,Punjab,IN-23,144409,"G.T.ROAD GORAYA, , GORAYA, JALANDHAR, 144409, India",,satprakash114773@bpclretail.in,31.139146,75.774765,,Air_Filling,2026-09-02 16:15:16
0000260551,BAWA & COMPANY ADHOC BHARAT PETROLEUM DEALERS,BAWA & COMPANY ADHOC BHARAT PETROLEUM DEALERS,VILLAGE DHEENA,JALANDHAR-JANDIALA ROAD,JALANDHAR,JALANDHAR,Punjab,IN-23,144005,"VILLAGE DHEENA, JALANDHAR-JANDIALA ROAD, JALANDHAR, JALANDHAR, 144005, India",9814249444,bawa114777@bpclretail.in,31.25837,75.612166,"DIESEL, PETROL","Pure_Sure, Air_Filling, TWO_FOUR_SEVEN",2026-09-02 16:15:16
0000217126,HANDA FILLING STATION BHARAT PETROLEUM DEALERS,HANDA FILLING STATION BHARAT PETROLEUM DEALERS,VILLAGE JAMSHER,JAMSHER TO PARAGPUR ROAD,JALANDHAR,JALANDHAR,Punjab,IN-23,144020,"VILLAGE JAMSHER, JAMSHER TO PARAGPUR ROAD, JALANDHAR, JALANDHAR, 144020, India",8360321167,handafilingstation217126@bpclretail.in,31.254,75.617,"DIESEL, PETROL","Automation, Pure_Sure, Air_Filling, TWO_FOUR_SEVEN",2026-09-02 16:15:16
0000251202,PETRO ZONE ADHOC BHARAT PETROLEUM DEALERS,PETRO ZONE ADHOC BHARAT PETROLEUM DEALERS,VILLAGE DHEENA,JALANDHAR-JANDIALA ROAD,JALANDHAR,JALANDHAR,Punjab,IN-23,144005,"VILLAGE DHEENA, JALANDHAR-JANDIALA ROAD, JALANDHAR, JALANDHAR, 144005, India",9915129894,petrozone191181@bpclretail.in,31.25837,75.612166,,Air_Filling,2026-09-02 16:15:16
0000237788,STERLING FILLING STATION ADHOC BHARAT PETROLEUM DEALERS,STERLING FILLING STATION ADHOC BHARAT PETROLEUM DEALERS,VILLAGE DHEENA,JALANDHAR-JANDIALA ROAD,JALANDHAR,JALANDHAR,Punjab,IN-23,144005,"VILLAGE DHEENA, JALANDHAR-JANDIALA ROAD, JALANDHAR, JALANDHAR, 144005, India",8427400033,MITTALNISHANT2000@GMAIL.COM,31.25837,75.612166,,"Automation, Pure_Sure, Air_Filling, TWO_FOUR_SEVEN",2026-09-02 16:15:16
0000242927,SUB THAKUR SINGH FUEL ZONE ADH BHARAT PETROLEUM DEALERS,SUB THAKUR SINGH FUEL ZONE ADH BHARAT PETROLEUM DEALERS,VILLAGE DHEENA,JALANDHAR-JANDIALA ROAD,JALANDHAR,JALANDHAR,Punjab,IN-23,144005,"VILLAGE DHEENA, JALANDHAR-JANDIALA ROAD, JALANDHAR, JALANDHAR, 144005, India",9815213533,sthakursinghfuelzone218084@bpclretail.in,31.25837,75.612166,,Air_Filling,2026-09-02 16:15:16
0000183276,JINDAL FILLING STATION BHARAT PETROLEUM DEALERS,JINDAL FILLING STATION BHARAT PETROLEUM DEALERS,"VILLAGE GARHA, TEHSIL PHILLAUR","VILLAGE GARHA, TEHSIL PHILLAUR",JULLANDER,JALANDHAR,Punjab,IN-23,144410,"VILLAGE GARHA, TEHSIL PHILLAUR, VILLAGE GARHA, TEHSIL PHILLAUR, JULLANDER, JALANDHAR, 144410, India",9872179223,jindal183276@bpclretail.in,31.027264,75.803424,"DIESEL, PETROL, SPEED","Automation, Pure_Sure, Air_Filling, Parking, TWO_FOUR_SEVEN",2026-09-02 16:15:16
0000114783,VISHAWKARMA FILLING STATI BHARAT PETROLEUM DEALERS,VISHAWKARMA FILLING STATI BHARAT PETROLEUM DEALERS,MEHATPUR NAKODAR ROAD,MEHATPUR,MEHATPUR,JALANDHAR,Punjab,IN-23,144041,"MEHATPUR NAKODAR ROAD, MEHATPUR, MEHATPUR, JALANDHAR, 144041, India",9878459692,vishawkarma114783@bpclretail.in,31.061092,75.476169,"DIESEL, PETROL","Automation, Pure_Sure, Air_Filling, TWO_FOUR_SEVEN",2026-09-02 16:15:16
0000230279,K S FILLING STATION ADHOC BHARAT PETROLEUM DEALERS,K S FILLING STATION ADHOC BHARAT PETROLEUM DEALERS,NAKODAR CITY,NEAR SUBWAY,NAKODAR,JALANDHAR,Punjab,IN-23,144040,"NAKODAR CITY, NEAR SUBWAY, NAKODAR, JALANDHAR, 144040, India",7347071823,ks114768@bpclretail.in,31.137614,75.48487,,"Automation, Air_Filling",2026-09-02 16:15:16
0000114768,K S FILLING STATION BHARAT PETROLEUM DEALERS,K S FILLING STATION BHARAT PETROLEUM DEALERS,JANDIALA ROAD,,NAKODAR,JALANDHAR,Punjab,IN-23,144040,"JANDIALA ROAD, , NAKODAR, JALANDHAR, 144040, India",9888495701,ks114768@bpclretail.in,31.132302,75.500216,"DIESEL, PETROL","Automation, Pure_Sure, Air_Filling, Parking, TWO_FOUR_SEVEN",2026-09-02 16:15:16
0000245115,R R FILLING STATION ADHOC BHARAT PETROLEUM DEALERS,R R FILLING STATION ADHOC BHARAT PETROLEUM DEALERS,NAKODAR CITY,NEAR SUBWAY,NAKODAR,JALANDHAR,Punjab,IN-23,144040,"NAKODAR CITY, NEAR SUBWAY, NAKODAR, JALANDHAR, 144040, India",9803063002,rr114766@bpclretail.in,31.137614,75.48487,,"Automation, Air_Filling",2026-09-02 16:15:16
0000114774,RAMCHAND BHAGATRAM A/C R.O. NA BHARAT PETROLEUM DEALERS,RAMCHAND BHAGATRAM A/C R.O. NA BHARAT PETROLEUM DEALERS,PETROL PUMP NAKODAR,JALANDHAR ROAD,NAKODAR,JALANDHAR,Punjab,IN-23,144040,"PETROL PUMP NAKODAR, JALANDHAR ROAD, NAKODAR, JALANDHAR, 144040, India",9814441823,ramchand114774@bpclretail.in,31.137614,75.48487,,"Automation, Parking, Air_Filling",2026-09-02 16:15:16
0000252432,SEKHRI POWER POINT ADHOC BHARAT PETROLEUM DEALERS,SEKHRI POWER POINT ADHOC BHARAT PETROLEUM DEALERS,NAKODAR CITY,NEAR SUBWAY,NAKODAR,JALANDHAR,Punjab,IN-23,144040,"NAKODAR CITY, NEAR SUBWAY, NAKODAR, JALANDHAR, 144040, India",9888241202,sidarth.sekhri786@gmail.com,31.137614,75.48487,,"Automation, Air_Filling",2026-09-02 16:15:16
0000261197,STERLING FILLING STATION ADHOC BHARAT PETROLEUM DEALERS,STERLING FILLING STATION ADHOC BHARAT PETROLEUM DEALERS,NAKODAR CITY,NEAR SUBWAY,NAKODAR,JALANDHAR,Punjab,IN-23,144040,"NAKODAR CITY, NEAR SUBWAY, NAKODAR, JALANDHAR, 144040, India",8427400033,mittalnishant2000@gmail.com,31.137614,75.48487,"DIESEL, PETROL","Automation, Pure_Sure, Air_Filling, TWO_FOUR_SEVEN",2026-09-02 16:15:16
0000114765,RK FILLING STATION BHARAT PETROLEUM DEALERS,RK FILLING STATION BHARAT PETROLEUM DEALERS,NURMAHAL PHILLAUR ROAD,VILLAGE CHEEMA KHURD,NURMAHAL,JALANDHAR,Punjab,IN-23,144039,"NURMAHAL PHILLAUR ROAD, VILLAGE CHEEMA KHURD, NURMAHAL, JALANDHAR, 144039, India",9041901153,rk114765@bpclretail.in,31.083982,75.604977,"DIESEL, PETROL","Automation, Pure_Sure, Air_Filling, TWO_FOUR_SEVEN",2026-09-02 16:15:16
0000114771,NEW SUTLEJ TRANSPORT TPT. CO BHARAT PETROLEUM DEALERS,NEW SUTLEJ TRANSPORT TPT. CO BHARAT PETROLEUM DEALERS,G.T.ROAD,,PHILLAUR,JALANDHAR,Punjab,IN-23,144410,"G.T.ROAD, , PHILLAUR, JALANDHAR, 144410, India",9814300787,newsutlej114771@bpclretail.in,31.021417,75.786068,"DIESEL, PETROL","Automation, Pure_Sure, Air_Filling, Parking, TWO_FOUR_SEVEN",2026-09-02 16:15:16
0000190698,RAMA FUELS AND SERVICES BHARAT PETROLEUM DEALERS,RAMA FUELS AND SERVICES BHARAT PETROLEUM DEALERS,PANJ DHERA,,PHILLAUR,JALANDHAR,Punjab,IN-23,144410,"PANJ DHERA, , PHILLAUR, JALANDHAR, 144410, India",9811037409,ramafuels190698@bpclretail.in,31.003288,75.78731,"DIESEL, PETROL","Automation, Pure_Sure, Air_Filling, TWO_FOUR_SEVEN",2026-09-02 16:15:16
0000158454,RATTU FILLING STATION BHARAT PETROLEUM DEALERS,RATTU FILLING STATION BHARAT PETROLEUM DEALERS,VILLAGE TALWAN,VILLAGE TALWAN,TALWAN,JALANDHAR,Punjab,IN-23,144039,"VILLAGE TALWAN, VILLAGE TALWAN, TALWAN, JALANDHAR, 144039, India",9872857120,rattu158454@bpclretail.in,31.028508,75.606158,"DIESEL, PETROL","Automation, Pure_Sure, Air_Filling, TWO_FOUR_SEVEN",2026-09-02 16:15:16
0000193675,JINDAL FILLING STATION (ADHOC) BHARAT PETROLEUM DEALERS,JINDAL FILLING STATION (ADHOC) BHARAT PETROLEUM DEALERS,"VILLAGE GARHA, TEHSIL PHILLAUR","VILLAGE GARHA, TEHSIL PHILLAUR",VPO DOSANJ KHURD,JALANDHAR,Punjab,IN-23,144409,"VILLAGE GARHA, TEHSIL PHILLAUR, VILLAGE GARHA, TEHSIL PHILLAUR, VPO DOSANJ KHURD, JALANDHAR, 144409, India",9814132348,jindal183276@bpclretail.in,31.1401941,75.7720328,,"Automation, Air_Filling",2026-09-02 16:15:16
0000199584,KAINTH FILLING STATION BHARAT PETROLEUM DEALERS,KAINTH FILLING STATION BHARAT PETROLEUM DEALERS,VPO DOSANJ KHURD,TEHSIL PHILLAUR,VPO DOSANJ KHURD,JALANDHAR,Punjab,IN-23,144409,"VPO DOSANJ KHURD, TEHSIL PHILLAUR, VPO DOSANJ KHURD, JALANDHAR, 144409, India",9530921445,kainthf199584@bpclretail.in,31.0805021222,75.781725978,"DIESEL, PETROL","Automation, Pure_Sure, Air_Filling, TWO_FOUR_SEVEN",2026-09-02 16:15:16
0000185967,S.D.PETROPOINT ADHOC BHARAT PETROLEUM DEALERS,S.D.PETROPOINT ADHOC BHARAT PETROLEUM DEALERS,,,VPO DOSANJ KHURD,JALANDHAR,Punjab,IN-23,144409,", , VPO DOSANJ KHURD, JALANDHAR, 144409, India",,sdppoin185967@bpclretail.in,31.1401941,75.7720328,,Air_Filling,2026-09-02 16:15:16
0000190327,UNITED SERVICE STATION ADHOC BHARAT PETROLEUM DEALERS,UNITED SERVICE STATION ADHOC BHARAT PETROLEUM DEALERS,,,VPO DOSANJ KHURD,JALANDHAR,Punjab,IN-23,144409,", , VPO DOSANJ KHURD, JALANDHAR, 144409, India",9814232273,uniteds190327@bpclretail.in,31.1401941,75.7720328,,Air_Filling,2026-09-02 16:15:16
0000149100,JAGJIT PETRO POINT BHARAT PETROLEUM DEALERS,JAGJIT PETRO POINT BHARAT PETROLEUM DEALERS,VILLAGE TURAN,APRA-MUKANDPUR ROAD,APRA,"JALANDHAR, PUNJAB",Punjab,IN-23,144416,"VILLAGE TURAN, APRA-MUKANDPUR ROAD, APRA, JALANDHAR, PUNJAB, 144416, India",9646552579,jagjit149100@bpclretail.in,31.101666,75.899984,"DIESEL, PETROL","Automation, Pure_Sure, Air_Filling, TWO_FOUR_SEVEN",2026-09-02 16:15:16
0000145667,CHADHA FILLING STATION BHARAT PETROLEUM DEALERS,CHADHA FILLING STATION BHARAT PETROLEUM DEALERS,VILLAGE DHEENA,JALANDHAR-JANDIALA ROAD,JALANDHAR,"JALANDHAR, PUNJAB",Punjab,IN-23,144005,"VILLAGE DHEENA, JALANDHAR-JANDIALA ROAD, JALANDHAR, JALANDHAR, PUNJAB, 144005, India",9988001911,chadha145667@bpclretail.in,31.25837,75.612166,,"Automation, Pure_Sure, Air_Filling, TWO_FOUR_SEVEN",2026-09-02 16:15:16
0000157148,AASHIRWAD FILLING STATION BHARAT PETROLEUM DEALERS,AASHIRWAD FILLING STATION BHARAT PETROLEUM DEALERS,VILLAGE UPPAL KHALSA,,NOORMAHAL,"JALANDHAR, PUNJAB",Punjab,IN-23,144039,"VILLAGE UPPAL KHALSA, , NOORMAHAL, JALANDHAR, PUNJAB, 144039, India",8727886491,aashirwad157148@bpclretail.in,31.103204,75.557972,"DIESEL, PETROL","Automation, Pure_Sure, Air_Filling, TWO_FOUR_SEVEN",2026-09-02 16:15:16
0000158729,M.R. FILLING STATION BHARAT PETROLEUM DEALERS,M.R. FILLING STATION BHARAT PETROLEUM DEALERS,VILLAGE SARIH,VILLAGE SARIH,SARIH,"JALANDHAR, PUNJAB",Punjab,IN-23,144043,"VILLAGE SARIH, VILLAGE SARIH, SARIH, JALANDHAR, PUNJAB, 144043, India",9815152826,mr158729@bpclretail.in,31.143159,75.553699,"DIESEL, PETROL","Automation, Pure_Sure, Air_Filling, TWO_FOUR_SEVEN",2026-09-02 16:15:16
0000165553,HARSH FILLING STATION .,HARSH FILLING STATION .,"KHERA,",VPO DOSANJ KHURD,VPO DOSANJ KHURD,"JALANDHAR, PUNJAB",Punjab,IN-23,144409,"KHERA,, VPO DOSANJ KHURD, VPO DOSANJ KHURD, JALANDHAR, PUNJAB, 144409, India",,harsh165553@bpclretail.in,31.1401941,75.7720328,,Air_Filling,2026-09-02 16:15:16
0000177260,KARAMVIR AGRI SERVICES BHARAT PETROLEUM DEALERS,KARAMVIR AGRI SERVICES BHARAT PETROLEUM DEALERS,VPO - THAMANWAL,TEHSIL-PHILLUR,THAMANWAL,"JULLANDER, PUNJAB",Punjab,IN-23,144036,"VPO - THAMANWAL, TEHSIL-PHILLUR, THAMANWAL, JULLANDER, PUNJAB, 144036, India",,karamvir177260@bpclretail.in,31.016823,75.663945,,"Automation, Air_Filling",2026-09-02 16:15:16
0000114740,PARKASH FILLING STATION BHARAT PETROLEUM DEALERS,PARKASH FILLING STATION BHARAT PETROLEUM DEALERS,HADIABAD,HADIABAD,HADIABAD,KAPURTHALA,Punjab,IN-23,144401,"HADIABAD, HADIABAD, HADIABAD, KAPURTHALA, 144401, India",9988444455,parkash114740@bpclretail.in,31.220519,75.750516,"DIESEL, PETROL","Automation, Pure_Sure, Air_Filling, TWO_FOUR_SEVEN",2026-09-02 16:15:16
0000215614,NANDHA FUELS BHARAT PETROLEUM DEALERS,NANDHA FUELS BHARAT PETROLEUM DEALERS,VILLAGE SUJO KALIA,SULTANPUR LODHI,KAPURTHALA,KAPURTHALA,Punjab,IN-23,144628,"VILLAGE SUJO KALIA, SULTANPUR LODHI, KAPURTHALA, KAPURTHALA, 144628, India",9914849620,nandhaf215614@bpclretail.in,31.33237,75.2008,"DIESEL, PETROL","Automation, Pure_Sure, Air_Filling, TWO_FOUR_SEVEN",2026-09-02 16:15:15
0000114739,"MOTHU RAM PREM CHAND, A/C PHAG BHARAT PETROLEUM DEALERS","MOTHU RAM PREM CHAND, A/C PHAG BHARAT PETROLEUM DEALERS",PHAGWARA,NEAR OCTROI POST,PHAGWARA,KAPURTHALA,Punjab,IN-23,144401,"PHAGWARA, NEAR OCTROI POST, PHAGWARA, KAPURTHALA, 144401, India",9988468190,mothuram114739@bpclretail.in,31.196585,75.772544,"DIESEL, PETROL, SPEED","Automation, Pure_Sure, Air_Filling, TWO_FOUR_SEVEN",2026-09-02 16:15:16
0000114749,YAGYA PAL DUGGAL & SONS BHARAT PETROLEUM DEALERS,YAGYA PAL DUGGAL & SONS BHARAT PETROLEUM DEALERS,PHAGWARA,PHAGWARA,PHAGWARA,KAPURTHALA,Punjab,IN-23,144401,"PHAGWARA, PHAGWARA, PHAGWARA, KAPURTHALA, 144401, India",9988444455,yagyapal114749@bpclretail.in,31.228888,75.762688,"DIESEL, PETROL","Automation, Pure_Sure, Air_Filling, TWO_FOUR_SEVEN",2026-09-02 16:15:16
0000114744,SURINDER OIL STORE BHARAT PETROLEUM DEALERS,SURINDER OIL STORE BHARAT PETROLEUM DEALERS,SANGOJLA,SANGOJLA,SANGOJLA,KAPURTHALA,Punjab,IN-23,144601,"SANGOJLA, SANGOJLA, SANGOJLA, KAPURTHALA, 144601, India",9501413001,surinder114744@bpclretail.in,31.433401,75.279297,"DIESEL, PETROL","Automation, Pure_Sure, Air_Filling, TWO_FOUR_SEVEN",2026-09-02 16:15:15
0000212804,BROTHERS FILLING STATION BHARAT PETROLEUM DEALERS,BROTHERS FILLING STATION BHARAT PETROLEUM DEALERS,VILLAGE MASEET,VILLAGE MASEET,SULTANPUR LODHI,KAPURTHALA,Punjab,IN-23,144620,"VILLAGE MASEET, VILLAGE MASEET, SULTANPUR LODHI, KAPURTHALA, 144620, India",7814051834,brother212804@bpclretail.in,31.2857,75.2253,"DIESEL, PETROL","Automation, Pure_Sure, Air_Filling, TWO_FOUR_SEVEN",2026-09-02 16:15:15
0000148439,NEW FRIENDS FILLING STATION BHARAT PETROLEUM DEALERS,NEW FRIENDS FILLING STATION BHARAT PETROLEUM DEALERS,VILL. SAIDPUR,P.O. TIBBA,TEHSIL SULTANPUR LODHI,KAPURTHALA,Punjab,IN-23,144628,"VILL. SAIDPUR, P.O. TIBBA, TEHSIL SULTANPUR LODHI, KAPURTHALA, 144628, India",9094900006,newfriends148439@bpclretail.in,31.317586,75.226682,"DIESEL, PETROL","Automation, Pure_Sure, Air_Filling, TWO_FOUR_SEVEN",2026-09-02 16:15:15
0000114755,BALJEET SINGH & CO. BHARAT PETROLEUM DEALERS,BALJEET SINGH & CO. BHARAT PETROLEUM DEALERS,AGGAR NAGGAR,FEROZPUR ROAD,AGAR NAGAR,LUDHIANA,Punjab,IN-23,141001,"AGGAR NAGGAR, FEROZPUR ROAD, AGAR NAGAR, LUDHIANA, 141001, India",9814081999,baljeet114755@bpclretail.in,30.88945,75.79549,"DIESEL, PETROL, SPEED, SPEED 100 BS IV","Automation, Pure_Sure, Air_Filling, TWO_FOUR_SEVEN",2026-09-02 16:15:16
0000182032,MALWA FUELS BHARAT PETROLEUM DEALERS,MALWA FUELS BHARAT PETROLEUM DEALERS,VILL BABARPUR,MALOUDH PAYAL ROAD,BABARPUR,LUDHIANA,Punjab,IN-23,141119,"VILL BABARPUR, MALOUDH PAYAL ROAD, BABARPUR, LUDHIANA, 141119, India",9023000005,malwa182032@bpclretail.in,30.63438,75.97299,"DIESEL, PETROL","Automation, Pure_Sure, Air_Filling, Parking, TWO_FOUR_SEVEN",2026-09-02 16:15:16
0000145856,JAIN FILLING STATION BHARAT PETROLEUM DEALERS,JAIN FILLING STATION BHARAT PETROLEUM DEALERS,VILL.- BAGLI KALAN,TEHSIL SAMRALA,BAGLIKALAN,LUDHIANA,Punjab,IN-23,141412,"VILL.- BAGLI KALAN, TEHSIL SAMRALA, BAGLIKALAN, LUDHIANA, 141412, India",9872995600,jain145856@bpclretail.in,30.768277,76.146,"DIESEL, PETROL","Automation, Pure_Sure, Air_Filling, TWO_FOUR_SEVEN",2026-09-02 16:15:16
0000182720,GOYAL FUELS BHARAT PETROLEUM DEALERS,GOYAL FUELS BHARAT PETROLEUM DEALERS,VILL BASSIAN,VILL BASSIAN,BASSIAN,LUDHIANA,Punjab,IN-23,142037,"VILL BASSIAN, VILL BASSIAN, BASSIAN, LUDHIANA, 142037, India",9876202815,goyal182720@bpclretail.in,30.652044,75.554631,"DIESEL, PETROL","Automation, Pure_Sure, Air_Filling, TWO_FOUR_SEVEN",2026-09-02 16:15:16
0000256077,VNM VENTURES BHARAT PETROLEUM DEALERS,VNM VENTURES BHARAT PETROLEUM DEALERS,BONKAR DOGRAN,LUDHIANA LADOWAL ROAD,BONKAR DOGRAN,LUDHIANA,Punjab,IN-23,141008,"BONKAR DOGRAN, LUDHIANA LADOWAL ROAD, BONKAR DOGRAN, LUDHIANA, 141008, India",9814515320,cc256077@bpclretail.in,30.985973,75.78513,"DIESEL, PETROL, SPEED","Automation, Pure_Sure, Air_Filling, TWO_FOUR_SEVEN",2026-09-02 16:15:16
0000114754,GAHAUR FILLING STN. BHARAT PETROLEUM DEALERS,GAHAUR FILLING STN. BHARAT PETROLEUM DEALERS,LUDHIANA-FEROZPUR RD,VILL. GAHAUR,GAHAUR,LUDHIANA,Punjab,IN-23,141008,"LUDHIANA-FEROZPUR RD, VILL. GAHAUR, GAHAUR, LUDHIANA, 141008, India",9876044558,gahaur114754@bpclretail.in,30.861265,75.719699,"DIESEL, PETROL, SPEED","Automation, Pure_Sure, Air_Filling, Parking, TWO_FOUR_SEVEN",2026-09-02 16:15:16
0000256965,ALAMGIR AUTO FUEL ADHOC BHARAT PETROLEUM DEALERS,ALAMGIR AUTO FUEL ADHOC BHARAT PETROLEUM DEALERS,GOPALPUR,LUDHIANA - MALERKOTLA ROAD,GOPALPUR,LUDHIANA,Punjab,IN-23,141118,"GOPALPUR, LUDHIANA - MALERKOTLA ROAD, GOPALPUR, LUDHIANA, 141118, India",9988100158,cc256965@bpclretail.in,30.732378,75.849759,"DIESEL, PETROL","Automation, Pure_Sure, Air_Filling, TWO_FOUR_SEVEN",2026-09-02 16:15:16
0000204729,FRIENDS FILLLING STATION ADHOC BHARAT PETROLEUM DEALERS,FRIENDS FILLLING STATION ADHOC BHARAT PETROLEUM DEALERS,VILL - GOPALPUR,LUDHIANA - MALERKOTLA ROAD,GOPALPUR,LUDHIANA,Punjab,IN-23,141118,"VILL - GOPALPUR, LUDHIANA - MALERKOTLA ROAD, GOPALPUR, LUDHIANA, 141118, India",8968054837,friends123115@bpclretail.in,30.732378,75.849759,,"Automation, Pure_Sure, Air_Filling, TWO_FOUR_SEVEN",2026-09-02 16:15:16
0000211448,GOPALPUR FILLING STATION BHARAT PETROLEUM DEALERS,GOPALPUR FILLING STATION BHARAT PETROLEUM DEALERS,GOPALPUR SH11,SANGRUR-LUDHIANA ROAD,GOPALPUR,LUDHIANA,Punjab,IN-23,141118,"GOPALPUR SH11, SANGRUR-LUDHIANA ROAD, GOPALPUR, LUDHIANA, 141118, India",0000000000,vishalansal@gmail.com,30.741541,75.848923,,"Automation, Air_Filling",2026-09-02 16:15:16
0000247808,MAHINDRA FILLING STATION ADHOC BHARAT PETROLEUM DEALERS,MAHINDRA FILLING STATION ADHOC BHARAT PETROLEUM DEALERS,VILL - GOPALPUR,SH-11,GOPALPUR,LUDHIANA,Punjab,IN-23,141118,"VILL - GOPALPUR, SH-11, GOPALPUR, LUDHIANA, 141118, India",9814813331,ravikumar35283@gmail.com,30.732378,75.849759,,"Automation, Pure_Sure, Air_Filling, TWO_FOUR_SEVEN",2026-09-02 16:15:16
0000241139,SAT KARTAR FILLING STATION ADH BHARAT PETROLEUM DEALERS,SAT KARTAR FILLING STATION ADH BHARAT PETROLEUM DEALERS,VILL - GOPALPUR,DEHLON09417520851,GOPALPUR,LUDHIANA,Punjab,IN-23,141118,"VILL - GOPALPUR, DEHLON09417520851, GOPALPUR, LUDHIANA, 141118, India",9417520851,gavy9065@gmail.com,30.732378,75.849759,,"Automation, Pure_Sure, Air_Filling, TWO_FOUR_SEVEN",2026-09-02 16:15:16
0000139283,MALHOTRA FILLING STATION BHARAT PETROLEUM DEALERS,MALHOTRA FILLING STATION BHARAT PETROLEUM DEALERS,VILL HAMBOWAL TEHSIL SAMRALA,,HAMBOWAL,LUDHIANA,Punjab,IN-23,141115,"VILL HAMBOWAL TEHSIL SAMRALA, , HAMBOWAL, LUDHIANA, 141115, India",9872550500,malhotra139283@bpclretail.in,30.94908,76.25171,"DIESEL, PETROL","Automation, Pure_Sure, Air_Filling, TWO_FOUR_SEVEN",2026-09-02 16:15:16
0000256470,GILL AND HUNDAL POWER POINT BHARAT PETROLEUM DEALERS,GILL AND HUNDAL POWER POINT BHARAT PETROLEUM DEALERS,HAMBRAN,HAMBRAN,HAMBRAN,LUDHIANA,Punjab,IN-23,142027,"HAMBRAN, HAMBRAN, HAMBRAN, LUDHIANA, 142027, India",9504350005,cc256470@bpclretail.in,30.91934,75.670097,"DIESEL, PETROL","Pure_Sure, Air_Filling, TWO_FOUR_SEVEN",2026-09-02 16:15:16
0000145516,DASHMESH FILLING STATION BHARAT PETROLEUM DEALERS,DASHMESH FILLING STATION BHARAT PETROLEUM DEALERS,"KHANNA-MALERKOTLA ROAD,","VILLAGE IKOLAHA, TEHSIL KHANNA",IKOLAHA,LUDHIANA,Punjab,IN-23,141401,"KHANNA-MALERKOTLA ROAD,, VILLAGE IKOLAHA, TEHSIL KHANNA, IKOLAHA, LUDHIANA, 141401, India",9915800174,dashmesh145516@bpclretail.in,30.687504,76.171063,"DIESEL, PETROL, SPEED","Automation, Pure_Sure, Air_Filling, TWO_FOUR_SEVEN",2026-09-02 16:15:16
0000144230,KAPILA FUELS BHARAT PETROLEUM DEALERS,KAPILA FUELS BHARAT PETROLEUM DEALERS,"MALERKOTLA - LUDHIANA ROAD,",JAGERA,JAGERA,LUDHIANA,Punjab,IN-23,148021,"MALERKOTLA - LUDHIANA ROAD,, JAGERA, JAGERA, LUDHIANA, 148021, India",7725000046,kapila144230@bpclretail.in,30.67135,75.85446,"DIESEL, PETROL","Automation, Pure_Sure, Air_Filling, TWO_FOUR_SEVEN",2026-09-02 16:15:16
0000161888,GREWAL PETRO BHARAT PETROLEUM DEALERS,GREWAL PETRO BHARAT PETROLEUM DEALERS,"PLOT NO. 1756, TEHSIL ROAD, JAGRAON","TEHSIL ROAD, JAGRAON",JAGRAON,LUDHIANA,Punjab,IN-23,142026,"PLOT NO. 1756, TEHSIL ROAD, JAGRAON, TEHSIL ROAD, JAGRAON, JAGRAON, LUDHIANA, 142026, India",9814888424,grewal161888@bpclretail.in,30.807248,75.476415,"DIESEL, PETROL, SPEED","Automation, Pure_Sure, Air_Filling, Parking, TWO_FOUR_SEVEN",2026-09-02 16:15:16
0000235991,MODERN PETRO MART BHARAT PETROLEUM DEALERS,MODERN PETRO MART BHARAT PETROLEUM DEALERS,MACHIWADA,TEHSIL SAMRALA,JALAHA MAJRA,LUDHIANA,Punjab,IN-23,141115,"MACHIWADA, TEHSIL SAMRALA, JALAHA MAJRA, LUDHIANA, 141115, India",7837500073,cc235991@bpclretail.in,30.879713,76.175193,"DIESEL, PETROL","Pure_Sure, Air_Filling, TWO_FOUR_SEVEN",2026-09-02 16:15:16
0000123107,GURBUX SINGH KHEM SINGH BHARAT PETROLEUM DEALERS,GURBUX SINGH KHEM SINGH BHARAT PETROLEUM DEALERS,NH-I,KADDON,KADDON,LUDHIANA,Punjab,IN-23,141421,"NH-I, KADDON, KADDON, LUDHIANA, 141421, India",9814225286,gurbuxsingh123107@bpclretail.in,30.784596,76.049542,"DIESEL, PETROL, SPEED","Automation, Pure_Sure, Air_Filling, TWO_FOUR_SEVEN",2026-09-02 16:15:16
0000123118,GURU NANAK FILLING STATION BHARAT PETROLEUM DEALERS,GURU NANAK FILLING STATION BHARAT PETROLEUM DEALERS,VILLAGE KAMALPURA,RAIKOT JAGROAN ROAD,KAMALPURA,LUDHIANA,Punjab,IN-23,142030,"VILLAGE KAMALPURA, RAIKOT JAGROAN ROAD, KAMALPURA, LUDHIANA, 142030, India",9855807075,gurunanak123118@bpclretail.in,30.71242,75.517907,,"Automation, Air_Filling",2026-09-02 16:15:16
0000123109,SHIV OIL COMPANY BHARAT PETROLEUM DEALERS,SHIV OIL COMPANY BHARAT PETROLEUM DEALERS,,,KHANNA,LUDHIANA,Punjab,IN-23,141401,", , KHANNA, LUDHIANA, 141401, India",,gupta_satpaul@yahoo.co.in,30.70118,76.228874,,Air_Filling,2026-09-02 16:15:16
0000191232,ZAKIYA FILLING STATION BHARAT PETROLEUM DEALERS,ZAKIYA FILLING STATION BHARAT PETROLEUM DEALERS,KHANNA,KHANNA,KHANNA,LUDHIANA,Punjab,IN-23,141401,"KHANNA, KHANNA, KHANNA, LUDHIANA, 141401, India",9463607576,zakiya191232@bpclretail.in,30.7135671,76.2031943,"DIESEL, PETROL","Automation, Pure_Sure, Air_Filling, TWO_FOUR_SEVEN",2026-09-02 16:15:16
0000248403,ALAMGIR AUTO FUELS ADHOC BHARAT PETROLEUM DEALERS,ALAMGIR AUTO FUELS ADHOC BHARAT PETROLEUM DEALERS,VILL - KUMKALAN,KUMKALAN,KUMKALAN,LUDHIANA,Punjab,IN-23,141126,"VILL - KUMKALAN, KUMKALAN, KUMKALAN, LUDHIANA, 141126, India",8427201239,kuldeepgoyal80@gmail.com,30.9247421,76.0680092,,"Automation, Pure_Sure, Air_Filling, TWO_FOUR_SEVEN",2026-09-02 16:15:16
0000241947,FRIENDS FILLING STATION ADHOC BHARAT PETROLEUM DEALERS,FRIENDS FILLING STATION ADHOC BHARAT PETROLEUM DEALERS,VILL - KUMKALAN,KOHARA,KUMKALAN,LUDHIANA,Punjab,IN-23,141126,"VILL - KUMKALAN, KOHARA, KUMKALAN, LUDHIANA, 141126, India",8427201239,kuldeepgoyal80@gmail.com,30.9247421,76.0680092,,"Automation, Pure_Sure, Air_Filling, TWO_FOUR_SEVEN",2026-09-02 16:15:16
0000179247,GILL FUEL SATION-ADHOC BHARAT PETROLEUM DEALERS,GILL FUEL SATION-ADHOC BHARAT PETROLEUM DEALERS,VILLAGE KUMKALLAN,MACHIWADA ROAD,KUMKALAN,LUDHIANA,Punjab,IN-23,141126,"VILLAGE KUMKALLAN, MACHIWADA ROAD, KUMKALAN, LUDHIANA, 141126, India",9988540721,gill148640@bpclretail.in,30.9247421,76.0680092,,"Automation, Pure_Sure, Air_Filling, TWO_FOUR_SEVEN",2026-09-02 16:15:16
0000266256,PUNJAB OIL CARRIER ADHOC BHARAT PETROLEUM DEALERS,PUNJAB OIL CARRIER ADHOC BHARAT PETROLEUM DEALERS,VILL - KUMKALAN,KOHARA,KUMKALAN,LUDHIANA,Punjab,IN-23,141126,"VILL - KUMKALAN, KOHARA, KUMKALAN, LUDHIANA, 141126, India",9872490099,punjab140919@bpclretail.in,30.9247421,76.0680092,"DIESEL, PETROL","Automation, Air_Filling",2026-09-02 16:15:16
0000123112,SHAM & COMPANY BHARAT PETROLEUM DEALERS,SHAM & COMPANY BHARAT PETROLEUM DEALERS,,,KUMKALAN,LUDHIANA,Punjab,IN-23,141126,", , KUMKALAN, LUDHIANA, 141126, India",,shanandcompany@yahoo.com,30.91224,76.070366,,Air_Filling,2026-09-02 16:15:16
0000147089,PETRO LIBRA BHARAT PETROLEUM DEALERS,PETRO LIBRA BHARAT PETROLEUM DEALERS,VILL. LIBRA,"NH-1, LUDHIANA-KHANNA ROAD",LIBRA,LUDHIANA,Punjab,IN-23,141401,"VILL. LIBRA, NH-1, LUDHIANA-KHANNA ROAD, LIBRA, LUDHIANA, 141401, India",9914811098,ibra147089@bpclretail.in,30.726229,76.173807,"DIESEL, PETROL, SPEED","Automation, Parking, Air_Filling",2026-09-02 16:15:16
0000139965,ALAMGIR AUTO FUEL BHARAT PETROLEUM DEALERS,ALAMGIR AUTO FUEL BHARAT PETROLEUM DEALERS,VILLAGE- GILL,LUDHIANA-MALERKOTLA ROAD,LUDHIANA,LUDHIANA,Punjab,IN-23,141116,"VILLAGE- GILL, LUDHIANA-MALERKOTLA ROAD, LUDHIANA, LUDHIANA, 141116, India",8699855400,alamgir139965@bpclretail.in,30.832862,75.865108,"DIESEL, PETROL, SPEED","Automation, Pure_Sure, Air_Filling, TWO_FOUR_SEVEN",2026-09-02 16:15:16
0000239333,AMRIT FUELS BHARAT PETROLEUM DEALERS,AMRIT FUELS BHARAT PETROLEUM DEALERS,VILLAGE - KANECH,"NH-44, SAHNEWAL",LUDHIANA,LUDHIANA,Punjab,IN-23,141120,"VILLAGE - KANECH, NH-44, SAHNEWAL, LUDHIANA, LUDHIANA, 141120, India",9914035200,cc239333@bpclretail.in,30.8180468,76.0000126,"DIESEL, PETROL","Pure_Sure, Air_Filling, TWO_FOUR_SEVEN",2026-09-02 16:15:16
0000212143,AVIRAJ FILLING STATION BHARAT PETROLEUM DEALERS,AVIRAJ FILLING STATION BHARAT PETROLEUM DEALERS,"KHASRA NO 3643/1673, 3644/1673",VILLAGE GILL 2,LUDHIANA,LUDHIANA,Punjab,IN-23,141116,"KHASRA NO 3643/1673, 3644/1673, VILLAGE GILL 2, LUDHIANA, LUDHIANA, 141116, India",9876000827,aviraj212143@bpclretail.in,30.8526097,75.8483668,"DIESEL, PETROL","Automation, Pure_Sure, Air_Filling, TWO_FOUR_SEVEN",2026-09-02 16:15:16
0000148641,AVIRAL PETROMART BHARAT PETROLEUM DEALERS,AVIRAL PETROMART BHARAT PETROLEUM DEALERS,NEW PREM NAGAR,CAPT. LAL SINGH ROAD,LUDHIANA,LUDHIANA,Punjab,IN-23,141001,"NEW PREM NAGAR, CAPT. LAL SINGH ROAD, LUDHIANA, LUDHIANA, 141001, India",9815555176,aviral148641@bpclretail.in,30.90501,75.820785,"DIESEL, PETROL, SPEED","Automation, Air_Filling",2026-09-02 16:15:16
0000256165,BAMBA FILLING STATION ADHOC BHARAT PETROLEUM DEALERS,BAMBA FILLING STATION ADHOC BHARAT PETROLEUM DEALERS,VILL - BONDLI,SAMRALA,LUDHIANA,LUDHIANA,Punjab,IN-23,141114,"VILL - BONDLI, SAMRALA, LUDHIANA, LUDHIANA, 141114, India",9915085546,balbirsinghbamba@yahoo.in,30.82931,76.219468,,"Automation, Air_Filling",2026-09-02 16:15:16
0000142478,BHAI DAYA SINGH CHARITABLE TRU BHARAT PETROLEUM DEALERS,BHAI DAYA SINGH CHARITABLE TRU BHARAT PETROLEUM DEALERS,VILLAGE JARAG,KHANNA-MALERKOTLA ROAD,LUDHIANA,LUDHIANA,Punjab,IN-23,141001,"VILLAGE JARAG, KHANNA-MALERKOTLA ROAD, LUDHIANA, LUDHIANA, 141001, India",7900000357,bhaidayasinghcharitabletrust@gmail.com,30.60306,76.07007,"DIESEL, PETROL","Automation, Pure_Sure, Air_Filling, Parking, TWO_FOUR_SEVEN",2026-09-02 16:15:16
0000219354,CHEEMA FILLING STATION BHARAT PETROLEUM DEALERS,CHEEMA FILLING STATION BHARAT PETROLEUM DEALERS,VILLAGE KALAKH,DEHLON TO PAKHOWAL ROAD,LUDHIANA,LUDHIANA,Punjab,IN-23,141203,"VILLAGE KALAKH, DEHLON TO PAKHOWAL ROAD, LUDHIANA, LUDHIANA, 141203, India",9915903333,cc219354@bpclretail.in,30.72355,75.793769,"DIESEL, PETROL","Pure_Sure, Air_Filling, TWO_FOUR_SEVEN",2026-09-02 16:15:16
0000122089,DILBAGH SINGH & SONS BHARAT PETROLEUM DEALERS,DILBAGH SINGH & SONS BHARAT PETROLEUM DEALERS,BHARAT NAGAR CHOWK,FEROZEPUR ROAD,LUDHIANA,LUDHIANA,Punjab,IN-23,141001,"BHARAT NAGAR CHOWK, FEROZEPUR ROAD, LUDHIANA, LUDHIANA, 141001, India",9872481724,dilbagh122089@bpclretail.in,30.903373,75.838595,"DIESEL, PETROL","Automation, Pure_Sure, Air_Filling, TWO_FOUR_SEVEN",2026-09-02 16:15:16
0000258499,GALAXY PETRO BHARAT PETROLEUM DEALERS,GALAXY PETRO BHARAT PETROLEUM DEALERS,OPP EASTMAN IMPEX,DHANDARI KALAN VILLAGE,LUDHIANA,LUDHIANA,Punjab,IN-23,141003,"OPP EASTMAN IMPEX, DHANDARI KALAN VILLAGE, LUDHIANA, LUDHIANA, 141003, India",9988337811,cc258499@bpclretail.in,30.859315,75.911826,"DIESEL, PETROL, SPEED","Pure_Sure, Air_Filling, TWO_FOUR_SEVEN",2026-09-02 16:15:16
0000148640,GILL FUEL STATION BHARAT PETROLEUM DEALERS,GILL FUEL STATION BHARAT PETROLEUM DEALERS,"VILLAGE BONDLI, TEHSIL SAMRALA",CHANDIGARH TO LUDHIANA ROAD,LUDHIANA,LUDHIANA,Punjab,IN-23,141114,"VILLAGE BONDLI, TEHSIL SAMRALA, CHANDIGARH TO LUDHIANA ROAD, LUDHIANA, LUDHIANA, 141114, India",9815653079,gill148640@bpclretail.in,30.82931,76.219468,"DIESEL, PETROL","Automation, Pure_Sure, Air_Filling, Parking, TWO_FOUR_SEVEN",2026-09-02 16:15:16
0000186136,GOLDEN FILLING STATION BHARAT PETROLEUM DEALERS,GOLDEN FILLING STATION BHARAT PETROLEUM DEALERS,INDUSTRIAL ESTATE,"SUA ROAD , DHANDARIKALAN",LUDHIANA,LUDHIANA,Punjab,IN-23,141003,"INDUSTRIAL ESTATE, SUA ROAD , DHANDARIKALAN, LUDHIANA, LUDHIANA, 141003, India",9478655076,goldenf186136@bpclretail.in,30.8555,75.92,"DIESEL, PETROL","Automation, Pure_Sure, Air_Filling, TWO_FOUR_SEVEN",2026-09-02 16:15:16
0000114757,GURDITSINGH SHAMSHER SINGH BHARAT PETROLEUM DEALERS,GURDITSINGH SHAMSHER SINGH BHARAT PETROLEUM DEALERS,"SALIM TABRI, SABZI MANDI",G.T. ROAD,LUDHIANA,LUDHIANA,Punjab,IN-23,141008,"SALIM TABRI, SABZI MANDI, G.T. ROAD, LUDHIANA, LUDHIANA, 141008, India",9465352007,gurditsingh114757@bpclretail.in,30.931818,75.841449,"DIESEL, PETROL, SPEED","Automation, Pure_Sure, Air_Filling, TWO_FOUR_SEVEN",2026-09-02 16:15:16
0000169394,GURU FILLING STATION BHARAT PETROLEUM DEALERS,GURU FILLING STATION BHARAT PETROLEUM DEALERS,PREM NAGAR,,LUDHIANA,LUDHIANA,Punjab,IN-23,141001,"PREM NAGAR, , LUDHIANA, LUDHIANA, 141001, India",9815668955,guru169394@bpclretail.in,30.922668,75.810476,"DIESEL, PETROL, SPEED","Automation, Pure_Sure, Air_Filling, TWO_FOUR_SEVEN",2026-09-02 16:15:16
0000241165,JAIN HARMILAP FILLING STATION BHARAT PETROLEUM DEALERS,JAIN HARMILAP FILLING STATION BHARAT PETROLEUM DEALERS,VILL - BONDLI,BONDLI,LUDHIANA,LUDHIANA,Punjab,IN-23,141114,"VILL - BONDLI, BONDLI, LUDHIANA, LUDHIANA, 141114, India",9815950138,jainharmilap.adhoc@gmail.com,30.82931,76.219468,,"Automation, Air_Filling",2026-09-02 16:15:16
0000220357,KARTAR PETRO BHARAT PETROLEUM DEALERS,KARTAR PETRO BHARAT PETROLEUM DEALERS,KHASRA NO. 21//1/2,VILLAGE LADHIAN KALAN,LUDHIANA,LUDHIANA,Punjab,IN-23,141008,"KHASRA NO. 21//1/2, VILLAGE LADHIAN KALAN, LUDHIANA, LUDHIANA, 141008, India",9878900513,cc220357@bpclretail.in,30.9576338,75.7930198,"DIESEL, PETROL","Pure_Sure, Air_Filling, TWO_FOUR_SEVEN",2026-09-02 16:15:16
0000213821,KILA RAIPUR FILLING STATION BHARAT PETROLEUM DEALERS,KILA RAIPUR FILLING STATION BHARAT PETROLEUM DEALERS,KHASRA NO. 12352,VILLAGE KILA RAIPUR,LUDHIANA,LUDHIANA,Punjab,IN-23,141201,"KHASRA NO. 12352, VILLAGE KILA RAIPUR, LUDHIANA, LUDHIANA, 141201, India",9780841612,cc213821@bpclretail.in,30.754541,75.837783,"DIESEL, PETROL","Automation, Pure_Sure, Air_Filling, TWO_FOUR_SEVEN",2026-09-02 16:15:16
0000145097,KULEWAL FILLING STATION BHARAT PETROLEUM DEALERS,KULEWAL FILLING STATION BHARAT PETROLEUM DEALERS,VILL. KULEWAL,SAMRALA-KHANNA ROAD,LUDHIANA,LUDHIANA,Punjab,IN-23,141001,"VILL. KULEWAL, SAMRALA-KHANNA ROAD, LUDHIANA, LUDHIANA, 141001, India",9855011311,kulewal145097@bpclretail.in,30.794693,76.194397,"DIESEL, PETROL","Automation, Pure_Sure, Air_Filling, TWO_FOUR_SEVEN",2026-09-02 16:15:16
0000147974,MAHINDRA FILLING STATION BHARAT PETROLEUM DEALERS,MAHINDRA FILLING STATION BHARAT PETROLEUM DEALERS,VILLAGE SAYA KHURD,LUDHIANA MALERKOTLA ROAD,LUDHIANA,LUDHIANA,Punjab,IN-23,141001,"VILLAGE SAYA KHURD, LUDHIANA MALERKOTLA ROAD, LUDHIANA, LUDHIANA, 141001, India",9876988878,mahindra147974@bpclretail.in,30.761609,75.851936,"DIESEL, PETROL","Automation, Pure_Sure, Air_Filling, TWO_FOUR_SEVEN",2026-09-02 16:15:16
0000207796,MALHI FILLING STATION BHARAT PETROLEUM DEALERS,MALHI FILLING STATION BHARAT PETROLEUM DEALERS,CHANDAR NAGAR,ALONG BUDHA NALA,LUDHIANA,LUDHIANA,Punjab,IN-23,141001,"CHANDAR NAGAR, ALONG BUDHA NALA, LUDHIANA, LUDHIANA, 141001, India",9914300084,cc207796@bpclretail.in,30.92225,75.828496,"DIESEL, PETROL, SPEED","Pure_Sure, Air_Filling, TWO_FOUR_SEVEN",2026-09-02 16:15:16
0000256942,MODERN PETRO MART ADHOC BHARAT PETROLEUM DEALERS,MODERN PETRO MART ADHOC BHARAT PETROLEUM DEALERS,BONDLI,SAMRALA,LUDHIANA,LUDHIANA,Punjab,IN-23,141114,"BONDLI, SAMRALA, LUDHIANA, LUDHIANA, 141114, India",9815427600,cc256942@bpclretail.in,30.82931,76.219468,"DIESEL, PETROL","Automation, Pure_Sure, Air_Filling, TWO_FOUR_SEVEN",2026-09-02 16:15:16
0000140446,MRPC PETRO COMPANY BHARAT PETROLEUM DEALERS,MRPC PETRO COMPANY BHARAT PETROLEUM DEALERS,OSWAL CANCER HOSPITAL ROAD,"KAILASH NAGAR, SHERPUR",LUDHIANA,LUDHIANA,Punjab,IN-23,141010,"OSWAL CANCER HOSPITAL ROAD, KAILASH NAGAR, SHERPUR, LUDHIANA, LUDHIANA, 141010, India",9814031822,mrpc140446@bpclretail.in,30.8905,75.8859,"DIESEL, PETROL","Automation, Pure_Sure, Air_Filling, TWO_FOUR_SEVEN",2026-09-02 16:15:16
0000149312,NOORPUR PETROMART BHARAT PETROLEUM DEALERS,NOORPUR PETROMART BHARAT PETROLEUM DEALERS,VPO NOORPUR BET,HAMBRAN- LADHOWAL ROAD,LUDHIANA,LUDHIANA,Punjab,IN-23,141008,"VPO NOORPUR BET, HAMBRAN- LADHOWAL ROAD, LUDHIANA, LUDHIANA, 141008, India",9592334445,noorpur149312@bpclretail.in,30.951549,75.708934,"DIESEL, PETROL","Automation, Pure_Sure, Air_Filling, TWO_FOUR_SEVEN",2026-09-02 16:15:16
0000149309,NOORWALA HITECH BHARAT PETROLEUM DEALERS,NOORWALA HITECH BHARAT PETROLEUM DEALERS,VPO NOORWALA,VPO NOORWALA,LUDHIANA,LUDHIANA,Punjab,IN-23,141007,"VPO NOORWALA, VPO NOORWALA, LUDHIANA, LUDHIANA, 141007, India",9915600069,noorwala149309@bpclretail.in,30.957216,75.864057,"DIESEL, PETROL","Automation, Pure_Sure, Air_Filling, Parking, TWO_FOUR_SEVEN",2026-09-02 16:15:16
0000162017,PIT STOP BHARAT PETROLEUM DEALERS,PIT STOP BHARAT PETROLEUM DEALERS,"PLOT NEAR 67 NO. MILE STONE,",NEAR FRIENDS COLONY,LUDHIANA,LUDHIANA,Punjab,IN-23,141001,"PLOT NEAR 67 NO. MILE STONE,, NEAR FRIENDS COLONY, LUDHIANA, LUDHIANA, 141001, India",9781713443,pitstop162017@bpclretail.in,30.8758,75.963035,"DIESEL, PETROL","Automation, Pure_Sure, Air_Filling, Parking, TWO_FOUR_SEVEN",2026-09-02 16:15:16
0000149311,PREET FILLING STATION BHARAT PETROLEUM DEALERS,PREET FILLING STATION BHARAT PETROLEUM DEALERS,"FOCAL POINT, VPO MEHDOODAN","FOCAL POINT, VPO MEHDOODAN",LUDHIANA,LUDHIANA,Punjab,IN-23,141421,"FOCAL POINT, VPO MEHDOODAN, FOCAL POINT, VPO MEHDOODAN, LUDHIANA, LUDHIANA, 141421, India",9855100062,preet149311@bpclretail.in,30.805579,76.093766,"DIESEL, PETROL","Automation, Pure_Sure, Air_Filling, Parking, TWO_FOUR_SEVEN",2026-09-02 16:15:16
0000247716,PUNJAB OIL CARRIER ADHOC BHARAT PETROLEUM DEALERS,PUNJAB OIL CARRIER ADHOC BHARAT PETROLEUM DEALERS,VILL - BONDLI,SAMRALA,LUDHIANA,LUDHIANA,Punjab,IN-23,141114,"VILL - BONDLI, SAMRALA, LUDHIANA, LUDHIANA, 141114, India",9872890158,manjeevkapila@gmail.com,30.82931,76.219468,,"Automation, Pure_Sure, Air_Filling, TWO_FOUR_SEVEN",2026-09-02 16:15:16
0000145100,RAI FILLING STATION BHARAT PETROLEUM DEALERS,RAI FILLING STATION BHARAT PETROLEUM DEALERS,VILL. RAUNI,TEHSIL. PAYAL,LUDHIANA,LUDHIANA,Punjab,IN-23,141001,"VILL. RAUNI, TEHSIL. PAYAL, LUDHIANA, LUDHIANA, 141001, India",9815306844,rai145100@bpclretail.in,30.60043,76.0961,"DIESEL, PETROL","Automation, Pure_Sure, Air_Filling, TWO_FOUR_SEVEN",2026-09-02 16:15:16
0000143021,S.ISHER SINGH SOBTI & SONS BHARAT PETROLEUM DEALERS,S.ISHER SINGH SOBTI & SONS BHARAT PETROLEUM DEALERS,G.T.ROAD,NH-1,LUDHIANA,LUDHIANA,Punjab,IN-23,141008,"G.T.ROAD, NH-1, LUDHIANA, LUDHIANA, 141008, India",9815313888,sisher143021@bpclretail.in,30.981095,75.792201,"DIESEL, PETROL","Automation, Pure_Sure, Air_Filling, Parking, TWO_FOUR_SEVEN",2026-09-02 16:15:16
0000229193,SADBHAVANA FUELS ADHOC BHARAT PETROLEUM DEALERS,SADBHAVANA FUELS ADHOC BHARAT PETROLEUM DEALERS,VILLAGE ROOMI,JAGRAON RAIKOT ROAD,LUDHIANA,LUDHIANA,Punjab,IN-23,142030,"VILLAGE ROOMI, JAGRAON RAIKOT ROAD, LUDHIANA, LUDHIANA, 142030, India",9023988198,sadbhavana171875@bpclretail.in,30.745563,75.50319,,"Automation, Pure_Sure, Air_Filling, TWO_FOUR_SEVEN",2026-09-02 16:15:16
0000171875,SADBHAVANA FUELS BHARAT PETROLEUM DEALERS,SADBHAVANA FUELS BHARAT PETROLEUM DEALERS,"BARNALA RAIKOT ROAD, VILL JALALDIWA","SH13,TEHSIL RAIKOT",LUDHIANA,LUDHIANA,Punjab,IN-23,148104,"BARNALA RAIKOT ROAD, VILL JALALDIWA, SH13,TEHSIL RAIKOT, LUDHIANA, LUDHIANA, 148104, India",9878628795,sadbhavana171875@bpclretail.in,30.6084,75.5837,"DIESEL, PETROL","Automation, Pure_Sure, Air_Filling, TWO_FOUR_SEVEN",2026-09-02 16:15:16
0000155089,SANDHU FILLING STATION BHARAT PETROLEUM DEALERS,SANDHU FILLING STATION BHARAT PETROLEUM DEALERS,"VILLAGE ROOMI, JAGRAON RAIKOT ROAD","VILLAGE ROOMI, JAGRAON RAIKOT ROAD",LUDHIANA,LUDHIANA,Punjab,IN-23,142030,"VILLAGE ROOMI, JAGRAON RAIKOT ROAD, VILLAGE ROOMI, JAGRAON RAIKOT ROAD, LUDHIANA, LUDHIANA, 142030, India",8437000323,sandhu155089@bpclretail.in,30.745563,75.50319,,"Automation, Pure_Sure, Air_Filling, TWO_FOUR_SEVEN",2026-09-02 16:15:16
0000114760,SARDAR FILLING STATION BHARAT PETROLEUM DEALERS,SARDAR FILLING STATION BHARAT PETROLEUM DEALERS,JALNDHAR BYE PASS,G.T ROAD,LUDHIANA,LUDHIANA,Punjab,IN-23,141007,"JALNDHAR BYE PASS, G.T ROAD, LUDHIANA, LUDHIANA, 141007, India",9875982275,sardar114760@bpclretail.in,30.9344,75.8627,"DIESEL, PETROL, SPEED","Automation, Air_Filling",2026-09-02 16:15:16
0000154809,SARDAR KESAR SINGH GREWAL FUEL BHARAT PETROLEUM DEALERS,SARDAR KESAR SINGH GREWAL FUEL BHARAT PETROLEUM DEALERS,VILLAGE- BHAMIAN KALAN,,LUDHIANA,LUDHIANA,Punjab,IN-23,141010,"VILLAGE- BHAMIAN KALAN, , LUDHIANA, LUDHIANA, 141010, India",9465010002,sardarkesar154809@bpclretail.in,30.921629,75.935622,"DIESEL, PETROL","Automation, Pure_Sure, Air_Filling, TWO_FOUR_SEVEN",2026-09-02 16:15:16
0000147973,SHIVA FUELS BHARAT PETROLEUM DEALERS,SHIVA FUELS BHARAT PETROLEUM DEALERS,VILLAGE BALION,SAMRAL TO MACHIWADA ROAD,LUDHIANA,LUDHIANA,Punjab,IN-23,141115,"VILLAGE BALION, SAMRAL TO MACHIWADA ROAD, LUDHIANA, LUDHIANA, 141115, India",9417500903,shiva147973@bpclretail.in,30.86545,76.189942,"DIESEL, PETROL","Automation, Pure_Sure, Air_Filling, Parking, TWO_FOUR_SEVEN",2026-09-02 16:15:16
0000168020,SHREE BALASUNDRI FUELS BHARAT PETROLEUM DEALERS,SHREE BALASUNDRI FUELS BHARAT PETROLEUM DEALERS,KOHARA-SAHNEWAL ROAD,VILLAGE JANDIALI,LUDHIANA,LUDHIANA,Punjab,IN-23,141112,"KOHARA-SAHNEWAL ROAD, VILLAGE JANDIALI, LUDHIANA, LUDHIANA, 141112, India",9915900639,balasundri168020@bpclretail.in,30.85872,75.99618,"DIESEL, PETROL","Automation, Pure_Sure, Air_Filling, TWO_FOUR_SEVEN",2026-09-02 16:15:16
0000145517,SHRI BALAJI POWER POINT BHARAT PETROLEUM DEALERS,SHRI BALAJI POWER POINT BHARAT PETROLEUM DEALERS,"NH-01, G.T. ROAD",LUDHIANA-DELHI ROAD,LUDHIANA,LUDHIANA,Punjab,IN-23,141010,"NH-01, G.T. ROAD, LUDHIANA-DELHI ROAD, LUDHIANA, LUDHIANA, 141010, India",9914520881,balaji145517@bpclretail.in,30.864998,75.926739,"DIESEL, PETROL, SPEED","Automation, Parking, Air_Filling",2026-09-02 16:15:16
0000145099,SHRI HEMKUNT FILLING STATION BHARAT PETROLEUM DEALERS,SHRI HEMKUNT FILLING STATION BHARAT PETROLEUM DEALERS,"VPO.BARUNDI, TEHSIL. RAIKOT",RAIKOT-AHMADGARH ROAD,LUDHIANA,LUDHIANA,Punjab,IN-23,141205,"VPO.BARUNDI, TEHSIL. RAIKOT, RAIKOT-AHMADGARH ROAD, LUDHIANA, LUDHIANA, 141205, India",9815702425,hemkunt145099@bpclretail.in,30.673967,75.72992,"DIESEL, PETROL","Automation, Pure_Sure, Air_Filling, TWO_FOUR_SEVEN",2026-09-02 16:15:16
0000136331,SHRI SALASAR POWER POINT BHARAT PETROLEUM CORPORATION L,SHRI SALASAR POWER POINT BHARAT PETROLEUM CORPORATION L,"LINK ROAD, OPPISITE TRANSPORT NAGAR",NEAR AMAN HOUSE,LUDHIANA,LUDHIANA,Punjab,IN-23,144003,"LINK ROAD, OPPISITE TRANSPORT NAGAR, NEAR AMAN HOUSE, LUDHIANA, LUDHIANA, 144003, India",9914520873,salasar136331@bpclretail.in,30.907288,75.877268,"DIESEL, PETROL, SPEED, SPEED 100 BS IV","Automation, Air_Filling",2026-09-02 16:15:16
0000182492,SUKHRAJ FILLING STATION BHARAT PETROLEUM DEALERS,SUKHRAJ FILLING STATION BHARAT PETROLEUM DEALERS,VILLAGE,KUTBEWAL,LUDHIANA,LUDHIANA,Punjab,IN-23,141008,"VILLAGE, KUTBEWAL, LUDHIANA, LUDHIANA, 141008, India",9646100037,sukhraj182492@bpclretail.in,30.9713,75.8293,"DIESEL, PETROL","Automation, Pure_Sure, Air_Filling, Parking, TWO_FOUR_SEVEN",2026-09-02 16:15:16
0000190918,TANKY FULL BHARAT PETROLEUM DEALERS,TANKY FULL BHARAT PETROLEUM DEALERS,LADHOWAL ON NH-1,NEAR LADHOWAL TOLL PLAZA,LUDHIANA,LUDHIANA,Punjab,IN-23,141008,"LADHOWAL ON NH-1, NEAR LADHOWAL TOLL PLAZA, LUDHIANA, LUDHIANA, 141008, India",9569066614,tankyfull190918@bpclretail.in,30.9795,75.7917,"DIESEL, PETROL, SPEED","Automation, Pure_Sure, Air_Filling, TWO_FOUR_SEVEN",2026-09-02 16:15:16
0000188639,TERI OAT FUEL STATION BHARAT PETROLEUM DEALERS,TERI OAT FUEL STATION BHARAT PETROLEUM DEALERS,"VILLAGE GILL ,SH-11",MALERKOTLA-LUDHIANA ROAD,LUDHIANA,LUDHIANA,Punjab,IN-23,141116,"VILLAGE GILL ,SH-11, MALERKOTLA-LUDHIANA ROAD, LUDHIANA, LUDHIANA, 141116, India",8427500010,terioat188639@bpclretail.in,30.844399,75.855736,"DIESEL, PETROL, SPEED","Automation, Pure_Sure, Air_Filling, TWO_FOUR_SEVEN",2026-09-02 16:15:16
0000155088,WAHEGURU POWER POINT BHARAT PETROLEUM DEALERS,WAHEGURU POWER POINT BHARAT PETROLEUM DEALERS,VILLAGE BHAINI ARAYAN,SIDHWAN BET HAMBRAN ROAD,LUDHIANA,LUDHIANA,Punjab,IN-23,142033,"VILLAGE BHAINI ARAYAN, SIDHWAN BET HAMBRAN ROAD, LUDHIANA, LUDHIANA, 142033, India",9855443443,waheguru155088@bpclretail.in,30.934839,75.523273,"DIESEL, PETROL","Automation, Pure_Sure, Air_Filling, TWO_FOUR_SEVEN",2026-09-02 16:15:16
0000240946,YUVRAJ PETROLEUM BHARAT PETROLEUM DEALERS,YUVRAJ PETROLEUM BHARAT PETROLEUM DEALERS,CHUHARPUR,CHUHARPUR LADDIAN ROAD,LUDHIANA,LUDHIANA,Punjab,IN-23,141001,"CHUHARPUR, CHUHARPUR LADDIAN ROAD, LUDHIANA, LUDHIANA, 141001, India",9872000401,yuvraj240946@bpclretail.in,30.94251,75.800941,"DIESEL, PETROL","Pure_Sure, Air_Filling, TWO_FOUR_SEVEN",2026-09-02 16:15:16
0000182924,MAHAVIRA FUEL STATION BHARAT PETROLEUM DEALERS,MAHAVIRA FUEL STATION BHARAT PETROLEUM DEALERS,VILLAGE ADIANA,MACCHIWARA-KOHARA ROAD,MACHIWARA,LUDHIANA,Punjab,IN-23,141010,"VILLAGE ADIANA, MACCHIWARA-KOHARA ROAD, MACHIWARA, LUDHIANA, 141010, India",9592050300,mahavira182924@bpclretail.in,30.909837,76.1747,"DIESEL, PETROL","Automation, Pure_Sure, Air_Filling, Parking, TWO_FOUR_SEVEN",2026-09-02 16:15:16
0000123119,AMAR FILLING STATION BHARAT PETROLEUM DEALERS,AMAR FILLING STATION BHARAT PETROLEUM DEALERS,,,MALIK (JAGROAN),LUDHIANA,Punjab,IN-23,142026,", , MALIK (JAGROAN), LUDHIANA, 142026, India",8288997779,amar123119@bpclretail.in,30.81618,75.476168,"DIESEL, PETROL","Automation, Pure_Sure, Air_Filling, TWO_FOUR_SEVEN",2026-09-02 16:15:16
0000218590,O.P.FILLING STATION BHARAT PETROLEUM DEALERS,O.P.FILLING STATION BHARAT PETROLEUM DEALERS,"157//21/2,180//1/1,179//5,158//25/1",VILLAGE MANUKE,MANUKE,LUDHIANA,Punjab,IN-23,142034,"157//21/2,180//1/1,179//5,158//25/1, VILLAGE MANUKE, MANUKE, LUDHIANA, 142034, India",9056850274,cc218590@bpclretail.in,30.6692591,75.4627306,"DIESEL, PETROL","Pure_Sure, Air_Filling, TWO_FOUR_SEVEN",2026-09-02 16:15:16
0000181398,LAKHOWAL FUELS BHARAT PETROLEUM DEALERS,LAKHOWAL FUELS BHARAT PETROLEUM DEALERS,VILL MEHLON,KOHARA TO LAKHOWAL,MEHLON-LUDHIANA,LUDHIANA,Punjab,IN-23,141112,"VILL MEHLON, KOHARA TO LAKHOWAL, MEHLON-LUDHIANA, LUDHIANA, 141112, India",7986425480,lakhowal181398@bpclretail.in,30.88529,76.01364,"DIESEL, PETROL","Automation, Pure_Sure, Air_Filling, TWO_FOUR_SEVEN",2026-09-02 16:15:16
0000238007,SHRI BALAJI POWER POINT ADHOC BHARAT PETROLEUM DEALERS,SHRI BALAJI POWER POINT ADHOC BHARAT PETROLEUM DEALERS,RO AT MULLANPUR DAKHA,LUDHIANA,MULLANPUR,LUDHIANA,Punjab,IN-23,141003,"RO AT MULLANPUR DAKHA, LUDHIANA, MULLANPUR, LUDHIANA, 141003, India",9914520880,balaji145517@bpclretail.in,30.855892,75.702803,,"Automation, Pure_Sure, Air_Filling, TWO_FOUR_SEVEN",2026-09-02 16:15:16
0000206385,SHRI SALASAR POWER POINT-ADHOC BHARAT PETROLEUM DEALERS,SHRI SALASAR POWER POINT-ADHOC BHARAT PETROLEUM DEALERS,BAHNORI,LUDHIANA-FEROJPUR ROAD,MULLANPUR,LUDHIANA,Punjab,IN-23,141003,"BAHNORI, LUDHIANA-FEROJPUR ROAD, MULLANPUR, LUDHIANA, 141003, India",9914520880,cc206385@bpclretail.in,30.855892,75.702803,"DIESEL, PETROL","Automation, Pure_Sure, Air_Filling, TWO_FOUR_SEVEN",2026-09-02 16:15:16
0000123115,FRIENDS FILLLING STATION BHARAT PETROLEUM DEALERS,FRIENDS FILLLING STATION BHARAT PETROLEUM DEALERS,"VILLAGE NANDPUR, SANEHWAL","NH-44, OLD NH 1",NANDPUR,LUDHIANA,Punjab,IN-23,141120,"VILLAGE NANDPUR, SANEHWAL, NH-44, OLD NH 1, NANDPUR, LUDHIANA, 141120, India",9815696400,friends123115@bpclretail.in,30.843344,75.962701,"DIESEL, PETROL, SPEED","Automation, Pure_Sure, Air_Filling, TWO_FOUR_SEVEN",2026-09-02 16:15:16
0000252519,R S FUELS BHARAT PETROLEUM DEALERS,R S FUELS BHARAT PETROLEUM DEALERS,VILL - PADDI,SAHNEWAL TO DEHLON ROAD,PADDI,LUDHIANA,Punjab,IN-23,141206,"VILL - PADDI, SAHNEWAL TO DEHLON ROAD, PADDI, LUDHIANA, 141206, India",9814192828,cc252519@bpclretail.in,30.78759,75.91428,"DIESEL, PETROL","Automation, Pure_Sure, Air_Filling, TWO_FOUR_SEVEN",2026-09-02 16:15:16
0000254512,AUTO POWER ADHOC BHARAT PETROLEUM DEALERS,AUTO POWER ADHOC BHARAT PETROLEUM DEALERS,VILLAGE MANGLI TANDA,RAHON ROAD,RAHON ROAD,LUDHIANA,Punjab,IN-23,141007,"VILLAGE MANGLI TANDA, RAHON ROAD, RAHON ROAD, LUDHIANA, 141007, India",9814923033,autopowerpp@gmail.com,30.975269,75.951375,,"Automation, Pure_Sure, Air_Filling, TWO_FOUR_SEVEN",2026-09-02 16:15:16
0000266626,SHREE BALASUNDRI FUELS ADHOC BHARAT PETROLEUM DEALERS,SHREE BALASUNDRI FUELS ADHOC BHARAT PETROLEUM DEALERS,VILLAGE MANGLI TANDA,RAHON ROAD,RAHON ROAD,LUDHIANA,Punjab,IN-23,141007,"VILLAGE MANGLI TANDA, RAHON ROAD, RAHON ROAD, LUDHIANA, 141007, India",9915900639,cc266626@bpclretail.in,30.975269,75.951375,"DIESEL, PETROL","Automation, Air_Filling",2026-09-02 16:15:16
0000167034,SHREE DUDHADHARI FILLING STATI BHARAT PETROLEUM DEALERS,SHREE DUDHADHARI FILLING STATI BHARAT PETROLEUM DEALERS,VILLAGE MANGLI TANDA,VILLAGE MANGLI TANDA,RAHON ROAD,LUDHIANA,Punjab,IN-23,141007,"VILLAGE MANGLI TANDA, VILLAGE MANGLI TANDA, RAHON ROAD, LUDHIANA, 141007, India",7735420004,dudhadhari167034@bpclretail.in,30.975269,75.951375,,"Automation, Pure_Sure, Air_Filling, Parking, TWO_FOUR_SEVEN",2026-09-02 16:15:16
0000182721,GREWAL FUELS BHARAT PETROLEUM DEALERS,GREWAL FUELS BHARAT PETROLEUM DEALERS,VILL GOINDWAL,VILL GOINDWAL,RAIKOT,LUDHIANA,Punjab,IN-23,141109,"VILL GOINDWAL, VILL GOINDWAL, RAIKOT, LUDHIANA, 141109, India",9915944815,grewal182721@bpclretail.in,30.677869,75.606332,"DIESEL, PETROL","Automation, Pure_Sure, Air_Filling, Parking, TWO_FOUR_SEVEN",2026-09-02 16:15:16
0000169644,RAIKOT FILLING STATION BHARAT PETROLEUM DEALERS,RAIKOT FILLING STATION BHARAT PETROLEUM DEALERS,RAIKOT CITY,RAIKOT CITY,RAIKOT,LUDHIANA,Punjab,IN-23,141109,"RAIKOT CITY, RAIKOT CITY, RAIKOT, LUDHIANA, 141109, India",9779749333,raikot169644@bpclretail.in,30.652077,75.600039,"DIESEL, PETROL, SPEED","Automation, Pure_Sure, Air_Filling, TWO_FOUR_SEVEN",2026-09-02 16:15:16
0000147088,MANSAROVAR PETROLEUM BHARAT PETROLEUM DEALERS,MANSAROVAR PETROLEUM BHARAT PETROLEUM DEALERS,VILL RAMGARH BHULLAR,JAGRAON-SIDWAN BET ROAD,RAMGARH BHULLAR,LUDHIANA,Punjab,IN-23,142026,"VILL RAMGARH BHULLAR, JAGRAON-SIDWAN BET ROAD, RAMGARH BHULLAR, LUDHIANA, 142026, India",9878527556,mansarovar147088@bpclretail.in,30.8497,75.4738,"DIESEL, PETROL","Automation, Pure_Sure, Air_Filling, Parking, TWO_FOUR_SEVEN",2026-09-02 16:15:16
0000227729,BENIPAL ENERGY SOLUTIONS BHARAT PETROLEUM DEALERS,BENIPAL ENERGY SOLUTIONS BHARAT PETROLEUM DEALERS,NEW SAMRALA BYPASS,NH95,SAMRALA,LUDHIANA,Punjab,IN-23,141114,"NEW SAMRALA BYPASS, NH95, SAMRALA, LUDHIANA, 141114, India",8437367071,benipales227729@bpclretail.in,30.844,76.172,"DIESEL, PETROL","Automation, Air_Filling",2026-09-02 16:15:16
0000249826,MEHAN FUELS BHARAT PETROLEUM DEALERS,MEHAN FUELS BHARAT PETROLEUM DEALERS,SAMRALA WML,NEAR SHAHI PALACE,SAMRALA,LUDHIANA,Punjab,IN-23,141114,"SAMRALA WML, NEAR SHAHI PALACE, SAMRALA, LUDHIANA, 141114, India",9915896367,cc249826@bpclretail.in,30.824495,76.196027,"DIESEL, PETROL","Automation, Pure_Sure, Air_Filling, TWO_FOUR_SEVEN",2026-09-02 16:15:16
0000123117,MOTHU RAM PREM CHAND BHARAT PETROLEUM DEALERS,MOTHU RAM PREM CHAND BHARAT PETROLEUM DEALERS,,,SHIEKHUPURA,LUDHIANA,Punjab,IN-23,140901,", , SHIEKHUPURA, LUDHIANA, 140901, India",,mothuram123117@bpclretail.in,30.83120308,75.62164307,,Air_Filling,2026-09-02 16:15:16
0000123120,SWADDI FILLING STATION BHARAT PETROLEUM DEALERS,SWADDI FILLING STATION BHARAT PETROLEUM DEALERS,CHOWNKIMAN BHUNDRI ROAD,CHOWNKIMAN BHUNDRI ROAD,SWADIKALAN,LUDHIANA,Punjab,IN-23,142025,"CHOWNKIMAN BHUNDRI ROAD, CHOWNKIMAN BHUNDRI ROAD, SWADIKALAN, LUDHIANA, 142025, India",9501300133,swaddi123120@bpclretail.in,30.862141,75.583158,"DIESEL, PETROL","Automation, Pure_Sure, Air_Filling, TWO_FOUR_SEVEN",2026-09-02 16:15:16
0000166058,GOBIND FILLING STATION BHARAT PETROLEUM DEALERS,GOBIND FILLING STATION BHARAT PETROLEUM DEALERS,VILL TALWANDI RAI,TALWANDI RAI,TEH RAIKOT,LUDHIANA,Punjab,IN-23,141109,"VILL TALWANDI RAI, TALWANDI RAI, TEH RAIKOT, LUDHIANA, 141109, India",9349290001,gobind166058@bpclretail.in,30.704466,75.567849,"DIESEL, PETROL","Automation, Pure_Sure, Air_Filling, Parking, TWO_FOUR_SEVEN",2026-09-02 16:15:16
0000140190,HARMILAP FILLING STATION BHARAT PETROLEUM DEALERS,HARMILAP FILLING STATION BHARAT PETROLEUM DEALERS,"MACHHIWARA - NAWANSHAHR ROAD,",PO MACHHIWARA,VILL LAKHOWAL,LUDHIANA,Punjab,IN-23,141115,"MACHHIWARA - NAWANSHAHR ROAD,, PO MACHHIWARA, VILL LAKHOWAL, LUDHIANA, 141115, India",9914130049,harmilap140190@bpclretail.in,30.938211,76.176994,"DIESEL, PETROL","Automation, Pure_Sure, Air_Filling, Parking, TWO_FOUR_SEVEN",2026-09-02 16:15:16
0000146732,KAKKAR S FILL-N-FLY BHARAT PETROLEUM DEALERS,KAKKAR S FILL-N-FLY BHARAT PETROLEUM DEALERS,LADHOWAL - HAMBRAN ROAD,LADHOWAL - HAMBRAN ROAD,VILL NOORPUR BET,LUDHIANA,Punjab,IN-23,141008,"LADHOWAL - HAMBRAN ROAD, LADHOWAL - HAMBRAN ROAD, VILL NOORPUR BET, LUDHIANA, 141008, India",9915500006,kakkar146732@bpclretail.in,30.95661,75.729953,"DIESEL, PETROL","Automation, Pure_Sure, Air_Filling, TWO_FOUR_SEVEN",2026-09-02 16:15:16
0000126834,SAHEED DARSHAN FILLING STATION BHARAT PETROLEUM DEALERS,SAHEED DARSHAN FILLING STATION BHARAT PETROLEUM DEALERS,PO TAKHRAN,TEHSIL SAMRALA,VILLAGE IRAK,LUDHIANA,Punjab,IN-23,141115,"PO TAKHRAN, TEHSIL SAMRALA, VILLAGE IRAK, LUDHIANA, 141115, India",9779996647,saheeddarshan126834@bpclretail.in,30.9017,76.136845,"DIESEL, PETROL","Automation, Pure_Sure, Air_Filling, Parking, TWO_FOUR_SEVEN",2026-09-02 16:15:16
0000144931,JAI MATA PETROLEUM POINT BHARAT PETROLEUM DEALERS,JAI MATA PETROLEUM POINT BHARAT PETROLEUM DEALERS,HAMBRAN ROAD,HAMBRAN ROAD,VILLAGE PHAGLA,LUDHIANA,Punjab,IN-23,142027,"HAMBRAN ROAD, HAMBRAN ROAD, VILLAGE PHAGLA, LUDHIANA, 142027, India",9814823420,jaimata144931@bpclretail.in,30.929017,75.710614,"DIESEL, PETROL","Automation, Pure_Sure, Air_Filling, Parking, TWO_FOUR_SEVEN",2026-09-02 16:15:16
0000140919,PUNJAB OIL CARRIER BHARAT PETROLEUM DEALERS,PUNJAB OIL CARRIER BHARAT PETROLEUM DEALERS,SAHNEWAL - DEHLON ROAD,VILLAGE TIBBA,VILLAGE TIBBA,LUDHIANA,Punjab,IN-23,141120,"SAHNEWAL - DEHLON ROAD, VILLAGE TIBBA, VILLAGE TIBBA, LUDHIANA, 141120, India",9872490099,punjab140919@bpclretail.in,30.812385,75.953175,"DIESEL, PETROL, SPEED","Automation, Pure_Sure, Air_Filling, TWO_FOUR_SEVEN",2026-09-02 16:15:16
0000146731,SPK FUELS BHARAT PETROLEUM DEALERS,SPK FUELS BHARAT PETROLEUM DEALERS,SAMRALA - CHANDIGARH ROAD(LHS),BONDLI,BONDLI,"LUDHIANA, PUNJAB",Punjab,IN-23,141114,"SAMRALA - CHANDIGARH ROAD(LHS), BONDLI, BONDLI, LUDHIANA, PUNJAB, 141114, India",9915202233,spk146731@bpclretail.in,30.829633,76.224258,"DIESEL, PETROL","Automation, Pure_Sure, Air_Filling, Parking, TWO_FOUR_SEVEN",2026-09-02 16:15:16
0000135729,GURBUX SINGH KHEM SINGH - ADHO BHARAT PETROLEUM DEALERS,GURBUX SINGH KHEM SINGH - ADHO BHARAT PETROLEUM DEALERS,G T ROAD,,DORAHA,"LUDHIANA, PUNJAB",Punjab,IN-23,141421,"G T ROAD, , DORAHA, LUDHIANA, PUNJAB, 141421, India",,gurbuxsingh135729@bpclretail.in,30.784686,76.049724,,"Pure_Sure, Air_Filling, TWO_FOUR_SEVEN",2026-09-02 16:15:16
0000145857,RAJIV AUTO POWER BHARAT PETROLEUM DEALERS,RAJIV AUTO POWER BHARAT PETROLEUM DEALERS,"NH-1, LUDHIANA-DELHI ROAD",GAGGAR MAJRA,GAGGAR MAJRA,"LUDHIANA, PUNJAB",Punjab,IN-23,141412,"NH-1, LUDHIANA-DELHI ROAD, GAGGAR MAJRA, GAGGAR MAJRA, LUDHIANA, PUNJAB, 141412, India",9814022920,rajiv145857@bpclretail.in,30.74176,76.137019,"DIESEL, PETROL","Automation, Pure_Sure, Air_Filling, Parking, TWO_FOUR_SEVEN",2026-09-02 16:15:16
0000182527,DASHMESH FUELS BHARAT PETROLEUM DEALERS,DASHMESH FUELS BHARAT PETROLEUM DEALERS,MALERKOTLA ROAD,VILL GOPALPUR,GOPALPUR,"LUDHIANA, PUNJAB",Punjab,IN-23,141118,"MALERKOTLA ROAD, VILL GOPALPUR, GOPALPUR, LUDHIANA, PUNJAB, 141118, India",,harpal1974@yahoo.com,30.741541,75.848923,,Air_Filling,2026-09-02 16:15:16
0000176273,MOTHO RAM PREM CHAND - ADHOC BHARAT PETROLEUM DEALERS,MOTHO RAM PREM CHAND - ADHOC BHARAT PETROLEUM DEALERS,LUDHIANA  - MALERKOTLA ROAD,,GOPALPUR,"LUDHIANA, PUNJAB",Punjab,IN-23,141118,"LUDHIANA  - MALERKOTLA ROAD, , GOPALPUR, LUDHIANA, PUNJAB, 141118, India",,motho176273@bpclretail.in,30.741541,75.848923,,Air_Filling,2026-09-02 16:15:16
0000142473,SANT AUTO FUELS BHARAT PETROLEUM DEALERS,SANT AUTO FUELS BHARAT PETROLEUM DEALERS,LUDHIANA  - MALERKOTLA ROAD,,GOPALPUR,"LUDHIANA, PUNJAB",Punjab,IN-23,141118,"LUDHIANA  - MALERKOTLA ROAD, , GOPALPUR, LUDHIANA, PUNJAB, 141118, India",,santautofuels@yahoo.com,30.741541,75.848923,,Air_Filling,2026-09-02 16:15:16
0000178052,BAMBA FILLING STATION BHARAT PETROLEUM DEALERS,BAMBA FILLING STATION BHARAT PETROLEUM DEALERS,CHANDIGARH ROAD,VILL HEERAN,HIRAN,"LUDHIANA, PUNJAB",Punjab,IN-23,141112,"CHANDIGARH ROAD, VILL HEERAN, HIRAN, LUDHIANA, PUNJAB, 141112, India",9915085546,bamba178052@bpclretail.in,30.858083,76.041032,"DIESEL, PETROL, SPEED","Automation, Pure_Sure, Air_Filling, Parking, TWO_FOUR_SEVEN",2026-09-02 16:15:16
0000123114,BUAL FILLING STATION BHARAT PETROLEUM DEALERS,BUAL FILLING STATION BHARAT PETROLEUM DEALERS,KATANI KALAN,LUDHANA,KATNIKALAN,"LUDHIANA, PUNJAB",Punjab,IN-23,141113,"KATANI KALAN, LUDHANA, KATNIKALAN, LUDHIANA, PUNJAB, 141113, India",9872398988,bual123114@bpclretail.in,30.85093,76.08891,"DIESEL, PETROL, SPEED","Automation, Pure_Sure, Air_Filling, Parking, TWO_FOUR_SEVEN",2026-09-02 16:15:16
0000194546,LAKHOWAL FUELS ADHOC BHARAT PETROLEUM DEALERS,LAKHOWAL FUELS ADHOC BHARAT PETROLEUM DEALERS,,,KUMKALAN,"LUDHIANA, PUNJAB",Punjab,IN-23,141126,", , KUMKALAN, LUDHIANA, PUNJAB, 141126, India",9463080025,lakhowal181398@bpclretail.in,30.91224,76.070366,,"Automation, Air_Filling",2026-09-02 16:15:16
0000122090,AUTO POWER BHARAT PETROLEUM DEALERS,AUTO POWER BHARAT PETROLEUM DEALERS,URBAN ESTATE,PHASE - I,LUDHIANA,"LUDHIANA, PUNJAB",Punjab,IN-23,141001,"URBAN ESTATE, PHASE - I, LUDHIANA, LUDHIANA, PUNJAB, 141001, India",9814923033,autopower122090@bpclretail.in,30.872646,75.843983,"DIESEL, PETROL, SPEED","Automation, Air_Filling",2026-09-02 16:15:16
0000114759,AZAD FUEL CENTRE BHARAT PETROLEUM DEALERS,AZAD FUEL CENTRE BHARAT PETROLEUM DEALERS,CEMETRY ROAD,CIVIL LINES,LUDHIANA,"LUDHIANA, PUNJAB",Punjab,IN-23,141001,"CEMETRY ROAD, CIVIL LINES, LUDHIANA, LUDHIANA, PUNJAB, 141001, India",9216433544,azad114759@bpclretail.in,30.913946,75.838628,"DIESEL, PETROL, SPEED","Automation, Air_Filling",2026-09-02 16:15:16
0000126081,FIL AND FLY BHARAT PETROLEUM DEALERS,FIL AND FLY BHARAT PETROLEUM DEALERS,170/30 CHAWNI MOHALLA,CHAWNI MOHALLA,LUDHIANA,"LUDHIANA, PUNJAB",Punjab,IN-23,141003,"170/30 CHAWNI MOHALLA, CHAWNI MOHALLA, LUDHIANA, LUDHIANA, PUNJAB, 141003, India",9814923018,filandfly126081@bpclretail.in,30.923321,75.847205,"DIESEL, PETROL, SPEED","Automation, Pure_Sure, Air_Filling, TWO_FOUR_SEVEN",2026-09-02 16:15:16
0000114756,GOPICHAND ROSHAN LAL BHARAT PETROLEUM DEALERS,GOPICHAND ROSHAN LAL BHARAT PETROLEUM DEALERS,LUDHIANA CHD ROAD,SAMRALA ROAD,LUDHIANA,"LUDHIANA, PUNJAB",Punjab,IN-23,141003,"LUDHIANA CHD ROAD, SAMRALA ROAD, LUDHIANA, LUDHIANA, PUNJAB, 141003, India",9915002565,gopichand114756@bpclretail.in,30.909312,75.882777,"DIESEL, PETROL, SPEED","Automation, Pure_Sure, Air_Filling, TWO_FOUR_SEVEN",2026-09-02 16:15:16
0000139623,JAIN S PETROMART BHARAT PETROLEUM DEALERS,JAIN S PETROMART BHARAT PETROLEUM DEALERS,"B-23/2596, LINK ROAD",NEAR TRANSPORT NAGAR,LUDHIANA,"LUDHIANA, PUNJAB",Punjab,IN-23,141003,"B-23/2596, LINK ROAD, NEAR TRANSPORT NAGAR, LUDHIANA, LUDHIANA, PUNJAB, 141003, India",9855123005,jains139623@bpclretail.in,30.90315,75.875821,"DIESEL, PETROL, SPEED","Automation, Pure_Sure, Air_Filling, TWO_FOUR_SEVEN",2026-09-02 16:15:16
0000147091,KING URJA CENTER BHARAT PETROLEUM DEALERS,KING URJA CENTER BHARAT PETROLEUM DEALERS,DABA ROAD,DABA ROAD,LUDHIANA,"LUDHIANA, PUNJAB",Punjab,IN-23,141001,"DABA ROAD, DABA ROAD, LUDHIANA, LUDHIANA, PUNJAB, 141001, India",9814077500,kingurja147091@bpclretail.in,30.880546,75.889574,"DIESEL, PETROL, SPEED","Automation, Pure_Sure, Air_Filling, TWO_FOUR_SEVEN",2026-09-02 16:15:16
0000114758,LINK ROAD SERVICE STATION BHARAT PETROLEUM DEALERS,LINK ROAD SERVICE STATION BHARAT PETROLEUM DEALERS,LINK ROAD,GILL CHOWK,LUDHIANA,"LUDHIANA, PUNJAB",Punjab,IN-23,141003,"LINK ROAD, GILL CHOWK, LUDHIANA, LUDHIANA, PUNJAB, 141003, India",9872693335,linkroad114758@bpclretail.in,30.889483,75.857156,"DIESEL, PETROL, SPEED","Automation, Air_Filling",2026-09-02 16:15:16
0000114753,"MOTHU RAM PREM CHAND, A/C LUDH BHARAT PETROLEUM DEALERS","MOTHU RAM PREM CHAND, A/C LUDH BHARAT PETROLEUM DEALERS",SHERPUR CHOWK,FOCAL POINT,LUDHIANA,"LUDHIANA, PUNJAB",Punjab,IN-23,141003,"SHERPUR CHOWK, FOCAL POINT, LUDHIANA, LUDHIANA, PUNJAB, 141003, India",9814923456,mothuram114753@bpclretail.in,30.892049,75.889136,"DIESEL, PETROL, SPEED","Automation, Air_Filling",2026-09-02 16:15:16
0000164543,RISHI SERVICE STATION BHARAT PETROLEUM DEALERS,RISHI SERVICE STATION BHARAT PETROLEUM DEALERS,"OPP. PINK FLATS,",HAMBRAN ROAD,LUDHIANA,"LUDHIANA, PUNJAB",Punjab,IN-23,141001,"OPP. PINK FLATS,, HAMBRAN ROAD, LUDHIANA, LUDHIANA, PUNJAB, 141001, India",9855450030,rishi164543@bpclretail.in,30.917586,75.801241,"DIESEL, PETROL, SPEED","Automation, Parking, Air_Filling",2026-09-02 16:15:16
0000142475,ROYAL FUELS BHARAT PETROLEUM DEALERS,ROYAL FUELS BHARAT PETROLEUM DEALERS,OPP. CHHEWNVI PASHAI GURUDWARA,NEAR CMC HOSPITAL,LUDHIANA,"LUDHIANA, PUNJAB",Punjab,IN-23,141008,"OPP. CHHEWNVI PASHAI GURUDWARA, NEAR CMC HOSPITAL, LUDHIANA, LUDHIANA, PUNJAB, 141008, India",9814146154,royal142475@bpclretail.in,30.912001,75.864764,"DIESEL, PETROL, SPEED","Automation, Pure_Sure, Air_Filling, ATM, TWO_FOUR_SEVEN",2026-09-02 16:15:16
0000138654,SAI HI TECH FUELS BHARAT PETROLEUM DEALERS,SAI HI TECH FUELS BHARAT PETROLEUM DEALERS,OPP. SHAGUN PALACE LUDHIANA,"NR BABA THAN SINGH CHOWK,SAMRALA RD",LUDHIANA,"LUDHIANA, PUNJAB",Punjab,IN-23,141001,"OPP. SHAGUN PALACE LUDHIANA, NR BABA THAN SINGH CHOWK,SAMRALA RD, LUDHIANA, LUDHIANA, PUNJAB, 141001, India",9417947444,saihi138654@bpclretail.in,30.913768,75.868369,"DIESEL, PETROL, SPEED","Automation, Pure_Sure, Air_Filling, Parking, TWO_FOUR_SEVEN",2026-09-02 16:15:16
0000143052,BARON FUELS BHARAT PETROLEUM DEALERS,BARON FUELS BHARAT PETROLEUM DEALERS,"B-XXXI , 5670,5671/283",GURU ARJAN DEV NAGAR,LUDHIANA CITY,"LUDHIANA, PUNJAB",Punjab,IN-23,141008,"B-XXXI , 5670,5671/283, GURU ARJAN DEV NAGAR, LUDHIANA CITY, LUDHIANA, PUNJAB, 141008, India",7710391095,baron143052@bpclretail.in,30.911455,75.882779,"DIESEL, PETROL, SPEED","Automation, Pure_Sure, Air_Filling, TWO_FOUR_SEVEN",2026-09-02 16:15:16
0000142104,BHAGYA FUELS BHARAT PETROLEUM DEALERS,BHAGYA FUELS BHARAT PETROLEUM DEALERS,GILL CHOWK,MALERKOTLA ROAD,LUDHIANA CITY,"LUDHIANA, PUNJAB",Punjab,IN-23,141001,"GILL CHOWK, MALERKOTLA ROAD, LUDHIANA CITY, LUDHIANA, PUNJAB, 141001, India",9814726969,bhagya142104@bpclretail.in,30.877545,75.859045,"DIESEL, PETROL, SPEED","Automation, Pure_Sure, Air_Filling, TWO_FOUR_SEVEN",2026-09-02 16:15:16
0000142476,LUCKY AUTO FUEL BHARAT PETROLEUM DEALERS,LUCKY AUTO FUEL BHARAT PETROLEUM DEALERS,"8090, BLOCK-21",RANJIT NAGAR,LUDHIANA CITY,"LUDHIANA, PUNJAB",Punjab,IN-23,141003,"8090, BLOCK-21, RANJIT NAGAR, LUDHIANA CITY, LUDHIANA, PUNJAB, 141003, India",9316350000,lucky142476@bpclretail.in,30.874869,75.868473,"DIESEL, PETROL, SPEED","Automation, Air_Filling",2026-09-02 16:15:16
0000142718,NARANG FILLING STATION BHARAT PETROLEUM DEALERS,NARANG FILLING STATION BHARAT PETROLEUM DEALERS,SUNDERNAGAR,ON BASTI CHOWK - SUNDERNAGAR CHOWK,LUDHIANA CITY,"LUDHIANA, PUNJAB",Punjab,IN-23,141003,"SUNDERNAGAR, ON BASTI CHOWK - SUNDERNAGAR CHOWK, LUDHIANA CITY, LUDHIANA, PUNJAB, 141003, India",8197911452,narangfillingstation@yahoo.com,30.909,75.851326,,"Pure_Sure, Air_Filling, TWO_FOUR_SEVEN",2026-09-02 16:15:16
0000165986,PRATHAM ENTERPRISES BHARAT PETROLEUM DEALERS,PRATHAM ENTERPRISES BHARAT PETROLEUM DEALERS,JAIL ROAD,"BEHIND CIVIL HOSPITAL,FIELDGANJ",LUDHIANA CITY,"LUDHIANA, PUNJAB",Punjab,IN-23,141008,"JAIL ROAD, BEHIND CIVIL HOSPITAL,FIELDGANJ, LUDHIANA CITY, LUDHIANA, PUNJAB, 141008, India",7717628223,pratham165986@bpclretail.in,30.906019,75.861994,"DIESEL, PETROL, SPEED","Automation, Pure_Sure, Air_Filling, TWO_FOUR_SEVEN",2026-09-02 16:15:16
0000123113,JAIN HARMILAP FILLING SATION BHARAT PETROLEUM DEALERS,JAIN HARMILAP FILLING SATION BHARAT PETROLEUM DEALERS,MACCHIWARA,SAMRALA-GARSHANKAR ROAD,MACCHIWARA,"LUDHIANA, PUNJAB",Punjab,IN-23,141115,"MACCHIWARA, SAMRALA-GARSHANKAR ROAD, MACCHIWARA, LUDHIANA, PUNJAB, 141115, India",7087242949,jainharmilap123113@bpclretail.in,30.911646,76.193644,"DIESEL, PETROL, SPEED","Automation, Pure_Sure, Air_Filling, Parking, TWO_FOUR_SEVEN",2026-09-02 16:15:16
0000123111,JAIN SERVICE CENTRE BHARAT PETROLEUM DEALERS,JAIN SERVICE CENTRE BHARAT PETROLEUM DEALERS,MALERKOTLA ROAD,PAYAL,PAYAL,"LUDHIANA, PUNJAB",Punjab,IN-23,141416,"MALERKOTLA ROAD, PAYAL, PAYAL, LUDHIANA, PUNJAB, 141416, India",9872995600,jainsrv123111@bpclretail.in,30.724581,76.058137,"DIESEL, PETROL, SPEED","Automation, Pure_Sure, Air_Filling, TWO_FOUR_SEVEN",2026-09-02 16:15:16
0000123623,PAYAL FILLING STATION BHARAT PETROLEUM DEALERS,PAYAL FILLING STATION BHARAT PETROLEUM DEALERS,CHAWA ROAD,TEHSHIL PAYAL,PAYAL,"LUDHIANA, PUNJAB",Punjab,IN-23,141416,"CHAWA ROAD, TEHSHIL PAYAL, PAYAL, LUDHIANA, PUNJAB, 141416, India",9815324404,payal123623@bpclretail.in,30.727162,76.069264,"DIESEL, PETROL","Automation, Pure_Sure, Air_Filling, TWO_FOUR_SEVEN",2026-09-02 16:15:16
0000123122,SIDDHU FILLING STATION BHARAT PETROLEUM DEALERS,SIDDHU FILLING STATION BHARAT PETROLEUM DEALERS,NH 95,LUDHIANA-FEROZPUR ROAD,SIDWANKALAN,"LUDHIANA, PUNJAB",Punjab,IN-23,142026,"NH 95, LUDHIANA-FEROZPUR ROAD, SIDWANKALAN, LUDHIANA, PUNJAB, 142026, India",9417026015,siddhu123122@bpclretail.in,30.817425,75.544541,"DIESEL, PETROL","Automation, Pure_Sure, Air_Filling, TWO_FOUR_SEVEN",2026-09-02 16:15:16
0000142764,BHAGWATI FILLING STATION BHARAT PETROLEUM DEALERS,BHAGWATI FILLING STATION BHARAT PETROLEUM DEALERS,MALERKOTLA - KHANNA ROAD,PO MALERKOTLA,BUNGA,Malerkotla,Punjab,IN-23,148023,"MALERKOTLA - KHANNA ROAD, PO MALERKOTLA, BUNGA, Malerkotla, 148023, India",9814619600,bhagwati142764@bpclretail.in,30.552737,75.955061,"DIESEL, PETROL","Automation, Pure_Sure, Air_Filling, TWO_FOUR_SEVEN",2026-09-02 16:15:16
0000183075,DEEP FILLING STATION BHARAT PETROLEUM DEALERS,DEEP FILLING STATION BHARAT PETROLEUM DEALERS,OPP. TELEPHONE EXCHANGE,VPO KANGANWAL,KANGANWAL,Malerkotla,Punjab,IN-23,148023,"OPP. TELEPHONE EXCHANGE, VPO KANGANWAL, KANGANWAL, Malerkotla, 148023, India",6283270500,deepfil183075@bpclretail.in,30.617662,75.815512,"DIESEL, PETROL","Automation, Pure_Sure, Air_Filling, TWO_FOUR_SEVEN",2026-09-02 16:15:16
0000154493,GOLDEN FILLING STATION BHARAT PETROLEUM DEALERS,GOLDEN FILLING STATION BHARAT PETROLEUM DEALERS,KUPKALAN,SH-11,KUPKALAN,Malerkotla,Punjab,IN-23,148019,"KUPKALAN, SH-11, KUPKALAN, Malerkotla, 148019, India",8968959191,golden154493@bpclretail.in,30.608534,75.877773,"DIESEL, PETROL, SPEED","Automation, Pure_Sure, Air_Filling, Parking, TWO_FOUR_SEVEN",2026-09-02 16:15:16
0000169287,SHAKTI FILLING STATION BHARAT PETROLEUM DEALERS,SHAKTI FILLING STATION BHARAT PETROLEUM DEALERS,VILL MEHRNA KHURD,VILL MEHRNA KHURD,MAHERNA KHURD,Malerkotla,Punjab,IN-23,148021,"VILL MEHRNA KHURD, VILL MEHRNA KHURD, MAHERNA KHURD, Malerkotla, 148021, India",7973642170,shakti169287@bpclretail.in,30.657661,75.773595,"DIESEL, PETROL","Automation, Pure_Sure, Air_Filling, TWO_FOUR_SEVEN",2026-09-02 16:15:16
0000144825,ROORKEE FILLING STATION BHARAT PETROLEUM DEALERS,ROORKEE FILLING STATION BHARAT PETROLEUM DEALERS,MALERKOTLA - KHANNA ROAD,ROORKEE,ROORKEE,Malerkotla,Punjab,IN-23,148023,"MALERKOTLA - KHANNA ROAD, ROORKEE, ROORKEE, Malerkotla, 148023, India",8401000059,roorkee144825@bpclretail.in,30.566756,76.019793,"DIESEL, PETROL","Automation, Pure_Sure, Air_Filling, Parking, TWO_FOUR_SEVEN",2026-09-02 16:15:16
0000114791,APRA FILLING STATION BHARAT PETROLEUM DEALERS,APRA FILLING STATION BHARAT PETROLEUM DEALERS,"NAGAR ROAD,",DISTRICT JALANDHAR,APRA,NAWANSHAHAR,Punjab,IN-23,144416,"NAGAR ROAD,, DISTRICT JALANDHAR, APRA, NAWANSHAHAR, 144416, India",9855023949,apra114791@bpclretail.in,31.073178,75.865812,"DIESEL, PETROL, SPEED","Automation, Pure_Sure, Air_Filling, TWO_FOUR_SEVEN",2026-09-02 16:15:16
0000136028,HIGHWAY SERVICES (ADHOC) BHARAT PETROLEUM CORPORATION L,HIGHWAY SERVICES (ADHOC) BHARAT PETROLEUM CORPORATION L,"VILLAGE BAPROR,",NATIONAL HIGHWAY - 1,BAPROR,PATIALA,Punjab,IN-23,140501,"VILLAGE BAPROR,, NATIONAL HIGHWAY - 1, BAPROR, PATIALA, 140501, India",,srv136028@bpclretail.in,30.435697,76.679716,,Air_Filling,2026-09-02 16:15:14
0000123134,STAR RESORTS & SERVICE STATION BHARAT PETROLEUM DEALERS,STAR RESORTS & SERVICE STATION BHARAT PETROLEUM DEALERS,"NH-1,TEHSIL RAJPURA",G.T.ROAD,BAPROR,PATIALA,Punjab,IN-23,140417,"NH-1,TEHSIL RAJPURA, G.T.ROAD, BAPROR, PATIALA, 140417, India",8360660802,starresorts123134@bpclretail.in,30.425433,76.700044,"DIESEL, PETROL","Automation, Pure_Sure, Air_Filling, Parking, ATM, TWO_FOUR_SEVEN",2026-09-02 16:15:14
0000143049,AJIT FUELS BHARAT PETROLEUM DEALERS,AJIT FUELS BHARAT PETROLEUM DEALERS,PATIALA - SIRHIND ROAD,BARAN,BARAN,PATIALA,Punjab,IN-23,147001,"PATIALA - SIRHIND ROAD, BARAN, BARAN, PATIALA, 147001, India",9780147121,ajit143049@bpclretail.in,30.405156,76.404505,"DIESEL, PETROL, SPEED","Automation, Pure_Sure, Air_Filling, Parking, TWO_FOUR_SEVEN",2026-09-02 16:15:14
0000123139,VIKRAM OIL COMPANY BHARAT PETROLEUM DEALERS,VIKRAM OIL COMPANY BHARAT PETROLEUM DEALERS,NH-64,PATIALA RAJPURA ROAD,BHADAK,PATIALA,Punjab,IN-23,140401,"NH-64, PATIALA RAJPURA ROAD, BHADAK, PATIALA, 140401, India",9814045655,vikram123139@bpclretail.in,30.450219,76.562105,"DIESEL, PETROL, SPEED","Automation, Pure_Sure, Air_Filling, TWO_FOUR_SEVEN",2026-09-02 16:15:14
0000123132,MADAN LAL & SONS BHARAT PETROLEUM DEALERS,MADAN LAL & SONS BHARAT PETROLEUM DEALERS,"NH-1,TEHSIL RAJPURA",G.T.ROAD,CHAMARU,PATIALA,Punjab,IN-23,140401,"NH-1,TEHSIL RAJPURA, G.T.ROAD, CHAMARU, PATIALA, 140401, India",7206568881,madanlal123132@bpclretail.in,30.466081,76.629894,DIESEL,"Automation, Pure_Sure, Air_Filling, TWO_FOUR_SEVEN",2026-09-02 16:15:14
0000255047,DURGA PETRO MART BHARAT PETROLEUM DEALERS,DURGA PETRO MART BHARAT PETROLEUM DEALERS,MDR-31,PATIALA- SIRHIND ROAD,KASIANA,PATIALA,Punjab,IN-23,147006,"MDR-31, PATIALA- SIRHIND ROAD, KASIANA, PATIALA, 147006, India",7009022982,cc255047@bpclretail.in,30.433758,76.406944,"DIESEL, PETROL, SPEED","Pure_Sure, Air_Filling, TWO_FOUR_SEVEN",2026-09-02 16:15:14
0000239651,ARJAN ENERGY STATION BHARAT PETROLEUM DEALERS,ARJAN ENERGY STATION BHARAT PETROLEUM DEALERS,VILLAGE KASIANA,KASIANA,PATIALA,PATIALA,Punjab,IN-23,147001,"VILLAGE KASIANA, KASIANA, PATIALA, PATIALA, 147001, India",9988530027,cc239651@bpclretail.in,30.437213,76.4064655,"DIESEL, PETROL","Pure_Sure, Air_Filling, TWO_FOUR_SEVEN",2026-09-02 16:15:14
0000217497,DHINDSA PETRO POINT BHARAT PETROLEUM DEALERS,DHINDSA PETRO POINT BHARAT PETROLEUM DEALERS,VILL - DAUNKALA,PATIALA,PATIALA,PATIALA,Punjab,IN-23,147021,"VILL - DAUNKALA, PATIALA, PATIALA, PATIALA, 147021, India",8283879306,cc217497@bpclretail.in,30.3906599,76.4682725,"DIESEL, PETROL","Pure_Sure, Air_Filling, TWO_FOUR_SEVEN",2026-09-02 16:15:14
0000187044,GURJASS FILLING STATION BHARAT PETROLEUM DEALERS,GURJASS FILLING STATION BHARAT PETROLEUM DEALERS,VILLAGE NIAMATPUR,JANSUA POWER PLANT ROAD,RAJPURA,PATIALA,Punjab,IN-23,140401,"VILLAGE NIAMATPUR, JANSUA POWER PLANT ROAD, RAJPURA, PATIALA, 140401, India",9883600013,gurjass187044@bpclretail.in,30.518776,76.633323,"DIESEL, PETROL, SPEED","Automation, Pure_Sure, Air_Filling, TWO_FOUR_SEVEN",2026-09-02 16:15:14
0000223520,JB FUEL POINT BHARAT PETROLEUM DEALERS,JB FUEL POINT BHARAT PETROLEUM DEALERS,VILLAGE - DHINDSA,NH-07,RAJPURA,PATIALA,Punjab,IN-23,140401,"VILLAGE - DHINDSA, NH-07, RAJPURA, PATIALA, 140401, India",9814427867,cc223520@bpclretail.in,30.4271581,76.5358935,"DIESEL, PETROL","Pure_Sure, Air_Filling, TWO_FOUR_SEVEN",2026-09-02 16:15:14
0000123131,MADAN LAL & SONS BHARAT PETROLEUM DEALERS,MADAN LAL & SONS BHARAT PETROLEUM DEALERS,CHAMAROO,NH-44,RAJPURA,PATIALA,Punjab,IN-23,140401,"CHAMAROO, NH-44, RAJPURA, PATIALA, 140401, India",9466778866,madanlal123131@bpclretail.in,30.482904,76.599786,"PETROL, SPEED","Automation, Pure_Sure, Air_Filling, TWO_FOUR_SEVEN",2026-09-02 16:15:14
0000123129,NARAIN DASS KEWAL KUMAR BHARAT PETROLEUM DEALERS,NARAIN DASS KEWAL KUMAR BHARAT PETROLEUM DEALERS,RAJPURA,NEAR ALPS CINEMA,RAJPURA,PATIALA,Punjab,IN-23,140401,"RAJPURA, NEAR ALPS CINEMA, RAJPURA, PATIALA, 140401, India",9814566664,naraindass123129@bpclretail.in,30.480522,76.594133,"DIESEL, PETROL, SPEED","Automation, Pure_Sure, Air_Filling, Parking, TWO_FOUR_SEVEN",2026-09-02 16:15:14
0000123130,RAJPURA SERVICE STATION BHARAT PETROLEUM DEALERS,RAJPURA SERVICE STATION BHARAT PETROLEUM DEALERS,NH 64,CHANDIGARH RAJPURA ROAD,RAJPURA,PATIALA,Punjab,IN-23,140401,"NH 64, CHANDIGARH RAJPURA ROAD, RAJPURA, PATIALA, 140401, India",9958880757,rajpura123130@bpclretail.in,30.493611,76.60245,,"Automation, Pure_Sure, Air_Filling, TWO_FOUR_SEVEN",2026-09-02 16:15:14
0000229568,S.GURCHARAN SINGH & SONS BHARAT PETROLEUM DEALERS,S.GURCHARAN SINGH & SONS BHARAT PETROLEUM DEALERS,VILLAGE - KHAIRPUR JATTAN,KHAIRPUR,RAJPURA,PATIALA,Punjab,IN-23,140401,"VILLAGE - KHAIRPUR JATTAN, KHAIRPUR, RAJPURA, PATIALA, 140401, India",9463266794,cc229568@bpclretail.in,30.430805,76.5788058,"DIESEL, PETROL","Pure_Sure, Air_Filling, TWO_FOUR_SEVEN",2026-09-02 16:15:14
0000146010,MUNISH AUTO CENTRE BHARAT PETROLEUM DEALERS,MUNISH AUTO CENTRE BHARAT PETROLEUM DEALERS,VILL. SAID KHERI,TEHSIL. RAJPURA,SAIDKHERI,PATIALA,Punjab,IN-23,140401,"VILL. SAID KHERI, TEHSIL. RAJPURA, SAIDKHERI, PATIALA, 140401, India",9888017324,munish146010@bpclretail.in,30.457891,76.582384,"DIESEL, PETROL","Automation, Pure_Sure, Air_Filling, Parking, TWO_FOUR_SEVEN",2026-09-02 16:15:14
0000123133,HIGHWAY SERVICES BHARAT PETROLEUM DEALERS,HIGHWAY SERVICES BHARAT PETROLEUM DEALERS,NH 1,G.T. ROAD,SHAMBHU,PATIALA,Punjab,IN-23,140417,"NH 1, G.T. ROAD, SHAMBHU, PATIALA, 140417, India",9815228855,srv123133@bpclretail.in,30.435505,76.679936,"DIESEL, PETROL, SPEED, SPEED 100 BS IV","Automation, Air_Filling, Parking, ATM",2026-09-02 16:15:14
0000123125,DWARKA DASS & SONS BHARAT PETROLEUM DEALERS,DWARKA DASS & SONS BHARAT PETROLEUM DEALERS,"NH 1,P.O BASANT PURA",G.T. ROAD,UGANA,PATIALA,Punjab,IN-23,140401,"NH 1,P.O BASANT PURA, G.T. ROAD, UGANA, PATIALA, 140401, India",9814205079,dwarkadass123125@bpclretail.in,30.516007,76.544003,"DIESEL, PETROL","Automation, Pure_Sure, Air_Filling, Parking, TWO_FOUR_SEVEN",2026-09-02 16:15:14
0000149348,GURU NANAK PETRO MALL BHARAT PETROLEUM DEALERS,GURU NANAK PETRO MALL BHARAT PETROLEUM DEALERS,VILL. CHAMARHERI,"NH 64, CHANDIGARH-PATIALA ROAD",CHAMARHERI,"PATIALA, PUNJAB",Punjab,IN-23,147021,"VILL. CHAMARHERI, NH 64, CHANDIGARH-PATIALA ROAD, CHAMARHERI, PATIALA, PUNJAB, 147021, India",9217700004,gurunanak149348@bpclretail.in,30.386036,76.492107,"DIESEL, PETROL, SPEED","Automation, Air_Filling",2026-09-02 16:15:14
0000148901,BASATI FILLING STATION BHARAT PETROLEUM DEALERS,BASATI FILLING STATION BHARAT PETROLEUM DEALERS,VILL. PABRI,PO. PABRI,PABRI,"PATIALA, PUNJAB",Punjab,IN-23,140401,"VILL. PABRI, PO. PABRI, PABRI, PATIALA, PUNJAB, 140401, India",,sangd148901@yahoo.in,30.467059,76.568956,,Air_Filling,2026-09-02 16:15:14
0000146006,SATKAR FILLING CENTRE BHARAT PETROLEUM DEALERS,SATKAR FILLING CENTRE BHARAT PETROLEUM DEALERS,VILL. SEHRA,TEHSIL RAJPURA,SEHRA,"PATIALA, PUNJAB",Punjab,IN-23,140401,"VILL. SEHRA, TEHSIL RAJPURA, SEHRA, PATIALA, PUNJAB, 140401, India",9417379851,satkar146006@bpclretail.in,30.468731,76.477311,"DIESEL, PETROL","Automation, Pure_Sure, Air_Filling, TWO_FOUR_SEVEN",2026-09-02 16:15:14
0000181810,S.PREM SINGH & SONS PETRO POIN BHARAT PETROLEUM DEALERS,S.PREM SINGH & SONS PETRO POIN BHARAT PETROLEUM DEALERS,KAULI TO BHAT MAJRA ROAD,TEHSIL RAJPURA,VILLAGE AJRAWAR,"PATIALA, PUNJAB",Punjab,IN-23,140401,"KAULI TO BHAT MAJRA ROAD, TEHSIL RAJPURA, VILLAGE AJRAWAR, PATIALA, PUNJAB, 140401, India",9872328133,sprems181810@bpclretail.in,30.378433,76.537889,"DIESEL, PETROL","Automation, Pure_Sure, Air_Filling, TWO_FOUR_SEVEN",2026-09-02 16:15:14
0000176604,DESTINATION FILLING STATION BHARAT PETROLEUM DEALERS,DESTINATION FILLING STATION BHARAT PETROLEUM DEALERS,OPPOSITE STATE BANK OF PATIALA,BELA,BELA,ROOPNAGAR,Punjab,IN-23,140111,"OPPOSITE STATE BANK OF PATIALA, BELA, BELA, ROOPNAGAR, 140111, India",9810031172,destination176604@bpclretail.in,30.936756,76.407183,"DIESEL, PETROL","Automation, Pure_Sure, Air_Filling, Parking, TWO_FOUR_SEVEN",2026-09-02 16:15:14
0000164853,BP-CHAKLAN BHARAT PETROLEUM CORPN LTD.,BP-CHAKLAN BHARAT PETROLEUM CORPN LTD.,VILLAGE - CHAKLAN,CHAKLAN,CHAKLAN,ROOPNAGAR,Punjab,IN-23,140023,"VILLAGE - CHAKLAN, CHAKLAN, CHAKLAN, ROOPNAGAR, 140023, India",9108084488,bp164853@bpclretail.in,30.88278,76.552477,"DIESEL, PETROL, SPEED","Automation, Pure_Sure, Air_Filling, Parking, TWO_FOUR_SEVEN",2026-09-02 16:15:14
0000166662,DASHMESH FUEL POINT BHARAT PETROLEUM DEALERS,DASHMESH FUEL POINT BHARAT PETROLEUM DEALERS,NEAR FCI GODOWN,CHAMKAUR SAHIB,CHAMKAUR SAHIB,ROOPNAGAR,Punjab,IN-23,140112,"NEAR FCI GODOWN, CHAMKAUR SAHIB, CHAMKAUR SAHIB, ROOPNAGAR, 140112, India",9855084881,dashmesh166662@bpclretail.in,30.893127,76.42332,"DIESEL, PETROL","Automation, Pure_Sure, Air_Filling, Parking, TWO_FOUR_SEVEN",2026-09-02 16:15:14
0000223348,GANPATI FILLING STATION BHARAT PETROLEUM DEALERS,GANPATI FILLING STATION BHARAT PETROLEUM DEALERS,VILL DHOOMCHERRI DIST RUPNAGAR,VILL DHOOMCHERRI DIST RUPNAGAR,DHOMCHERRI,ROOPNAGAR,Punjab,IN-23,146001,"VILL DHOOMCHERRI DIST RUPNAGAR, VILL DHOOMCHERRI DIST RUPNAGAR, DHOMCHERRI, ROOPNAGAR, 146001, India",9653100011,ganpatifs223348@bpclretail.in,30.766527,76.462364,"DIESEL, PETROL","Automation, Pure_Sure, Air_Filling, TWO_FOUR_SEVEN",2026-09-02 16:15:14
0000123162,LAKSHMI CHAND RAM SARAN DASS BHARAT PETROLEUM DEALERS,LAKSHMI CHAND RAM SARAN DASS BHARAT PETROLEUM DEALERS,NH 21,ROPAR NANGAL ROAD,KHWASPURA,ROOPNAGAR,Punjab,IN-23,140001,"NH 21, ROPAR NANGAL ROAD, KHWASPURA, ROOPNAGAR, 140001, India",9814013699,lakshmi123162@bpclretail.in,30.989461,76.544554,DIESEL,"Automation, Pure_Sure, Air_Filling, TWO_FOUR_SEVEN",2026-09-02 16:15:14
0000178274,IQBAL FILLING STATION BHARAT PETROLEUM DEALERS,IQBAL FILLING STATION BHARAT PETROLEUM DEALERS,KISHANPURA - DHANGRALI,KURALI MORINDA ROAD,KISHANPURA,ROOPNAGAR,Punjab,IN-23,140101,"KISHANPURA - DHANGRALI, KURALI MORINDA ROAD, KISHANPURA, ROOPNAGAR, 140101, India",9988041016,iqbal178274@bpclretail.in,30.800465,76.5263,"DIESEL, PETROL","Automation, Pure_Sure, Air_Filling, TWO_FOUR_SEVEN",2026-09-02 16:15:14
0000147493,MOHAN TRANSPORT COMPANY BHARAT PETROLEUM DEALERS,MOHAN TRANSPORT COMPANY BHARAT PETROLEUM DEALERS,VILL.- LOHGARH FIDDAY,NEAR AMBUJA CEMENT FACTORY,LOHGARH FIDDAY,ROOPNAGAR,Punjab,IN-23,140117,"VILL.- LOHGARH FIDDAY, NEAR AMBUJA CEMENT FACTORY, LOHGARH FIDDAY, ROOPNAGAR, 140117, India",8146790863,mohan147493@bpclretail.in,31.022205,76.557068,"DIESEL, PETROL","Automation, Pure_Sure, Air_Filling, Parking, TWO_FOUR_SEVEN",2026-09-02 16:15:14
0000193164,BABA CHUHAR SINGH FILLING STAT BHARAT PETROLEUM DEALERS,BABA CHUHAR SINGH FILLING STAT BHARAT PETROLEUM DEALERS,VILLAGE- MALLIKPUR,"AMBUJA PLANT ROAD,",MALLIKPUR,ROOPNAGAR,Punjab,IN-23,140117,"VILLAGE- MALLIKPUR, AMBUJA PLANT ROAD,, MALLIKPUR, ROOPNAGAR, 140117, India",9417255093,babachuhar193164@bpclretail.in,31.006309,76.557804,"DIESEL, PETROL","Automation, Pure_Sure, Air_Filling, TWO_FOUR_SEVEN",2026-09-02 16:15:14
0000123160,BABU RAM & SONS BHARAT PETROLEUM DEALERS,BABU RAM & SONS BHARAT PETROLEUM DEALERS,,CHANDIGARH LUDHIANA ROAD,MORINDA,ROOPNAGAR,Punjab,IN-23,140101,", CHANDIGARH LUDHIANA ROAD, MORINDA, ROOPNAGAR, 140101, India",9814820032,baburam123160@bpclretail.in,30.793704,76.497102,"DIESEL, PETROL, SPEED","Automation, Pure_Sure, Air_Filling, TWO_FOUR_SEVEN",2026-09-02 16:15:14
0000267385,LUXMI ENERGY SOLUTION BHARAT PETROLEUM DEALERS,LUXMI ENERGY SOLUTION BHARAT PETROLEUM DEALERS,DHIANPURA VILLAGE,MORINDA TEHSIL,ROOPNAGAR,ROOPNAGAR,Punjab,IN-23,140103,"DHIANPURA VILLAGE, MORINDA TEHSIL, ROOPNAGAR, ROOPNAGAR, 140103, India",8430100007,atul24001@gmail.com,30.821961,76.563073,"DIESEL, PETROL, SPEED",Air_Filling,2026-09-02 16:15:14
0000123166,CHAMKOUR SAHIB PETRO SERVICES BHARAT PETROLEUM DEALERS,CHAMKOUR SAHIB PETRO SERVICES BHARAT PETROLEUM DEALERS,,MORINDA CHAMKOUR SAHIB ROAD,ROORKEE HEERAN,ROOPNAGAR,Punjab,IN-23,140101,", MORINDA CHAMKOUR SAHIB ROAD, ROORKEE HEERAN, ROOPNAGAR, 140101, India",,chamkour123166@bpclretail.in,30.828255,76.450424,,"Automation, Air_Filling",2026-09-02 16:15:14
0000155872,PARDHAN FILLING STATION BHARAT PETROLEUM DEALERS,PARDHAN FILLING STATION BHARAT PETROLEUM DEALERS,VILLAGE - CHAUNTA KALAN,VILLAGE - CHAUNTA KALAN,TEH CHAMKAUR SAHIB,ROOPNAGAR,Punjab,IN-23,140112,"VILLAGE - CHAUNTA KALAN, VILLAGE - CHAUNTA KALAN, TEH CHAMKAUR SAHIB, ROOPNAGAR, 140112, India",9417047022,pardhan155872@bpclretail.in,30.928437,76.453318,"DIESEL, PETROL","Automation, Pure_Sure, Air_Filling, Parking, TWO_FOUR_SEVEN",2026-09-02 16:15:14
0000213543,SHRI CHAMKAUR SAHIB SERVICE ST BHARAT PETROLEUM DEALERS,SHRI CHAMKAUR SAHIB SERVICE ST BHARAT PETROLEUM DEALERS,VILLAGE ROORKI HERAN,ROOPNAGAR,VILLAGE RURKI,ROOPNAGAR,Punjab,IN-23,140101,"VILLAGE ROORKI HERAN, ROOPNAGAR, VILLAGE RURKI, ROOPNAGAR, 140101, India",9216568615,shricha213543@bpclretail.in,30.848236,76.429764,"DIESEL, PETROL","Pure_Sure, Air_Filling, TWO_FOUR_SEVEN",2026-09-02 16:15:14
0000145796,CHAUDHARY FILLING STATION BHARAT PETROLEUM DEALERS,CHAUDHARY FILLING STATION BHARAT PETROLEUM DEALERS,PLOT NO 3140,COLLEGE ROAD,ROOPNAGAR,"ROOPNAGAR, PUNJAB",Punjab,IN-23,140001,"PLOT NO 3140, COLLEGE ROAD, ROOPNAGAR, ROOPNAGAR, PUNJAB, 140001, India",9814300716,chaudhary145796@bpclretail.in,30.974906,76.521206,"DIESEL, PETROL, SPEED","Automation, Pure_Sure, Air_Filling, TWO_FOUR_SEVEN",2026-09-02 16:15:14
0000176104,MALHOTRA FILLING STATION(ADHOC BHARAT PETROLEUM DEALERS,MALHOTRA FILLING STATION(ADHOC BHARAT PETROLEUM DEALERS,NH 1 GT ROAD,,KHANNA,"RUPAR, PUNJAB",Punjab,IN-23,141401,"NH 1 GT ROAD, , KHANNA, RUPAR, PUNJAB, 141401, India",,malhotra176104@bpclretail.in,30.70118,76.228874,,Air_Filling,2026-09-02 16:15:16
0000183823,SAHIBDEEP FILLING STATION BHARAT PETROLEUM DEALERS,SAHIBDEEP FILLING STATION BHARAT PETROLEUM DEALERS,MORINDA BY PASS,KHARAR LUDHIANA ROAD ON RHS,ROOPNAGAR,"RUPAR, PUNJAB",Punjab,IN-23,140101,"MORINDA BY PASS, KHARAR LUDHIANA ROAD ON RHS, ROOPNAGAR, RUPAR, PUNJAB, 140101, India",9872706767,sahibdeep183823@bpclretail.in,30.7865,76.4765,"DIESEL, PETROL","Automation, Pure_Sure, Air_Filling, TWO_FOUR_SEVEN",2026-09-02 16:15:14
0000123161,LAKSHMI CHAND RAM SARAN DASS,LAKSHMI CHAND RAM SARAN DASS,NEAR CANAL BUS STAND,OLD BUS STAND NEAR CANAL,RUPAR,RUPNAGAR,Punjab,IN-23,140001,"NEAR CANAL BUS STAND, OLD BUS STAND NEAR CANAL, RUPAR, RUPNAGAR, 140001, India",9814013699,lakshmi123161@bpclretail.in,30.966654,76.533172,"PETROL, SPEED","Automation, Pure_Sure, Air_Filling, TWO_FOUR_SEVEN",2026-09-02 16:15:14
0000158327,DEFENCE SERVICE STATION BHARAT PETROLEUM DEALERS,DEFENCE SERVICE STATION BHARAT PETROLEUM DEALERS,NEAR FAUJI COLONY,BANUR,BANUR,S.A.S. NAGAR,Punjab,IN-23,140601,"NEAR FAUJI COLONY, BANUR, BANUR, S.A.S. NAGAR, 140601, India",9988464429,defence158327@bpclretail.in,30.569879,76.716438,"DIESEL, PETROL","Automation, Pure_Sure, Air_Filling, Parking, TWO_FOUR_SEVEN",2026-09-02 16:15:14
0000123138,SACHA SAUDA SERVICE STATION BHARAT PETROLEUM DEALERS,SACHA SAUDA SERVICE STATION BHARAT PETROLEUM DEALERS,NH 64,CHANDIGARH RAJPURA ROAD,BANUR,S.A.S. NAGAR,Punjab,IN-23,140601,"NH 64, CHANDIGARH RAJPURA ROAD, BANUR, S.A.S. NAGAR, 140601, India",9780388352,sacha123138@bpclretail.in,30.553767,76.71407,"DIESEL, PETROL","Automation, Pure_Sure, Air_Filling, TWO_FOUR_SEVEN",2026-09-02 16:15:14
0000154495,SUPREME-22 FILLING STATION BHARAT PETROLEUM DEALERS,SUPREME-22 FILLING STATION BHARAT PETROLEUM DEALERS,PLOT NO 913-915,VILLAGE- DAPPAR,DAPPAR,S.A.S. NAGAR,Punjab,IN-23,140506,"PLOT NO 913-915, VILLAGE- DAPPAR, DAPPAR, S.A.S. NAGAR, 140506, India",9217800061,supreme22154495@bpclretail.in,30.518264,76.809549,"DIESEL, PETROL, SPEED","In_Out, Automation, Pure_Sure, Air_Filling, TWO_FOUR_SEVEN",2026-09-02 16:15:14
0000214406,A K FILLERS BHARAT PETROLEUM DEALERS,A K FILLERS BHARAT PETROLEUM DEALERS,"DEHAR, LALRU",AMBALA - CHANDIGARH ROAD NH-22,"DEHAR, LALRU",S.A.S. NAGAR,Punjab,IN-23,140501,"DEHAR, LALRU, AMBALA - CHANDIGARH ROAD NH-22, DEHAR, LALRU, S.A.S. NAGAR, 140501, India",9417053932,akfille214406@bpclretail.in,30.473937,76.794316,"DIESEL, PETROL","Automation, Pure_Sure, Air_Filling, TWO_FOUR_SEVEN",2026-09-02 16:15:14
0000135078,AAR BEE SALES BHARAT PETROLEUM DEALERS,AAR BEE SALES BHARAT PETROLEUM DEALERS,VILLAGE DEHAR TEH DERABASSI,AMBALA - CHANDIGARH ROAD,"DEHAR, LALRU",S.A.S. NAGAR,Punjab,IN-23,140501,"VILLAGE DEHAR TEH DERABASSI, AMBALA - CHANDIGARH ROAD, DEHAR, LALRU, S.A.S. NAGAR, 140501, India",,aarbee135078@bpclretail.in,30.473937,76.794316,,"Automation, Pure_Sure, Air_Filling, TWO_FOUR_SEVEN",2026-09-02 16:15:14
0000202448,MAA JAGDAMBAY FILLING STATION BHARAT PETROLEUM DEALERS,MAA JAGDAMBAY FILLING STATION BHARAT PETROLEUM DEALERS,VILLAGE JEOLI,,DERA BASSI,S.A.S. NAGAR,Punjab,IN-23,140501,"VILLAGE JEOLI, , DERA BASSI, S.A.S. NAGAR, 140501, India",9463618622,maajagd202448@bpclretail.in,30.496147,76.8783,"DIESEL, PETROL","Automation, Pure_Sure, Air_Filling, TWO_FOUR_SEVEN",2026-09-02 16:15:14
0000225796,EVERGREEN PETROLEUM BHARAT PETROLEUM DEALERS,EVERGREEN PETROLEUM BHARAT PETROLEUM DEALERS,"AMBALA CHANDIGARH ROAD,DERABASSI, N","DISTRICT SAS NAGAR, PUNJAB",DERABASSI,S.A.S. NAGAR,Punjab,IN-23,140506,"AMBALA CHANDIGARH ROAD,DERABASSI, N, DISTRICT SAS NAGAR, PUNJAB, DERABASSI, S.A.S. NAGAR, 140506, India",9814010076,evergreenpe225796@bpclretail.in,30.573809,76.837357,"DIESEL, PETROL, SPEED","Automation, Pure_Sure, Air_Filling, TWO_FOUR_SEVEN",2026-09-02 16:15:14
0000214241,SHRIDHAM PETRO BHARAT PETROLEUM DEALERS,SHRIDHAM PETRO BHARAT PETROLEUM DEALERS,VILLAGE HUMAYUNPUR,SAS NAGAR,DERABASSI,S.A.S. NAGAR,Punjab,IN-23,140507,"VILLAGE HUMAYUNPUR, SAS NAGAR, DERABASSI, S.A.S. NAGAR, 140507, India",9814437549,shridha214241@bpclretail.in,30.423483,76.878799,"DIESEL, PETROL","Pure_Sure, Air_Filling, TWO_FOUR_SEVEN",2026-09-02 16:15:14
0000123137,HIRDA RAM MANSA RAM BHARAT PETROLEUM DEALERS,HIRDA RAM MANSA RAM BHARAT PETROLEUM DEALERS,NH 22,CHANDIGARH AMBALA ROAD,DERRA BASSI,S.A.S. NAGAR,Punjab,IN-23,140507,"NH 22, CHANDIGARH AMBALA ROAD, DERRA BASSI, S.A.S. NAGAR, 140507, India",9814008741,hirdaram123137@bpclretail.in,30.5905,76.8466,"DIESEL, PETROL, SPEED","Automation, Pure_Sure, Air_Filling, TWO_FOUR_SEVEN",2026-09-02 16:15:14
0000123136,HIRDA RAM MANSA RAM BHARAT PETROLEUM DEALERS,HIRDA RAM MANSA RAM BHARAT PETROLEUM DEALERS,PO MUBARAKPUR,GHAGGAR,GHAGGAR MAJRA,S.A.S. NAGAR,Punjab,IN-23,140507,"PO MUBARAKPUR, GHAGGAR, GHAGGAR MAJRA, S.A.S. NAGAR, 140507, India",9888337475,hirdaram123136@bpclretail.in,30.614466,76.851264,"DIESEL, PETROL, SPEED","Automation, Pure_Sure, Air_Filling, TWO_FOUR_SEVEN",2026-09-02 16:15:14
0000237789,CHANDIGARH FUEL STATION BHARAT PETROLEUM DEALERS,CHANDIGARH FUEL STATION BHARAT PETROLEUM DEALERS,HUSAINUR MOHALI SAS NAGAR,HUSAINUR MOHALI SAS NAGAR,KHARAR,S.A.S. NAGAR,Punjab,IN-23,140301,"HUSAINUR MOHALI SAS NAGAR, HUSAINUR MOHALI SAS NAGAR, KHARAR, S.A.S. NAGAR, 140301, India",9876129985,chandigarhfuelstation@gmail.com,30.7743,76.6795,"DIESEL, PETROL, SPEED","Pure_Sure, Air_Filling, TWO_FOUR_SEVEN",2026-09-02 16:15:14
0000176679,GURU NANAK ENERGY STATION BHARAT PETROLEUM DEALERS,GURU NANAK ENERGY STATION BHARAT PETROLEUM DEALERS,VILLAGE MAJATRI,,KHARAR,S.A.S. NAGAR,Punjab,IN-23,140307,"VILLAGE MAJATRI, , KHARAR, S.A.S. NAGAR, 140307, India",9876092770,guru176679@bpclretail.in,30.68019,76.598759,"DIESEL, PETROL, SPEED","Automation, Pure_Sure, Air_Filling, Parking, TWO_FOUR_SEVEN",2026-09-02 16:15:14
0000123159,AAR BEE SALES BHARAT PETROLEUM DEALERS,AAR BEE SALES BHARAT PETROLEUM DEALERS,NH 21,CHANDIGARH ROPAR RAOD,KURALI,S.A.S. NAGAR,Punjab,IN-23,140103,"NH 21, CHANDIGARH ROPAR RAOD, KURALI, S.A.S. NAGAR, 140103, India",9814092711,aarbee123159@bpclretail.in,30.831638,76.580021,"DIESEL, PETROL, SPEED","Automation, Pure_Sure, Air_Filling, TWO_FOUR_SEVEN",2026-09-02 16:15:14
0000169430,BHATTI FUELS STATION BHARAT PETROLEUM DEALERS,BHATTI FUELS STATION BHARAT PETROLEUM DEALERS,"VILLAGE BHAGO MAJRA,NEAR LANDRAN","VILLAGE BHAGO MAJRA,NEAR LANDRAN",MOHALI,S.A.S. NAGAR,Punjab,IN-23,140307,"VILLAGE BHAGO MAJRA,NEAR LANDRAN, VILLAGE BHAGO MAJRA,NEAR LANDRAN, MOHALI, S.A.S. NAGAR, 140307, India",9781119555,bhatti169430@bpclretail.in,30.669192,76.672743,"DIESEL, PETROL","Automation, Pure_Sure, Air_Filling, TWO_FOUR_SEVEN",2026-09-02 16:15:14
0000214572,AERO PETRO BHARAT PETROLEUM DEALERS,AERO PETRO BHARAT PETROLEUM DEALERS,VILLAGE SIAU,TEHSIL- MOHALI,S.A.S. NAGAR,S.A.S. NAGAR,Punjab,IN-23,140306,"VILLAGE SIAU, TEHSIL- MOHALI, S.A.S. NAGAR, S.A.S. NAGAR, 140306, India",9814500577,,30.634197,76.739786,"DIESEL, PETROL",Air_Filling,2026-09-02 16:15:14
0000212962,BHIM ENTERPRISES BHARAT PETROLEUM DEALERS,BHIM ENTERPRISES BHARAT PETROLEUM DEALERS,VILLAGESAHAURAN CHD KHARAR NH,NH205 KHARAR SAS NAGAR,SAHAURAN,S.A.S. NAGAR,Punjab,IN-23,140301,"VILLAGESAHAURAN CHD KHARAR NH, NH205 KHARAR SAS NAGAR, SAHAURAN, S.A.S. NAGAR, 140301, India",9871158574,bhiment212962@bpclretail.in,30.78363,76.614105,"DIESEL, PETROL","Automation, Air_Filling",2026-09-02 16:15:14
0000139443,NANAK FILLING STATION BHARAT PETROLEUM DEALERS,NANAK FILLING STATION BHARAT PETROLEUM DEALERS,"SECTOR- 103 , KHARAR - BANUR ROAD",SAS NAGAR MOHALI,SANETA,S.A.S. NAGAR,Punjab,IN-23,140306,"SECTOR- 103 , KHARAR - BANUR ROAD, SAS NAGAR MOHALI, SANETA, S.A.S. NAGAR, 140306, India",9216060000,nanak139443@bpclretail.in,30.636793,76.686955,"DIESEL, PETROL, SPEED","Automation, Pure_Sure, Air_Filling, TWO_FOUR_SEVEN",2026-09-02 16:15:14
0000183820,EVERGREEN FILLING STATION BHARAT PETROLEUM DEALERS,EVERGREEN FILLING STATION BHARAT PETROLEUM DEALERS,VILLAGE-JALALPUR,LEHLI BANUR ROAD,SAS NAGAR,S.A.S. NAGAR,Punjab,IN-23,140507,"VILLAGE-JALALPUR, LEHLI BANUR ROAD, SAS NAGAR, S.A.S. NAGAR, 140507, India",9855687200,evergree183820@bpclretail.in,30.515055,76.786919,"DIESEL, PETROL","Automation, Pure_Sure, Air_Filling, Parking, TWO_FOUR_SEVEN",2026-09-02 16:15:14
0000220805,SAWHNEY FILLING STATION BHARAT PETROLEUM DEALERS,SAWHNEY FILLING STATION BHARAT PETROLEUM DEALERS,"VILLAGE BALLOMAJRA, OPP V.R. MALL",CHANDIGARH- MOHALI- KHARAR ROAD,SAS NAGAR,S.A.S. NAGAR,Punjab,IN-23,140301,"VILLAGE BALLOMAJRA, OPP V.R. MALL, CHANDIGARH- MOHALI- KHARAR ROAD, SAS NAGAR, S.A.S. NAGAR, 140301, India",7814500059,sawhneyfs220805@bpclretail.in,30.73967,76.67823,"DIESEL, PETROL, SPEED","Automation, Pure_Sure, Air_Filling, TWO_FOUR_SEVEN",2026-09-02 16:15:14
0000187579,SHIVALIK FILLING STATION BHARAT PETROLEUM DEALERS,SHIVALIK FILLING STATION BHARAT PETROLEUM DEALERS,"VILLAGE-CHANDPUR, TEH-MAJARI",KURALI-SISWAN ROAD,SAS NAGAR,S.A.S. NAGAR,Punjab,IN-23,140110,"VILLAGE-CHANDPUR, TEH-MAJARI, KURALI-SISWAN ROAD, SAS NAGAR, S.A.S. NAGAR, 140110, India",8146456068,shivali187579@bpclretail.in,30.8338,76.6543,"DIESEL, PETROL","Automation, Pure_Sure, Air_Filling, Parking, TWO_FOUR_SEVEN",2026-09-02 16:15:14
0000239678,SHREE BALAJI FILLING STATION BHARAT PETROLEUM DEALERS,SHREE BALAJI FILLING STATION BHARAT PETROLEUM DEALERS,"VILLAGE MANOLI SURAT, TEHSIL DERABA","VILLAGE MANOLI SURAT, TEHSIL DERABA",SAS NAGAR,S.A.S. NAGAR,Punjab,IN-23,140601,"VILLAGE MANOLI SURAT, TEHSIL DERABA, VILLAGE MANOLI SURAT, TEHSIL DERABA, SAS NAGAR, S.A.S. NAGAR, 140601, India",9855816151,sjsahil546@gmail.com,30.51808,76.771835,"DIESEL, PETROL","Pure_Sure, Air_Filling, TWO_FOUR_SEVEN",2026-09-02 16:15:14
0000175672,KHATTRA FUELZ BHARAT PETROLEUM DEALERS,KHATTRA FUELZ BHARAT PETROLEUM DEALERS,KURALI BADDI ROAD,NEAR SISWAN T POINT,SULTANPUR,S.A.S. NAGAR,Punjab,IN-23,140110,"KURALI BADDI ROAD, NEAR SISWAN T POINT, SULTANPUR, S.A.S. NAGAR, 140110, India",9915000515,khattra175672@bpclretail.in,30.849456,76.726506,"DIESEL, PETROL","Automation, Pure_Sure, Air_Filling, TWO_FOUR_SEVEN",2026-09-02 16:15:14
0000155870,PUNIA FILLING STATION BHARAT PETROLEUM DEALERS,PUNIA FILLING STATION BHARAT PETROLEUM DEALERS,VILLAGE - SEOLI,VPO- TODA,TEH DERABASSI,S.A.S. NAGAR,Punjab,IN-23,140501,"VILLAGE - SEOLI, VPO- TODA, TEH DERABASSI, S.A.S. NAGAR, 140501, India",9996885387,punia155870@bpclretail.in,30.4995,76.9299,"DIESEL, PETROL","Automation, Pure_Sure, Air_Filling, Parking, TWO_FOUR_SEVEN",2026-09-02 16:15:14
0000191144,GURMEHAR FUEL ZONE BHARAT PETROLEUM DEALERS,GURMEHAR FUEL ZONE BHARAT PETROLEUM DEALERS,GURMEHAR FUEL ZONE,AUR,AUR,S.B.S NAGAR,Punjab,IN-23,144417,"GURMEHAR FUEL ZONE, AUR, AUR, S.B.S NAGAR, 144417, India",9888604985,gurmehar191144@bpclretail.in,31.073084,76.009563,"DIESEL, PETROL","Automation, Pure_Sure, Air_Filling, TWO_FOUR_SEVEN",2026-09-02 16:15:16
0000186990,AAMYA FUEL CARE BHARAT PETROLEUM DEALERS,AAMYA FUEL CARE BHARAT PETROLEUM DEALERS,"VILLAGE JINDOWAL, BANGA TOWN",JALANDHAR-NAWANSHAHR ROAD,BANGA,S.B.S NAGAR,Punjab,IN-23,144505,"VILLAGE JINDOWAL, BANGA TOWN, JALANDHAR-NAWANSHAHR ROAD, BANGA, S.B.S NAGAR, 144505, India",9803184610,aamyafu186990@bpclretail.in,31.179894,76.008665,"DIESEL, PETROL, SPEED","Automation, Pure_Sure, Air_Filling, TWO_FOUR_SEVEN",2026-09-02 16:15:16
0000114790,HANDA OIL STORE BHARAT PETROLEUM DEALERS,HANDA OIL STORE BHARAT PETROLEUM DEALERS,V& PO JADLA,,JADLA,S.B.S NAGAR,Punjab,IN-23,144515,"V& PO JADLA, , JADLA, S.B.S NAGAR, 144515, India",9888053217,handa114790@bpclretail.in,31.09206,76.210829,"DIESEL, PETROL, SPEED","Automation, Pure_Sure, Air_Filling, TWO_FOUR_SEVEN",2026-09-02 16:15:16
0000144356,KAIN FILLING STATION BHARAT PETROLEUM DEALERS,KAIN FILLING STATION BHARAT PETROLEUM DEALERS,VPO. MAJARI,TEHSIL. BALCHAUR,MAJARI,S.B.S NAGAR,Punjab,IN-23,144525,"VPO. MAJARI, TEHSIL. BALCHAUR, MAJARI, S.B.S NAGAR, 144525, India",9417162072,kain144356@bpclretail.in,31.127773,76.235091,"DIESEL, PETROL","Automation, Pure_Sure, Air_Filling, Parking, ATM, TWO_FOUR_SEVEN",2026-09-02 16:15:16
0000158658,DIAMOND FILLING STATION BHARAT PETROLEUM DEALERS,DIAMOND FILLING STATION BHARAT PETROLEUM DEALERS,VILL.MALLO MAJARA,,MALLO MAJARA,S.B.S NAGAR,Punjab,IN-23,144029,"VILL.MALLO MAJARA, , MALLO MAJARA, S.B.S NAGAR, 144029, India",7814285339,diamond158658@bpclretail.in,31.094626,75.951986,"DIESEL, PETROL","Automation, Pure_Sure, Air_Filling, Parking, TWO_FOUR_SEVEN",2026-09-02 16:15:16
0000147516,SHAHENSHAH FILLING STATION BHARAT PETROLEUM DEALERS,SHAHENSHAH FILLING STATION BHARAT PETROLEUM DEALERS,MUKANDPUR,NEAR BUS STAND,MUKANDPUR,S.B.S NAGAR,Punjab,IN-23,144507,"MUKANDPUR, NEAR BUS STAND, MUKANDPUR, S.B.S NAGAR, 144507, India",9814218285,shahenshah147516@bpclretail.in,31.127759,75.949211,"DIESEL, PETROL","Automation, Pure_Sure, Air_Filling, Parking, TWO_FOUR_SEVEN",2026-09-02 16:15:16
0000114789,RAJISH FILLING STATION BHARAT PETROLEUM DEALERS,RAJISH FILLING STATION BHARAT PETROLEUM DEALERS,PETROL PUMP NAWANSHAR( DOABA),BANGA ROAD,NAWANSHAHAR,S.B.S NAGAR,Punjab,IN-23,144514,"PETROL PUMP NAWANSHAR( DOABA), BANGA ROAD, NAWANSHAHAR, S.B.S NAGAR, 144514, India",9814066522,rajish114789@bpclretail.in,31.126838,76.118176,,"Automation, Air_Filling",2026-09-02 16:15:16
0000146242,BHALLA PETROLEUM BHARAT PETROLEUM DEALERS,BHALLA PETROLEUM BHARAT PETROLEUM DEALERS,VILL.GARHI BHARATI,AUR-RAHON ROAD,NAWANSHAHR,S.B.S NAGAR,Punjab,IN-23,144514,"VILL.GARHI BHARATI, AUR-RAHON ROAD, NAWANSHAHR, S.B.S NAGAR, 144514, India",9914012456,bhalla146242@bpclretail.in,31.066511,76.064217,"DIESEL, PETROL","Automation, Pure_Sure, Air_Filling, Parking, TWO_FOUR_SEVEN",2026-09-02 16:15:16
0000165554,GAGAN FILLING STATION BHARAT PETROLEUM DEALERS,GAGAN FILLING STATION BHARAT PETROLEUM DEALERS,MAHALON,BANGA- CHANDIGARH ROAD,NAWANSHAHR,S.B.S NAGAR,Punjab,IN-23,144514,"MAHALON, BANGA- CHANDIGARH ROAD, NAWANSHAHR, S.B.S NAGAR, 144514, India",9815392820,gagan165554@bpclretail.in,31.146691,76.08496,"DIESEL, PETROL","Automation, Pure_Sure, Air_Filling, TWO_FOUR_SEVEN",2026-09-02 16:15:16
0000145855,SAINI FILLING STATION BHARAT PETROLEUM DEALERS,SAINI FILLING STATION BHARAT PETROLEUM DEALERS,VILLAGE PALLI JHAKKI,BANGA-GARHSHANKAR ROAD,NAWANSHAHR,S.B.S NAGAR,Punjab,IN-23,144512,"VILLAGE PALLI JHAKKI, BANGA-GARHSHANKAR ROAD, NAWANSHAHR, S.B.S NAGAR, 144512, India",9814318786,saini145855@bpclretail.in,31.186828,76.073782,"DIESEL, PETROL","Automation, Pure_Sure, Air_Filling, TWO_FOUR_SEVEN",2026-09-02 16:15:16
0000114786,IQBAL FUEL CENTRE BHARAT PETROLEUM DEALERS,IQBAL FUEL CENTRE BHARAT PETROLEUM DEALERS,PETROL PUMP POJEWAL,,POJEWAL,S.B.S NAGAR,Punjab,IN-23,144524,"PETROL PUMP POJEWAL, , POJEWAL, S.B.S NAGAR, 144524, India",8737069006,iqbal114786@bpclretail.in,31.194182,76.270287,"DIESEL, PETROL","Automation, Pure_Sure, Air_Filling, Parking, TWO_FOUR_SEVEN",2026-09-02 16:15:16
0000151075,BIKA PETRO STATION BHARAT PETROLEUM DEALERS,BIKA PETRO STATION BHARAT PETROLEUM DEALERS,VILLAGE SHEKHA MAJARA,RAHON-MACHHIWARA ROAD,RAHON,S.B.S NAGAR,Punjab,IN-23,144517,"VILLAGE SHEKHA MAJARA, RAHON-MACHHIWARA ROAD, RAHON, S.B.S NAGAR, 144517, India",9815500401,bika151075@bpclretail.in,31.017194,76.134955,"DIESEL, PETROL","Automation, Pure_Sure, Air_Filling, TWO_FOUR_SEVEN",2026-09-02 16:15:16
0000114788,RAHON FILLING STATION BHARAT PETROLEUM DEALERS,RAHON FILLING STATION BHARAT PETROLEUM DEALERS,JADLA RAHON ROAD,DISTRICT NAWANSHAHAR,RAHON,S.B.S NAGAR,Punjab,IN-23,144517,"JADLA RAHON ROAD, DISTRICT NAWANSHAHAR, RAHON, S.B.S NAGAR, 144517, India",9815577686,rahon114788@bpclretail.in,31.058242,76.120612,"DIESEL, PETROL","Automation, Pure_Sure, Air_Filling, TWO_FOUR_SEVEN",2026-09-02 16:15:16
0000227915,PINE DRIVE PETRO MART BHARAT PETROLEUM DEALERS,PINE DRIVE PETRO MART BHARAT PETROLEUM DEALERS,VILL GARLE ON NH344A,VILL GARLE ON NH344A,SBS NAGAR,S.B.S NAGAR,Punjab,IN-23,144521,"VILL GARLE ON NH344A, VILL GARLE ON NH344A, SBS NAGAR, S.B.S NAGAR, 144521, India",9888617017,pinedrivepetromart@gmail.com,31.088,76.2235,"DIESEL, PETROL","Pure_Sure, Air_Filling, TWO_FOUR_SEVEN",2026-09-02 16:15:16
0000222866,SAMRAT FUEL SERVICES BHARAT PETROLEUM DEALERS,SAMRAT FUEL SERVICES BHARAT PETROLEUM DEALERS,"VILLAGE RAIL MAJRA, NH 344A","VILLAGE RAIL MAJRA, NH 344A",SBS NAGAR,S.B.S NAGAR,Punjab,IN-23,144521,"VILLAGE RAIL MAJRA, NH 344A, VILLAGE RAIL MAJRA, NH 344A, SBS NAGAR, S.B.S NAGAR, 144521, India",7986392674,samratfuels222866@bpclretail.in,30.985412,76.488903,"DIESEL, PETROL","Pure_Sure, Air_Filling, TWO_FOUR_SEVEN",2026-09-02 16:15:14
0000143183,SATGURU OIL POINT BHARAT PETROLEUM DEALERS,SATGURU OIL POINT BHARAT PETROLEUM DEALERS,VILL.BAHUA,NEAR PHAGWARA BYEPASS,TEHSIL. NAWANSHAR,S.B.S NAGAR,Punjab,IN-23,144632,"VILL.BAHUA, NEAR PHAGWARA BYEPASS, TEHSIL. NAWANSHAR, S.B.S NAGAR, 144632, India",9915658547,satguru143183@bpclretail.in,31.209875,75.831155,"DIESEL, PETROL, SPEED","Automation, Pure_Sure, Air_Filling, Parking, TWO_FOUR_SEVEN",2026-09-02 16:15:16
0000190434,KAIN FILLING STATION ADHOC BPCL DEALER,KAIN FILLING STATION ADHOC BPCL DEALER,,,AUR,"S.B.S NAGAR, PUNJAB",Punjab,IN-23,144417,", , AUR, S.B.S NAGAR, PUNJAB, 144417, India",9417162072,kain144356@bpclretail.in,31.073084,76.009563,,Air_Filling,2026-09-02 16:15:16
0000182680,MOHALI CARGO MOVERS BHARAT PETROLEUM DEALERS,MOHALI CARGO MOVERS BHARAT PETROLEUM DEALERS,BALONGI,"MOHALI BYPASS, SECTOR 119",MOHALI,"SAS NAGAR, PUNJAB",Punjab,IN-23,160055,"BALONGI, MOHALI BYPASS, SECTOR 119, MOHALI, SAS NAGAR, PUNJAB, 160055, India",8427444196,mohali182680@bpclretail.in,30.729587,76.698583,"DIESEL, PETROL, SPEED","Automation, Pure_Sure, Air_Filling, Parking, TWO_FOUR_SEVEN",2026-09-02 16:15:14
0000166155,SONI FILLING STATION(ADHOC) BHARAT PETROLEUM DEALERS,SONI FILLING STATION(ADHOC) BHARAT PETROLEUM DEALERS,V & PO AUR,,AUR,SHAHEED BHAGAT SINGH NAGA,Punjab,IN-23,144417,"V & PO AUR, , AUR, SHAHEED BHAGAT SINGH NAGA, 144417, India",,soni166155@bpclretail.in,31.073084,76.009563,,Air_Filling,2026-09-02 16:15:16
0000114741,RAM LAL PARTAP SINGH BHARAT PETROLEUM DEALERS,RAM LAL PARTAP SINGH BHARAT PETROLEUM DEALERS,TARN TARAN,TARN TARAN,TARN TARAN,TARN TARAN,Punjab,IN-23,143401,"TARN TARAN, TARN TARAN, TARN TARAN, TARN TARAN, 143401, India",7837470905,ramlal114741@bpclretail.in,31.453324,74.926975,"DIESEL, PETROL, SPEED","Automation, Pure_Sure, Air_Filling, TWO_FOUR_SEVEN",2026-09-02 16:15:15
0000141330,KISAN FILLING STATION BHARAT PETROLEUM DEALERS,KISAN FILLING STATION BHARAT PETROLEUM DEALERS,V.P.O. SINGHPURA,"TEHSIL. PATTI,  AMRITSAR-KHEMKARAN",BIKHIWIND,TARNTARAN,Punjab,IN-23,143303,"V.P.O. SINGHPURA, TEHSIL. PATTI,  AMRITSAR-KHEMKARAN, BIKHIWIND, TARNTARAN, 143303, India",8557075058,kisan141330@bpclretail.in,31.374916,74.712015,"DIESEL, PETROL, SPEED","Automation, Pure_Sure, Air_Filling, TWO_FOUR_SEVEN",2026-09-02 16:15:15
0000149066,AVTAR FILLING STATION BHARAT PETROLEUM DEALERS,AVTAR FILLING STATION BHARAT PETROLEUM DEALERS,"VILL FATEHABAD, PO- FATEHABAD",TEHSIL- KHADOOR SAHIB,FAATEHABAD,TARNTARAN,Punjab,IN-23,143407,"VILL FATEHABAD, PO- FATEHABAD, TEHSIL- KHADOOR SAHIB, FAATEHABAD, TARNTARAN, 143407, India",9872331904,avtar149066@bpclretail.in,31.381409,75.103632,"DIESEL, PETROL","Automation, Pure_Sure, Air_Filling, TWO_FOUR_SEVEN",2026-09-02 16:15:15
0000251910,AVTAR FILLING STATION ADHOC BHARAT PETROLEUM DEALERS,AVTAR FILLING STATION ADHOC BHARAT PETROLEUM DEALERS,VILLAGE GOINDWAL SAHIB,TARAN TARAN- KAPURTHALA ROAD,GOINDWAL,TARNTARAN,Punjab,IN-23,143401,"VILLAGE GOINDWAL SAHIB, TARAN TARAN- KAPURTHALA ROAD, GOINDWAL, TARNTARAN, 143401, India",7696842407,amanpalsingh0003@gmail.com,31.366331,75.136879,,Air_Filling,2026-09-02 16:15:15
0000244993,BHARAT FUEL SERVICE ADHOC BHARAT PETROLEUM DEALERS,BHARAT FUEL SERVICE ADHOC BHARAT PETROLEUM DEALERS,VILLAGE GOINDWAL SAHIB,TARAN TARAN,GOINDWAL,TARNTARAN,Punjab,IN-23,143401,"VILLAGE GOINDWAL SAHIB, TARAN TARAN, GOINDWAL, TARNTARAN, 143401, India",9876335999,amanpalvirk1@gmail.com,31.366331,75.136879,"DIESEL, PETROL","Pure_Sure, Air_Filling, TWO_FOUR_SEVEN",2026-09-02 16:15:15
0000218383,CHOLA SAHIB FILLING STATION AD BHARAT PETROLEUM DEALERS,CHOLA SAHIB FILLING STATION AD BHARAT PETROLEUM DEALERS,GOINDWAL,GOINDWAL,GOINDWAL,TARNTARAN,Punjab,IN-23,143401,"GOINDWAL, GOINDWAL, GOINDWAL, TARNTARAN, 143401, India",9803310001,cholasa186172@bpclretail.in,31.366331,75.136879,,"Automation, Air_Filling",2026-09-02 16:15:15
0000114729,GIICO FILLING STATION BHARAT PETROLEUM DEALERS,GIICO FILLING STATION BHARAT PETROLEUM DEALERS,GOINDWAL,GOINDWAL,GOINDWAL,TARNTARAN,Punjab,IN-23,143401,"GOINDWAL, GOINDWAL, GOINDWAL, TARNTARAN, 143401, India",9417871867,giico114729@bpclretail.in,31.366331,75.136879,,"Automation, Pure_Sure, Air_Filling, TWO_FOUR_SEVEN",2026-09-02 16:15:15
0000241817,SRI GURU AMAR DASJI FUEL STA A BHARAT PETROLEUM DEALERS,SRI GURU AMAR DASJI FUEL STA A BHARAT PETROLEUM DEALERS,VILLAGE GOINDWAL SAHIB,ON GOINDWAL KHADOOR SAHIB ROAD,GOINDWAL,TARNTARAN,Punjab,IN-23,143401,"VILLAGE GOINDWAL SAHIB, ON GOINDWAL KHADOOR SAHIB ROAD, GOINDWAL, TARNTARAN, 143401, India",6280397516,shri219503@bpclretail.in,31.366331,75.136879,PETROL,Air_Filling,2026-09-02 16:15:15
0000238319,BABA DEEP SINGH JI ENERGY SOLU BHARAT PETROLEUM DEALERS,BABA DEEP SINGH JI ENERGY SOLU BHARAT PETROLEUM DEALERS,VILLAGE GANDIWIND,CHABAL-ATTARI ROAD,INDIA,TARNTARAN,Punjab,IN-23,143301,"VILLAGE GANDIWIND, CHABAL-ATTARI ROAD, INDIA, TARNTARAN, 143301, India",9501578007,BPCLBABADEEPSINGH@GMAIL.COM,31.502821,74.727049,"DIESEL, PETROL","Pure_Sure, Air_Filling, TWO_FOUR_SEVEN",2026-09-02 16:15:15
0000212688,SAMRA FILLING STATION BHARAT PETROLEUM DEALERS,SAMRA FILLING STATION BHARAT PETROLEUM DEALERS,VPO PAKHOKE,TARN TARAN,JANDIALA,TARNTARAN,Punjab,IN-23,143406,"VPO PAKHOKE, TARN TARAN, JANDIALA, TARNTARAN, 143406, India",9915795606,samra212688@bpclretail.in,31.516755,75.011685,"DIESEL, PETROL","Automation, Pure_Sure, Air_Filling, TWO_FOUR_SEVEN",2026-09-02 16:15:15
0000214683,BHARAT FUEL SERVICE BHARAT PETROLEUM DEALERS,BHARAT FUEL SERVICE BHARAT PETROLEUM DEALERS,VILL NAGOKE,ON NAGOKE KHADOOR SAHIB ROAD,KHADOOR SAHIB,TARNTARAN,Punjab,IN-23,143117,"VILL NAGOKE, ON NAGOKE KHADOOR SAHIB ROAD, KHADOOR SAHIB, TARNTARAN, 143117, India",9815997272,bharat214683@bpclretail.in,31.451011,75.133271,"DIESEL, PETROL","Automation, Pure_Sure, Air_Filling, TWO_FOUR_SEVEN",2026-09-02 16:15:15
0000226905,SK FILLING STATION BHARAT PETROLEUM DEALERS,SK FILLING STATION BHARAT PETROLEUM DEALERS,PATTI WML,ON SARHALI ROAD,PATTI,TARNTARAN,Punjab,IN-23,143416,"PATTI WML, ON SARHALI ROAD, PATTI, TARNTARAN, 143416, India",9465108149,sk226905@bpclretail.in,31.2762,74.8448,"DIESEL, PETROL","Pure_Sure, Air_Filling, TWO_FOUR_SEVEN",2026-09-02 16:15:15
0000224644,BABA BUDHA JI FILLING STATION BHARAT PETROLEUM DEALERS,BABA BUDHA JI FILLING STATION BHARAT PETROLEUM DEALERS,VILL SURSINGH,AMRITSAR BHIKHIWIND ROAD,TARN TARAN,TARNTARAN,Punjab,IN-23,143302,"VILL SURSINGH, AMRITSAR BHIKHIWIND ROAD, TARN TARAN, TARNTARAN, 143302, India",9876295321,baba224644@bpclretail.in,31.4121,74.736,"DIESEL, PETROL","Pure_Sure, Air_Filling, TWO_FOUR_SEVEN",2026-09-02 16:15:15
0000156850,BABAJI FILLING STATION BHARAT PETROLEUM DEALERS,BABAJI FILLING STATION BHARAT PETROLEUM DEALERS,VILLAGE. DAYALAN,NEAR TARN-TARAN COOP SUGAR MILL,TARN TARAN,TARNTARAN,Punjab,IN-23,143411,"VILLAGE. DAYALAN, NEAR TARN-TARAN COOP SUGAR MILL, TARN TARAN, TARNTARAN, 143411, India",9814457766,babaji156850@bpclretail.in,31.398763,74.948068,"DIESEL, PETROL","Automation, Pure_Sure, Air_Filling, TWO_FOUR_SEVEN",2026-09-02 16:15:15
0000196408,GURU AMARDAS JI AUTOMOBILES BHARAT PETROLEUM DEALERS,GURU AMARDAS JI AUTOMOBILES BHARAT PETROLEUM DEALERS,VILL. PANJWAR,CHABHAL TO GAGGUBUA,TARN TARAN,TARNTARAN,Punjab,IN-23,143401,"VILL. PANJWAR, CHABHAL TO GAGGUBUA, TARN TARAN, TARNTARAN, 143401, India",9619011151,kamalpreet_009@yahoo.com,31.4639,74.7679,"DIESEL, PETROL","Automation, Pure_Sure, Air_Filling, TWO_FOUR_SEVEN",2026-09-02 16:15:15
0000226819,GURU ARJUN DEV FILLING STATION BHARAT PETROLEUM DEALERS,GURU ARJUN DEV FILLING STATION BHARAT PETROLEUM DEALERS,VILL MANOCHAHAL KALAN,TARN TARAN DIALPUR ROAD,TARN TARAN,TARNTARAN,Punjab,IN-23,143401,"VILL MANOCHAHAL KALAN, TARN TARAN DIALPUR ROAD, TARN TARAN, TARNTARAN, 143401, India",8198010814,Guruarjundevfs2021@gmail.com,31.378764,74.834003,"DIESEL, PETROL","Pure_Sure, Air_Filling, TWO_FOUR_SEVEN",2026-09-02 16:15:15
0000204875,PUNJAB FILLING STATION BHARAT PETROLEUM DEALERS,PUNJAB FILLING STATION BHARAT PETROLEUM DEALERS,"PALASOUR, CHABHAL ROAD",TARN TARAN,TARN TARAN,TARNTARAN,Punjab,IN-23,143401,"PALASOUR, CHABHAL ROAD, TARN TARAN, TARN TARAN, TARNTARAN, 143401, India",9876025240,punjabriceland@gmail.com,31.450296,74.915517,"DIESEL, PETROL, SPEED","Automation, Pure_Sure, Air_Filling, TWO_FOUR_SEVEN",2026-09-02 16:15:15
0000223649,ROSHAN LAL FILLING STATION BHARAT PETROLEUM DEALERS,ROSHAN LAL FILLING STATION BHARAT PETROLEUM DEALERS,VILL MURADPUR,OLD TARN TARAN NH-54 BYPASS ROAD,TARN TARAN,TARNTARAN,Punjab,IN-23,143401,"VILL MURADPUR, OLD TARN TARAN NH-54 BYPASS ROAD, TARN TARAN, TARNTARAN, 143401, India",8371800001,roshan223649@bpclretail.in,31.46143,74.938114,"DIESEL, PETROL","Automation, Pure_Sure, Air_Filling, TWO_FOUR_SEVEN",2026-09-02 16:15:15
0000219503,SHRI GURU AMARDAS JI FUEL STAT BHARAT PETROLEUM DEALERS,SHRI GURU AMARDAS JI FUEL STAT BHARAT PETROLEUM DEALERS,VILL KHADUR SAHIB,KHADUR SAHIB TO GOINDWAL ROAD,TARN TARAN,TARNTARAN,Punjab,IN-23,143117,"VILL KHADUR SAHIB, KHADUR SAHIB TO GOINDWAL ROAD, TARN TARAN, TARNTARAN, 143117, India",9107040003,shri219503@bpclretail.in,31.418297,75.102879,"DIESEL, PETROL","Automation, Air_Filling",2026-09-02 16:15:15
0000153143,SHRI GURU ARJAN DEV FILLING ST BHARAT PETROLEUM DEALERS,SHRI GURU ARJAN DEV FILLING ST BHARAT PETROLEUM DEALERS,VILLAGE BALACHAK,AMRITSAR TARAN-TARAN ROAD,TEHSIL TARAN TARAN,TARNTARAN,Punjab,IN-23,143022,"VILLAGE BALACHAK, AMRITSAR TARAN-TARAN ROAD, TEHSIL TARAN TARAN, TARNTARAN, 143022, India",9855958664,guruarjan153143@bpclretail.in,31.547503,74.890934,"DIESEL, PETROL","Automation, Pure_Sure, Air_Filling, TWO_FOUR_SEVEN",2026-09-02 16:15:15
0000186172,CHOLA SAHIB FILLING STATION BHARAT PETROLEUM DEALERS,CHOLA SAHIB FILLING STATION BHARAT PETROLEUM DEALERS,,,VILL. MOHANPURA,TARNTARAN,Punjab,IN-23,143409,", , VILL. MOHANPURA, TARNTARAN, 143409, India",9803310001,cholasa186172@bpclretail.in,31.290715,74.996252,"DIESEL, PETROL","Automation, Pure_Sure, Air_Filling, TWO_FOUR_SEVEN",2026-09-02 16:15:15
0000258071,RAMKUMAR ENERGY STATION BHARAT PETROLEUM DEALERS,RAMKUMAR ENERGY STATION BHARAT PETROLEUM DEALERS,ON MANIA ROAD,"MDR 292, TEH SAIPAU",BASAI NAWAB,DHOLPUR,Rajasthan,IN-24,328023,"ON MANIA ROAD, MDR 292, TEH SAIPAU, BASAI NAWAB, DHOLPUR, 328023, India",9982317097,ramgopaldlp2023@gmail.com,26.89916,77.78992,"DIESEL, PETROL","Pure_Sure, Air_Filling, TWO_FOUR_SEVEN",2026-09-02 16:15:17
0000140958,JAGAN DHOLPUR FREIGHT CARRIERS BHARAT PETROLEUM DEALERS,JAGAN DHOLPUR FREIGHT CARRIERS BHARAT PETROLEUM DEALERS,NEAR VILLAGE BARETHA,NH-3 (DHOLPUR-AGRA ROAD),DHOLPUR,DHOLPUR,Rajasthan,IN-24,328001,"NEAR VILLAGE BARETHA, NH-3 (DHOLPUR-AGRA ROAD), DHOLPUR, DHOLPUR, 328001, India",7838192052,jagan140958@bpclretail.in,26.897273,77.928055,"DIESEL, PETROL","Automation, Pure_Sure, Air_Filling, Parking, TWO_FOUR_SEVEN",2026-09-02 16:15:17
0000234342,SHREE NARAYAN FUEL STATION BHARAT PETROLEUM DEALERS,SHREE NARAYAN FUEL STATION BHARAT PETROLEUM DEALERS,"NAWAB BASAI ROAD ,MANIA",DHOLPUR,MANIA,DHOLPUR,Rajasthan,IN-24,328024,"NAWAB BASAI ROAD ,MANIA, DHOLPUR, MANIA, DHOLPUR, 328024, India",6350137095,ABHISHEKTYAGIMANIA.1993@GMAIL.COM,26.820428271088,77.912151329219,"DIESEL, PETROL","Pure_Sure, Air_Filling, TWO_FOUR_SEVEN",2026-09-02 16:15:17
0000190147,PARSHWANATH FUEL STATION BHARAT PETROLEUM DEALERS,PARSHWANATH FUEL STATION BHARAT PETROLEUM DEALERS,MANIA,NH-3,MANIYA,DHOLPUR,Rajasthan,IN-24,328001,"MANIA, NH-3, MANIYA, DHOLPUR, 328001, India",9829102050,parshwanath190147@bpclretail.in,26.847034,77.922066,"DIESEL, PETROL","Automation, Pure_Sure, Air_Filling, TWO_FOUR_SEVEN",2026-09-02 16:15:17
0000143713,AKASH FILLING STATION BHARAT PETROLEUM DEALERS,AKASH FILLING STATION BHARAT PETROLEUM DEALERS,SA 2A,DHOLPUR-RAJAKHEDA ROAD,RAJAKHERA,DHOLPUR,Rajasthan,IN-24,328025,"SA 2A, DHOLPUR-RAJAKHEDA ROAD, RAJAKHERA, DHOLPUR, 328025, India",9024887799,akash143713@bpclretail.in,26.889542,78.160983,"DIESEL, PETROL","Automation, Pure_Sure, Air_Filling, TWO_FOUR_SEVEN",2026-09-02 16:15:17
0000119188,SUNDER PETROLEUM CENTRE BHARAT PETROLEUM DEALERS,SUNDER PETROLEUM CENTRE BHARAT PETROLEUM DEALERS,DHOLPUR- BHARATPUR ROAD,SH23,SEPAU,DHOLPUR,Rajasthan,IN-24,328027,"DHOLPUR- BHARATPUR ROAD, SH23, SEPAU, DHOLPUR, 328027, India",9785233025,sunder119188@bpclretail.in,26.825222,77.741028,"DIESEL, PETROL","Automation, Pure_Sure, Air_Filling, Parking, TWO_FOUR_SEVEN",2026-09-02 16:15:17
0000236022,BHIWADI FUELS BHARAT PETROLEUM DEALERS,BHIWADI FUELS BHARAT PETROLEUM DEALERS,THARA MOD BUS STOP,"BHIWADI ALWAR ROAD, THARA",BHIWADI,KHAIRTHAL - TIJARA,Rajasthan,IN-24,301018,"THARA MOD BUS STOP, BHIWADI ALWAR ROAD, THARA, BHIWADI, KHAIRTHAL - TIJARA, 301018, India",9772625511,vikrampoonam10091981@gmail.com,28.157693,76.823204,"DIESEL, PETROL","Automation, Pure_Sure, Air_Filling, TWO_FOUR_SEVEN",2026-09-02 16:15:14
0000242824,RAMJILAL FILLING STATION BHARAT PETROLEUM DEALERS,RAMJILAL FILLING STATION BHARAT PETROLEUM DEALERS,ACHHNERA WML,ACHHNERA - FARAH ROAD,ACHHNERA,AGRA,Uttar Pradesh,IN-25,283101,"ACHHNERA WML, ACHHNERA - FARAH ROAD, ACHHNERA, AGRA, 283101, India",9458813910,rajkapoor1717@gmail.com,27.18393636,77.75665496,"DIESEL, PETROL","Pure_Sure, Air_Filling, TWO_FOUR_SEVEN",2026-09-02 16:15:17
0000187419,A C FUELS (ADHOC) BHARAT PETROLEUM DEALERS,A C FUELS (ADHOC) BHARAT PETROLEUM DEALERS,KAMLA NAGAR,NH-2,AGRA,AGRA,Uttar Pradesh,IN-25,282005,"KAMLA NAGAR, NH-2, AGRA, AGRA, 282005, India",9897014000,acragroup@gmail.com,27.208123,78.022928,,Air_Filling,2026-09-02 16:15:17
0000115461,AMAR AUTOS BHARAT PETROLEUM DEALERS,AMAR AUTOS BHARAT PETROLEUM DEALERS,"46, OPP.DM S RESIDENCE",AGRA,AGRA,AGRA,Uttar Pradesh,IN-25,282001,"46, OPP.DM S RESIDENCE, AGRA, AGRA, AGRA, 282001, India",9837008787,amarauto115461@bpclretail.in,27.171756,78.009134,"DIESEL, PETROL, SPEED","Automation, Air_Filling",2026-09-02 16:15:17
0000253929,ANIL HIGHWAYS FILLING STATION BHARAT PETROLEUM DEALERS,ANIL HIGHWAYS FILLING STATION BHARAT PETROLEUM DEALERS,RO AT MALPURA,MALPURA AGRA BY PASS,AGRA,AGRA,Uttar Pradesh,IN-25,282001,"RO AT MALPURA, MALPURA AGRA BY PASS, AGRA, AGRA, 282001, India",9837153617,anil115462@bpclretail.in,27.121626,77.941463,,"Automation, Pure_Sure, Air_Filling, TWO_FOUR_SEVEN",2026-09-02 16:15:17
0000235498,ATUL FILLING STATION BHARAT PETROLEUM DEALERS,ATUL FILLING STATION BHARAT PETROLEUM DEALERS,BW KM STOME 4 TO 9 ON NH AB,VILLAGE RAIBHA ON AGRA BY PASS,AGRA,AGRA,Uttar Pradesh,IN-25,283101,"BW KM STOME 4 TO 9 ON NH AB, VILLAGE RAIBHA ON AGRA BY PASS, AGRA, AGRA, 283101, India",9837044498,atul235498@bpclretail.in,27.1939588,77.8101493,"DIESEL, PETROL","Automation, Pure_Sure, Air_Filling, TWO_FOUR_SEVEN",2026-09-02 16:15:17
0000211780,BHATIA HIGHWAYS ADHOC BHARAT PETROLEUM DEALERS,BHATIA HIGHWAYS ADHOC BHARAT PETROLEUM DEALERS,AGRA BYE PASS MALPURA,MALPURA,AGRA,AGRA,Uttar Pradesh,IN-25,282001,"AGRA BYE PASS MALPURA, MALPURA, AGRA, AGRA, 282001, India",9837063112,bhatia.2highways@gmail.com,27.121626,77.941463,,Air_Filling,2026-09-02 16:15:17
0000115464,BHATIA HIGHWAYS BHARAT PETROLEUM DEALERS,BHATIA HIGHWAYS BHARAT PETROLEUM DEALERS,FOUNDRY NAGAR,AGRA,AGRA,AGRA,Uttar Pradesh,IN-25,282006,"FOUNDRY NAGAR, AGRA, AGRA, AGRA, 282006, India",9837063112,bhatia115464@bpclretail.in,27.211939,78.042624,"DIESEL, PETROL, SPEED, SPEED 100 BS IV","Automation, Air_Filling",2026-09-02 16:15:17
0000238106,BP-AGRA II BHARAT PETROLEUM DEALERS,BP-AGRA II BHARAT PETROLEUM DEALERS,RO AT MALPURA,MALPURA AGRA BY PASS,AGRA,AGRA,Uttar Pradesh,IN-25,282001,"RO AT MALPURA, MALPURA AGRA BY PASS, AGRA, AGRA, 282001, India",7526021497,cocobpagra@gmail.com,27.121626,77.941463,,Air_Filling,2026-09-02 16:15:17
0000115465,BRIJ AUTO (MEDIA KATRA) BHARAT PETROLEUM DEALERS,BRIJ AUTO (MEDIA KATRA) BHARAT PETROLEUM DEALERS,"MADIA KATRA,",AGRA,AGRA,AGRA,Uttar Pradesh,IN-25,282002,"MADIA KATRA,, AGRA, AGRA, AGRA, 282002, India",9760231872,brij115465@bpclretail.in,27.198891,77.991655,"DIESEL, PETROL, SPEED, SPEED 100 BS IV","Automation, Pure_Sure, Air_Filling, Parking, ATM, TWO_FOUR_SEVEN",2026-09-02 16:15:17
0000115466,BRIJ AUTO (SIKANDRA) BHARAT PETROLEUM DEALERS,BRIJ AUTO (SIKANDRA) BHARAT PETROLEUM DEALERS,0,AGRA,AGRA,AGRA,Uttar Pradesh,IN-25,282002,"0, AGRA, AGRA, AGRA, 282002, India",9837000043,brij115466@bpclretail.in,27.21153,77.960043,DIESEL,"Automation, Pure_Sure, Air_Filling, Parking, ATM, TWO_FOUR_SEVEN",2026-09-02 16:15:17
0000115468,DEEP AUTOMOBILES BHARAT PETROLEUM DEALERS,DEEP AUTOMOBILES BHARAT PETROLEUM DEALERS,SEWLA,AGRA,AGRA,AGRA,Uttar Pradesh,IN-25,282001,"SEWLA, AGRA, AGRA, AGRA, 282001, India",9412259956,deep115468@bpclretail.in,27.125872,78.005169,"DIESEL, PETROL","Pure_Sure, Air_Filling, TWO_FOUR_SEVEN",2026-09-02 16:15:17
0000217982,DWARKADHISH FILLING STATION BHARAT PETROLEUM DEALERS,DWARKADHISH FILLING STATION BHARAT PETROLEUM DEALERS,"VILLAGE KAGAROL, BLOCK KHERAGARH",KAGAROL KHERAGARH ROAD,AGRA,AGRA,Uttar Pradesh,IN-25,283119,"VILLAGE KAGAROL, BLOCK KHERAGARH, KAGAROL KHERAGARH ROAD, AGRA, AGRA, 283119, India",7060484248,dwarkadhishfs217982@bpclretail.in,27.003655,77.841224,"DIESEL, PETROL","Automation, Pure_Sure, Air_Filling, TWO_FOUR_SEVEN",2026-09-02 16:15:17
0000263402,ETMADPUR HIGHWAYS ADHOC BHARAT PETROLEUM DEALERS,ETMADPUR HIGHWAYS ADHOC BHARAT PETROLEUM DEALERS,RO AT MALPURA,MALPURA AGRA BY PASS,AGRA,AGRA,Uttar Pradesh,IN-25,282001,"RO AT MALPURA, MALPURA AGRA BY PASS, AGRA, AGRA, 282001, India",7817044639,vishhot9@gmail.com,27.121626,77.941463,"DIESEL, PETROL","Automation, Air_Filling",2026-09-02 16:15:17
0000115471,ETMADPUR HIGHWAYS BHARAT PETROLEUM DEALERS,ETMADPUR HIGHWAYS BHARAT PETROLEUM DEALERS,,AGRA,AGRA,AGRA,Uttar Pradesh,IN-25,283202,", AGRA, AGRA, AGRA, 283202, India",9045716636,etmadpur115471@bpclretail.in,27.232181,78.188985,"DIESEL, PETROL, SPEED","Automation, Pure_Sure, Air_Filling, Parking, TWO_FOUR_SEVEN",2026-09-02 16:15:17
0000239319,G S FILLING STATION BHARAT PETROLEUM DEALERS,G S FILLING STATION BHARAT PETROLEUM DEALERS,VILLAGE DAVLI LHS BW KM STONE 14-21,ON NH-AB AGRA BYPASS ROAD,AGRA,AGRA,Uttar Pradesh,IN-25,283105,"VILLAGE DAVLI LHS BW KM STONE 14-21, ON NH-AB AGRA BYPASS ROAD, AGRA, AGRA, 283105, India",9456600620,mona.singh4144@gmail.com,27.13059,77.832699,"DIESEL, PETROL","Automation, Pure_Sure, Air_Filling, TWO_FOUR_SEVEN",2026-09-02 16:15:17
0000176682,GARG FILLING STATION BHARAT PETROLEUM DEALERS,GARG FILLING STATION BHARAT PETROLEUM DEALERS,VILLAGE & POST OFFICE JAINGARA,TEHSIL KIRAWALI,AGRA,AGRA,Uttar Pradesh,IN-25,283122,"VILLAGE & POST OFFICE JAINGARA, TEHSIL KIRAWALI, AGRA, AGRA, 283122, India",9412166022,garg176682@bpclretail.in,27.070537,77.811206,"DIESEL, PETROL","Automation, Pure_Sure, Air_Filling, TWO_FOUR_SEVEN",2026-09-02 16:15:17
0000268722,GAURVI FUELS BHARAT PETROLEUM DEALERS,GAURVI FUELS BHARAT PETROLEUM DEALERS,KHASRA 342/2,"VILLAGE USRA,AGRA TO GWALIOR ROAD",AGRA,AGRA,Uttar Pradesh,IN-25,282004,"KHASRA 342/2, VILLAGE USRA,AGRA TO GWALIOR ROAD, AGRA, AGRA, 282004, India",9837049167,mittal.sant@gmail.com,27.038834,77.973961,"DIESEL, PETROL",Air_Filling,2026-09-02 16:15:17
0000268173,GURJAR PRIME FUELS BHARAT PETROLEUM DEALERS,GURJAR PRIME FUELS BHARAT PETROLEUM DEALERS,KHASRA 2368MI,VILLAGE JAJAU,AGRA,AGRA,Uttar Pradesh,IN-25,283124,"KHASRA 2368MI, VILLAGE JAJAU, AGRA, AGRA, 283124, India",7014666350,pkagrawal80@gmail.com,26.914146,77.930899,"DIESEL, PETROL",Air_Filling,2026-09-02 16:15:17
0000249851,HMA FUELS BHARAT PETROLEUM DEALERS,HMA FUELS BHARAT PETROLEUM DEALERS,VILLAGE CHAUMA SHAHPUR ON NH-21,AGRA - BHARATPUR ROAD,AGRA,AGRA,Uttar Pradesh,IN-25,283110,"VILLAGE CHAUMA SHAHPUR ON NH-21, AGRA - BHARATPUR ROAD, AGRA, AGRA, 283110, India",7906618191,anshji1998@gmail.com,27.1331645,77.6193229,"DIESEL, PETROL","Automation, Pure_Sure, Air_Filling, TWO_FOUR_SEVEN",2026-09-02 16:15:17
0000115473,HUKAMCHAND FAKIRCHAND(KAKUA) BHARAT PETROLEUM DEALERS,HUKAMCHAND FAKIRCHAND(KAKUA) BHARAT PETROLEUM DEALERS,"VILLAGE KAKUA ,AGRA -GWALIOR ROAD,","NH-03,AGRA",AGRA,AGRA,Uttar Pradesh,IN-25,282010,"VILLAGE KAKUA ,AGRA -GWALIOR ROAD,, NH-03,AGRA, AGRA, AGRA, 282010, India",8755659888,hukamchand115473@bpclretail.in,27.082282,77.989216,DIESEL,"Automation, Pure_Sure, Air_Filling, Parking, TWO_FOUR_SEVEN",2026-09-02 16:15:17
0000115472,HUKAMCHAND FAKIRCHAND(MG ROAD) BHARAT PETROLEUM DEALERS,HUKAMCHAND FAKIRCHAND(MG ROAD) BHARAT PETROLEUM DEALERS,NALBAND CROSSING,AGRA,AGRA,AGRA,Uttar Pradesh,IN-25,282010,"NALBAND CROSSING, AGRA, AGRA, AGRA, 282010, India",9897006162,hukamchand115472@bpclretail.in,27.18241,78.001312,"DIESEL, PETROL, SPEED","Automation, Parking, Air_Filling",2026-09-02 16:15:17
0000245900,K P FAUZI FILLING STATION BHARAT PETROLEUM DEALERS,K P FAUZI FILLING STATION BHARAT PETROLEUM DEALERS,"VILLAGE KARKOLI, BLOCK PINHAT",ON PINHAT TO RAJAKHERA ROAD,AGRA,AGRA,Uttar Pradesh,IN-25,283123,"VILLAGE KARKOLI, BLOCK PINHAT, ON PINHAT TO RAJAKHERA ROAD, AGRA, AGRA, 283123, India",9758847657,cpsingh560@gmail.com,26.89555627,78.28852477,"DIESEL, PETROL","Automation, Pure_Sure, Air_Filling, TWO_FOUR_SEVEN",2026-09-02 16:15:17
0000115474,KAMLA NAGAR SERVICE STATION BHARAT PETROLEUM DEALERS,KAMLA NAGAR SERVICE STATION BHARAT PETROLEUM DEALERS,"F-1, PROFESSORS COLONY,",KAMLA NAGAR,AGRA,AGRA,Uttar Pradesh,IN-25,282005,"F-1, PROFESSORS COLONY,, KAMLA NAGAR, AGRA, AGRA, 282005, India",,,27.208123,78.022928,,Air_Filling,2026-09-02 16:15:17
0000245617,KARGIL SHAHEED FUEL CENTRE ADH BHARAT PETROLEUM DEALERS,KARGIL SHAHEED FUEL CENTRE ADH BHARAT PETROLEUM DEALERS,RO AT MALPURA,MALPURA AGRA BY PASS,AGRA,AGRA,Uttar Pradesh,IN-25,282001,"RO AT MALPURA, MALPURA AGRA BY PASS, AGRA, AGRA, 282001, India",9719013699,kargil115467@bpclretail.in,27.121626,77.941463,,"Automation, Pure_Sure, Air_Filling, TWO_FOUR_SEVEN",2026-09-02 16:15:17
0000115467,KARGIL SHAHEED FUEL CENTRE BHARAT PETROLEUM DEALERS,KARGIL SHAHEED FUEL CENTRE BHARAT PETROLEUM DEALERS,PLOT NO-2.3.4 & F,AGRA,AGRA,AGRA,Uttar Pradesh,IN-25,282007,"PLOT NO-2.3.4 & F, AGRA, AGRA, AGRA, 282007, India",9719013699,kargil115467@bpclretail.in,27.203538,77.953995,"DIESEL, PETROL, SPEED, SPEED 100 BS IV","In_Out, Automation, Air_Filling, ATM",2026-09-02 16:15:17
0000219181,L.P. KANSAL FILLING STATION BHARAT PETROLEUM DEALERS,L.P. KANSAL FILLING STATION BHARAT PETROLEUM DEALERS,"AGRA CITY WML,",NH 02,AGRA,AGRA,Uttar Pradesh,IN-25,282007,"AGRA CITY WML,, NH 02, AGRA, AGRA, 282007, India",9412262276,lpkansalfs219181@bpclretail.in,27.208473,78.014852,"DIESEL, PETROL","Automation, Pure_Sure, Air_Filling, TWO_FOUR_SEVEN",2026-09-02 16:15:17
0000218456,LALIT SHARMA ATISH GOSWAMI F S BHARAT PETROLEUM DEALERS,LALIT SHARMA ATISH GOSWAMI F S BHARAT PETROLEUM DEALERS,VILLAGE MAHAO BLOCK SAIYAN,MDR 130W,AGRA,AGRA,Uttar Pradesh,IN-25,283124,"VILLAGE MAHAO BLOCK SAIYAN, MDR 130W, AGRA, AGRA, 283124, India",7453877777,lalitsharmaatishgoswamifs218456@bpclretail.in,26.9562917,78.0022244,"DIESEL, PETROL","Automation, Pure_Sure, Air_Filling, TWO_FOUR_SEVEN",2026-09-02 16:15:17
0000205499,LOHATA URJA KENDRA (ADHOC) BHARAT PETROLEUM DEALERS,LOHATA URJA KENDRA (ADHOC) BHARAT PETROLEUM DEALERS,AGRA BYE PASS MALPURA,MALPURA,AGRA,AGRA,Uttar Pradesh,IN-25,282001,"AGRA BYE PASS MALPURA, MALPURA, AGRA, AGRA, 282001, India",9897644415,lohata115475@bpclretail.in,27.121626,77.941463,,"Automation, Pure_Sure, Air_Filling, TWO_FOUR_SEVEN",2026-09-02 16:15:17
0000115475,LOHATA URJA KENDRA BHARAT PETROLEUM DEALERS,LOHATA URJA KENDRA BHARAT PETROLEUM DEALERS,"NAGLA UDYAN, KHERAGARH",BPCL PETROL PUMP,AGRA,AGRA,Uttar Pradesh,IN-25,283121,"NAGLA UDYAN, KHERAGARH, BPCL PETROL PUMP, AGRA, AGRA, 283121, India",9897642888,lohata115475@bpclretail.in,26.941648,77.833097,"DIESEL, PETROL","Automation, Pure_Sure, Air_Filling, TWO_FOUR_SEVEN",2026-09-02 16:15:17
0000228435,MAA PITAMBARA FILLING STATION BHARAT PETROLEUM DEALERS,MAA PITAMBARA FILLING STATION BHARAT PETROLEUM DEALERS,BLOCK SHAMSABAD,ON USARA- KURRA CHITTARAPUR ROAD,AGRA,AGRA,Uttar Pradesh,IN-25,283125,"BLOCK SHAMSABAD, ON USARA- KURRA CHITTARAPUR ROAD, AGRA, AGRA, 283125, India",9457053214,rahulsharma13894@gmail.com,27.037319,77.991152,"DIESEL, PETROL","Pure_Sure, Air_Filling, TWO_FOUR_SEVEN",2026-09-02 16:15:17
0000115476,MADHU HIGHWAYS BHARAT PETROLEUM DEALERS,MADHU HIGHWAYS BHARAT PETROLEUM DEALERS,VILLAGE-TORA,AGRA,AGRA,AGRA,Uttar Pradesh,IN-25,282003,"VILLAGE-TORA, AGRA, AGRA, AGRA, 282003, India",9927017550,madhu115476@bpclretail.in,27.151316,78.071212,"DIESEL, PETROL, SPEED","Automation, Pure_Sure, Air_Filling, Parking, TWO_FOUR_SEVEN",2026-09-02 16:15:17
0000149070,NARENDRA FILLING STATION BHARAT PETROLEUM DEALERS,NARENDRA FILLING STATION BHARAT PETROLEUM DEALERS,VILLAGE KUBERPUR,TEHSIL ETMADPUR,AGRA,AGRA,Uttar Pradesh,IN-25,282006,"VILLAGE KUBERPUR, TEHSIL ETMADPUR, AGRA, AGRA, 282006, India",9319104809,narendra149070@bpclretail.in,27.218261,78.099324,"DIESEL, PETROL, SPEED","Automation, Pure_Sure, Air_Filling, Parking, TWO_FOUR_SEVEN",2026-09-02 16:15:17
0000268723,OMVATI FILLING STATION BHARAT PETROLEUM DEALERS,OMVATI FILLING STATION BHARAT PETROLEUM DEALERS,KHASRA 532,VILLAGE FATEHPURA TEHSIL KIRAWALI,AGRA,AGRA,Uttar Pradesh,IN-25,283101,"KHASRA 532, VILLAGE FATEHPURA TEHSIL KIRAWALI, AGRA, AGRA, 283101, India",9808041210,drmkrajput1987@gmail.com,27.215714,77.720282,"DIESEL, PETROL",Air_Filling,2026-09-02 16:15:17
0000237132,PRADHAN JI FILLING STATION BHARAT PETROLEUM DEALERS,PRADHAN JI FILLING STATION BHARAT PETROLEUM DEALERS,VILLAGE GAMRI SH-39,BW KM STONE 214 - 224 ON SH-39,AGRA,AGRA,Uttar Pradesh,IN-25,283102,"VILLAGE GAMRI SH-39, BW KM STONE 214 - 224 ON SH-39, AGRA, AGRA, 283102, India",9411638532,singhbasdev86@gmail.com,27.10174,77.910317,"DIESEL, PETROL, SPEED","Pure_Sure, Air_Filling, TWO_FOUR_SEVEN",2026-09-02 16:15:17
0000115478,PUNJAB AUTO SERVICE BHARAT PETROLEUM DEALERS,PUNJAB AUTO SERVICE BHARAT PETROLEUM DEALERS,BELANGANJ,AGRA,AGRA,AGRA,Uttar Pradesh,IN-25,282004,"BELANGANJ, AGRA, AGRA, AGRA, 282004, India",9412260006,punjab115478@bpclretail.in,27.191543,78.025204,"DIESEL, PETROL, SPEED","Automation, Pure_Sure, Air_Filling, TWO_FOUR_SEVEN",2026-09-02 16:15:17
0000115481,R.A. NARIMAN & CO  ( P)  LTD. BHARAT PETROLEUM DEALERS,R.A. NARIMAN & CO  ( P)  LTD. BHARAT PETROLEUM DEALERS,SHAHDARA,AGRA,AGRA,AGRA,Uttar Pradesh,IN-25,282006,"SHAHDARA, AGRA, AGRA, AGRA, 282006, India",9897014000,ranariman115481@bpclretail.in,27.2121136,78.0676317,"DIESEL, PETROL","Pure_Sure, Air_Filling, TWO_FOUR_SEVEN",2026-09-02 16:15:17
0000202047,RAJPUT FUEL POINT BHARAT PETROLEUM DEALERS,RAJPUT FUEL POINT BHARAT PETROLEUM DEALERS,VILLAGE MAGTAI,,AGRA,AGRA,Uttar Pradesh,IN-25,282007,"VILLAGE MAGTAI, , AGRA, AGRA, 282007, India",9650722900,rajputfuelpoint@gmail.com,27.1812988,77.9341611,"DIESEL, PETROL, SPEED","Automation, Pure_Sure, Air_Filling, TWO_FOUR_SEVEN",2026-09-02 16:15:17
0000217353,RAM BARAN VERMA FILLING STATIO BHARAT PETROLEUM DEALERS,RAM BARAN VERMA FILLING STATIO BHARAT PETROLEUM DEALERS,VILLAGE PINHAT BLOCK PINHAT,PINHAT ARNOTA ROAD,AGRA,AGRA,Uttar Pradesh,IN-25,283123,"VILLAGE PINHAT BLOCK PINHAT, PINHAT ARNOTA ROAD, AGRA, AGRA, 283123, India",9012246422,rambaran217353@bpclretail.in,26.9087,78.377,"DIESEL, PETROL","Automation, Pure_Sure, Air_Filling, TWO_FOUR_SEVEN",2026-09-02 16:15:17
0000267546,RAM FILLING STATION BHARAT PETROLEUM DEALERS,RAM FILLING STATION BHARAT PETROLEUM DEALERS,"KHASRA 1276, 1277",VILLAGE KUNDOL,AGRA,AGRA,Uttar Pradesh,IN-25,283111,"KHASRA 1276, 1277, VILLAGE KUNDOL, AGRA, AGRA, 283111, India",9760571926,devendrarawat836@gmail.com,27.11489,78.132326,"DIESEL, PETROL",Air_Filling,2026-09-02 16:15:17
0000217480,RAMNATH FILLING STATION BHARAT PETROLEUM DEALERS,RAMNATH FILLING STATION BHARAT PETROLEUM DEALERS,VILLAGE RAMNAGAR KHANDAULI,"BLOC KHANDAULI , TESHIL ETMADHPUR",AGRA,AGRA,Uttar Pradesh,IN-25,283126,"VILLAGE RAMNAGAR KHANDAULI, BLOC KHANDAULI , TESHIL ETMADHPUR, AGRA, AGRA, 283126, India",8006789985,ramnathf217480@bpclretail.in,27.312325,78.036455,"DIESEL, PETROL","Automation, Pure_Sure, Air_Filling, TWO_FOUR_SEVEN",2026-09-02 16:15:17
0000245828,S.S FILLING STATION BHARAT PETROLEUM DEALERS,S.S FILLING STATION BHARAT PETROLEUM DEALERS,VILLAGE JAGRAJPUR (BLOCK FATEHABAD),ON FATEHABAD SHAMSHABAD ROAD,AGRA,AGRA,Uttar Pradesh,IN-25,283111,"VILLAGE JAGRAJPUR (BLOCK FATEHABAD), ON FATEHABAD SHAMSHABAD ROAD, AGRA, AGRA, 283111, India",7900350215,Shivamyadav9992@gmail.com,27.0261718,78.2543783,"DIESEL, PETROL","Automation, Pure_Sure, Air_Filling, TWO_FOUR_SEVEN",2026-09-02 16:15:17
0000231139,SAITHIYA FILLING STATION BHARAT PETROLEUM DEALERS,SAITHIYA FILLING STATION BHARAT PETROLEUM DEALERS,"BIRAI, KM ST. 22 TO 26","NH 03, AGRA",AGRA,AGRA,Uttar Pradesh,IN-25,283124,"BIRAI, KM ST. 22 TO 26, NH 03, AGRA, AGRA, AGRA, 283124, India",9557000375,saithiyafs231139@bpclretail.in,26.979117,77.950029,"DIESEL, PETROL","Pure_Sure, Air_Filling, TWO_FOUR_SEVEN",2026-09-02 16:15:17
0000267468,SHIV SHAKTI SERVICE STATION BHARAT PETROLEUM DEALERS,SHIV SHAKTI SERVICE STATION BHARAT PETROLEUM DEALERS,KHASRA 188/2,VILLAGE RASOOLPUR KIRAOLI,AGRA,AGRA,Uttar Pradesh,IN-25,283110,"KHASRA 188/2, VILLAGE RASOOLPUR KIRAOLI, AGRA, AGRA, 283110, India",9123059256,singhanil8172@gmail.com,27.122264,77.636142,"DIESEL, PETROL","Automation, Air_Filling",2026-09-02 16:15:17
0000222758,SHREE GANGA FILLING STATION BHARAT PETROLEUM DEALERS,SHREE GANGA FILLING STATION BHARAT PETROLEUM DEALERS,KHANDER BAHA ROAD,TESHIL FATEHABAD,AGRA,AGRA,Uttar Pradesh,IN-25,283111,"KHANDER BAHA ROAD, TESHIL FATEHABAD, AGRA, AGRA, 283111, India",9650774522,shreegangafs222758@bpclretail.in,26.98233,78.348023,"DIESEL, PETROL","Automation, Pure_Sure, Air_Filling, TWO_FOUR_SEVEN",2026-09-02 16:15:17
0000243349,SHRI SHYAM PETROLEUM STATION BHARAT PETROLEUM DEALERS,SHRI SHYAM PETROLEUM STATION BHARAT PETROLEUM DEALERS,VILLAGE THAPI BLOCK ACHHNERA,AGRA - BHARATPUR ROAD,AGRA,AGRA,Uttar Pradesh,IN-25,283101,"VILLAGE THAPI BLOCK ACHHNERA, AGRA - BHARATPUR ROAD, AGRA, AGRA, 283101, India",9917840043,shrishyampetro.station243349@gmail.com,27.1754651,77.8342154,"DIESEL, PETROL","Pure_Sure, Air_Filling, TWO_FOUR_SEVEN",2026-09-02 16:15:17
0000259605,SRINATH PETRO STATION BHARAT PETROLEUM DEALERS,SRINATH PETRO STATION BHARAT PETROLEUM DEALERS,"KHASRA 690/2, 690MI/2","VILLAGE GOPAU, TEHSIL KIRAWALI",AGRA,AGRA,Uttar Pradesh,IN-25,283122,"KHASRA 690/2, 690MI/2, VILLAGE GOPAU, TEHSIL KIRAWALI, AGRA, AGRA, 283122, India",9719625700,pradhanji16@gmail.com,27.1561157,77.8199318,"DIESEL, PETROL",Air_Filling,2026-09-02 16:15:17
0000219201,SURYA PRAKASH FILLING STATION BHARAT PETROLEUM DEALERS,SURYA PRAKASH FILLING STATION BHARAT PETROLEUM DEALERS,BLOCK FATEHABAD,TESHIL FATEHABAD,AGRA,AGRA,Uttar Pradesh,IN-25,283111,"BLOCK FATEHABAD, TESHIL FATEHABAD, AGRA, AGRA, 283111, India",9411840379,suryaprakashfs219201@bpclretail.in,27.0676531,78.3628627,"DIESEL, PETROL","Automation, Pure_Sure, Air_Filling, TWO_FOUR_SEVEN",2026-09-02 16:15:17
0000175169,T.R. FILLING STATION BHARAT PETROLEUM DEALERS,T.R. FILLING STATION BHARAT PETROLEUM DEALERS,NARIPURA - JAGNER ROAD,NEAR GYAN INTER COLLEGE,AGRA,AGRA,Uttar Pradesh,IN-25,282001,"NARIPURA - JAGNER ROAD, NEAR GYAN INTER COLLEGE, AGRA, AGRA, 282001, India",9458002629,tr175169@bpclretail.in,27.147714,77.977206,"DIESEL, PETROL, SPEED","Automation, Pure_Sure, Air_Filling, TWO_FOUR_SEVEN",2026-09-02 16:15:17
0000242825,TYAGI FUELS BHARAT PETROLEUM DEALERS,TYAGI FUELS BHARAT PETROLEUM DEALERS,VILLAGE RAHALAI,BLOCK SAIYAN,AGRA,AGRA,Uttar Pradesh,IN-25,283112,"VILLAGE RAHALAI, BLOCK SAIYAN, AGRA, AGRA, 283112, India",9557334273,prakhar_tyagi@yahoo.com,26.949054,78.038892,"DIESEL, PETROL","Pure_Sure, Air_Filling, TWO_FOUR_SEVEN",2026-09-02 16:15:17
0000268174,VIRAJ FUELS BHARAT PETROLEUM DEALERS,VIRAJ FUELS BHARAT PETROLEUM DEALERS,"KHASRA 109MI, KHATA 0039",VILLAGE MANGURA TESHIL KIRAWALI,AGRA,AGRA,Uttar Pradesh,IN-25,282007,"KHASRA 109MI, KHATA 0039, VILLAGE MANGURA TESHIL KIRAWALI, AGRA, AGRA, 282007, India",9219508122,manish00014@gmail.com,27.220518,77.809237,"DIESEL, PETROL",Air_Filling,2026-09-02 16:15:17
0000251182,PANKAJ FILLING STATION BHARAT PETROLEUM DEALERS,PANKAJ FILLING STATION BHARAT PETROLEUM DEALERS,VILLAG GOPAU ON NH-21,AGRA - BHARATPUR ROAD,AGRAA,AGRA,Uttar Pradesh,IN-25,283122,"VILLAG GOPAU ON NH-21, AGRA - BHARATPUR ROAD, AGRAA, AGRA, 283122, India",9837887019,pankajgfillingstation@gmail.com,27.1411344,77.8083867,"DIESEL, PETROL",Air_Filling,2026-09-02 16:15:17
0000200016,PRABHA FILLING STATION BHARAT PETROLEUM DEALERS,PRABHA FILLING STATION BHARAT PETROLEUM DEALERS,RO AT DHAREHRA,ETMADHPUR,ETMADPUR,AGRA,Uttar Pradesh,IN-25,283202,"RO AT DHAREHRA, ETMADHPUR, ETMADPUR, AGRA, 283202, India",9412159580,pawas.etm@gmail.com,27.2425856,78.1741659,"DIESEL, PETROL","Automation, Pure_Sure, Air_Filling, TWO_FOUR_SEVEN",2026-09-02 16:15:17
0000224882,BANSI WALE FILLING SATION BHARAT PETROLEUM DEALERS,BANSI WALE FILLING SATION BHARAT PETROLEUM DEALERS,"VILLAGE PRATAPPURA,",TESHIL FATEHABA,FATEHABAD,AGRA,Uttar Pradesh,IN-25,283111,"VILLAGE PRATAPPURA,, TESHIL FATEHABA, FATEHABAD, AGRA, 283111, India",7042999872,bansiwalefs224882@bpclretail.in,27.037706,78.278877,"DIESEL, PETROL","Automation, Pure_Sure, Air_Filling, TWO_FOUR_SEVEN",2026-09-02 16:15:17
0000132194,KARGIL SAHED MOHAN SINGH FILLI BHARAT PETROLEUM DEALERS,KARGIL SAHED MOHAN SINGH FILLI BHARAT PETROLEUM DEALERS,AGRA BYE PASS MALPURA,MALPURA,MALPURA,AGRA,Uttar Pradesh,IN-25,282001,"AGRA BYE PASS MALPURA, MALPURA, MALPURA, AGRA, 282001, India",,mohan132194@bpclretail.in,27.121626,77.941463,,"Parking, Air_Filling",2026-09-02 16:15:17
0000115463,AUTO DIESEL BHARAT PETROLEUM DEALERS,AUTO DIESEL BHARAT PETROLEUM DEALERS,VILLARE MIDHAKUR,AGRA,MIDHAKUR,AGRA,Uttar Pradesh,IN-25,282010,"VILLARE MIDHAKUR, AGRA, MIDHAKUR, AGRA, 282010, India",,bpclmathura@gmail.com,27.177805,77.80539,,Air_Filling,2026-09-02 16:15:17
0000191764,PARASHAR FILLING STATION BHARAT PETROLEUM DEALERS,PARASHAR FILLING STATION BHARAT PETROLEUM DEALERS,VILLAGE RAIBA,RAIBA TO KIRAWALI ROAD,RAIBA,AGRA,Uttar Pradesh,IN-25,282002,"VILLAGE RAIBA, RAIBA TO KIRAWALI ROAD, RAIBA, AGRA, 282002, India",9412010451,parashar191764@bpclretail.in,27.1735025,77.803482,"DIESEL, PETROL","Automation, Pure_Sure, Air_Filling, TWO_FOUR_SEVEN",2026-09-02 16:15:17
0000115462,ANIL HIGHWAY FILLING STATION BHARAT PETROLEUM DEALERS,ANIL HIGHWAY FILLING STATION BHARAT PETROLEUM DEALERS,VILLARE PATHOLI,AGRA,AGRA,AGRA UTTAR PRADESH,Uttar Pradesh,IN-25,283125,"VILLARE PATHOLI, AGRA, AGRA, AGRA UTTAR PRADESH, 283125, India",7464882029,anil115462@bpclretail.in,27.156108,77.905532,"DIESEL, PETROL","Automation, Pure_Sure, Air_Filling, Parking, TWO_FOUR_SEVEN",2026-09-02 16:15:17
0000131077,BP - TAJ BHARAT PETROLEUM CORPORATION L,BP - TAJ BHARAT PETROLEUM CORPORATION L,DELHI GATE,AGRA,AGRA,AGRA UTTAR PRADESH,Uttar Pradesh,IN-25,282002,"DELHI GATE, AGRA, AGRA, AGRA UTTAR PRADESH, 282002, India",8860034050,bp131077@bpclretail.in,27.196538,77.999863,"DIESEL, PETROL, SPEED","Automation, ATM, Air_Filling",2026-09-02 16:15:17
0000167997,KUSUM AUTOS BHARAT PETROLEUM DEALERS,KUSUM AUTOS BHARAT PETROLEUM DEALERS,MAUJA POIYA,VILLAGE NANDLAPUR,AGRA,AGRA UTTAR PRADESH,Uttar Pradesh,IN-25,282006,"MAUJA POIYA, VILLAGE NANDLAPUR, AGRA, AGRA UTTAR PRADESH, 282006, India",9719100064,kusums167997@bpclretail.in,27.248911,78.046269,"DIESEL, PETROL, SPEED","Automation, Parking, Air_Filling",2026-09-02 16:15:17
0000115479,PRAKASH AUTOMOBILES (KK BAGH) BHARAT PETROLEUM DEALERS,PRAKASH AUTOMOBILES (KK BAGH) BHARAT PETROLEUM DEALERS,VILLAGE KISHORA KA BAGH,AGRA,AGRA,AGRA UTTAR PRADESH,Uttar Pradesh,IN-25,283124,"VILLAGE KISHORA KA BAGH, AGRA, AGRA, AGRA UTTAR PRADESH, 283124, India",9897000010,prakash115479@bpclretail.in,26.983349,77.952407,"DIESEL, PETROL","Automation, Pure_Sure, Air_Filling, TWO_FOUR_SEVEN",2026-09-02 16:15:17
0000179565,PRATAP FILLING STATION BHARAT PETROLEUM DEALERS,PRATAP FILLING STATION BHARAT PETROLEUM DEALERS,KEETHAM ON NH 2,VILLAGE KEETHAM,AGRA,AGRA UTTAR PRADESH,Uttar Pradesh,IN-25,282007,"KEETHAM ON NH 2, VILLAGE KEETHAM, AGRA, AGRA UTTAR PRADESH, 282007, India",9410804250,pratapf179565@bpclretail.in,27.252334,77.82145,"DIESEL, PETROL","Automation, Pure_Sure, Air_Filling, TWO_FOUR_SEVEN",2026-09-02 16:15:17
0000179887,VIJAY FILLING STATION (ADHOC) BHARAT PETROLEUM DEALERS,VIJAY FILLING STATION (ADHOC) BHARAT PETROLEUM DEALERS,AGRA,AGRA,AGRA,AGRA UTTAR PRADESH,Uttar Pradesh,IN-25,282005,"AGRA, AGRA, AGRA, AGRA UTTAR PRADESH, 282005, India",,aryavijay2007@yahoo.co.in,27.208123,78.022928,,Air_Filling,2026-09-02 16:15:17
0000141581,A C FUELS BHARAT PETROLEUM DEALERS,A C FUELS BHARAT PETROLEUM DEALERS,YAMUNA KINARA,NEAR ITMADULULLAH,AGRA,"AGRA, UTTAR PRADESH",Uttar Pradesh,IN-25,282005,"YAMUNA KINARA, NEAR ITMADULULLAH, AGRA, AGRA, UTTAR PRADESH, 282005, India",9897014000,acs141581@bpclretail.in,27.190407,78.031303,"DIESEL, PETROL, SPEED","Automation, Pure_Sure, Air_Filling, TWO_FOUR_SEVEN",2026-09-02 16:15:17
0000139381,G K FILLING STATION BHARAT PETROLEUM DEALERS,G K FILLING STATION BHARAT PETROLEUM DEALERS,AGRA FATEHBAD ROAD,"VIIL. BAMROLI KATRA, AGRA",AGRA,"AGRA, UTTAR PRADESH",Uttar Pradesh,IN-25,282003,"AGRA FATEHBAD ROAD, VIIL. BAMROLI KATRA, AGRA, AGRA, AGRA, UTTAR PRADESH, 282003, India",9319333322,gk139381@bpclretail.in,27.127749,78.106798,"DIESEL, PETROL","Automation, Pure_Sure, Air_Filling, TWO_FOUR_SEVEN",2026-09-02 16:15:17
0000142816,HERITAGE FILLING STATION BHARAT PETROLEUM DEALERS,HERITAGE FILLING STATION BHARAT PETROLEUM DEALERS,SIKANDRA-BODHLA ROAD,"MAUZA - BODHLA, TEHSIL - AGRA",AGRA,"AGRA, UTTAR PRADESH",Uttar Pradesh,IN-25,282004,"SIKANDRA-BODHLA ROAD, MAUZA - BODHLA, TEHSIL - AGRA, AGRA, AGRA, UTTAR PRADESH, 282004, India",9837469100,heritage142816@bpclretail.in,27.190663,77.959972,"DIESEL, PETROL, SPEED","Automation, Pure_Sure, Air_Filling, Parking, TWO_FOUR_SEVEN",2026-09-02 16:15:17
0000143155,JAINAB FILLING STATION BHARAT PETROLEUM DEALERS,JAINAB FILLING STATION BHARAT PETROLEUM DEALERS,JOHN S MILL,JEONI MANDI,AGRA,"AGRA, UTTAR PRADESH",Uttar Pradesh,IN-25,282002,"JOHN S MILL, JEONI MANDI, AGRA, AGRA, UTTAR PRADESH, 282002, India",9412255755,jainab143155@bpclretail.in,27.1982,78.0257,"DIESEL, PETROL, SPEED","Automation, ATM, Air_Filling",2026-09-02 16:15:17
0000145725,SHYAM KAMAL FILLING STATION BHARAT PETROLEUM DEALERS,SHYAM KAMAL FILLING STATION BHARAT PETROLEUM DEALERS,FREEGANJ CROSSING,FREEGANJ,AGRA,"AGRA, UTTAR PRADESH",Uttar Pradesh,IN-25,282004,"FREEGANJ CROSSING, FREEGANJ, AGRA, AGRA, UTTAR PRADESH, 282004, India",7417824054,shyam145725@bpclretail.in,27.196035,78.021979,"DIESEL, PETROL, SPEED","Automation, Pure_Sure, Air_Filling, ATM, TWO_FOUR_SEVEN",2026-09-02 16:15:17
0000143964,TOURAIDS (I) TRAVEL SERVICE BHARAT PETROLEUM DEALERS,TOURAIDS (I) TRAVEL SERVICE BHARAT PETROLEUM DEALERS,"MAUZA BASAI, VIP ROAD",NEAR HOTEL DEEDAR-E-TAJ,AGRA,"AGRA, UTTAR PRADESH",Uttar Pradesh,IN-25,282002,"MAUZA BASAI, VIP ROAD, NEAR HOTEL DEEDAR-E-TAJ, AGRA, AGRA, UTTAR PRADESH, 282002, India",9756438216,touraids143964@bpclretail.in,27.160054,78.060808,"DIESEL, PETROL, SPEED","Automation, Pure_Sure, Air_Filling, Parking, TWO_FOUR_SEVEN",2026-09-02 16:15:17
0000149071,GULKANDI FILLING STATION BHARAT PETROLEUM DEALERS,GULKANDI FILLING STATION BHARAT PETROLEUM DEALERS,VILLAGE - BAKALPUR,"BAROLI AHIR , TEHSIL - FATEHABAD",BAKALPUR,"AGRA, UTTAR PRADESH",Uttar Pradesh,IN-25,283125,"VILLAGE - BAKALPUR, BAROLI AHIR , TEHSIL - FATEHABAD, BAKALPUR, AGRA, UTTAR PRADESH, 283125, India",9759752839,gulkandi149071@bpclretail.in,27.043346,78.109708,"DIESEL, PETROL","Automation, Pure_Sure, Air_Filling, Parking, TWO_FOUR_SEVEN",2026-09-02 16:15:17
0000158324,ASHOK AUTOMOBILES BHARAT PETROLEUM DEALERS,ASHOK AUTOMOBILES BHARAT PETROLEUM DEALERS,RO AT JAMALNAGAR BHAINS,AGRA - JALESAR ROAD,JAMALNAGAR BHAINS,"AGRA, UTTAR PRADESH",Uttar Pradesh,IN-25,283204,"RO AT JAMALNAGAR BHAINS, AGRA - JALESAR ROAD, JAMALNAGAR BHAINS, AGRA, UTTAR PRADESH, 283204, India",9412722000,ashok158324@bpclretail.in,27.380592,78.186352,"DIESEL, PETROL","Automation, Pure_Sure, Air_Filling, Parking, ATM, TWO_FOUR_SEVEN",2026-09-02 16:15:17
0000167583,G.K. FILLING STATION (AD HOC) BHARAT PETROLEUM DEALERS,G.K. FILLING STATION (AD HOC) BHARAT PETROLEUM DEALERS,VILLAGE KEETHAM,,KEETHAM,"AGRA, UTTAR PRADESH",Uttar Pradesh,IN-25,282007,"VILLAGE KEETHAM, , KEETHAM, AGRA, UTTAR PRADESH, 282007, India",,neerajgk100@gmail.com,27.252334,77.82145,,Air_Filling,2026-09-02 16:15:17
0000158318,TOR FUELS BHARAT PETROLEUM DEALERS,TOR FUELS BHARAT PETROLEUM DEALERS,SHAMSHABAD-SAIYYAN ROAD,POST IRADAT NAGAR,TOR,"AGRA, UTTAR PRADESH",Uttar Pradesh,IN-25,283112,"SHAMSHABAD-SAIYYAN ROAD, POST IRADAT NAGAR, TOR, AGRA, UTTAR PRADESH, 283112, India",9719094195,tor158318@bpclretail.in,26.977041,78.057083,"DIESEL, PETROL","Automation, Pure_Sure, Air_Filling, Parking, TWO_FOUR_SEVEN",2026-09-02 16:15:17
0000116403,GUPTA SERVICE STATION BHARAT PETROLEUM DEALERS,GUPTA SERVICE STATION BHARAT PETROLEUM DEALERS,DELHI ROAD,DELHI BARAUT ROAD,BAGHPAT,BAGHPAT,Uttar Pradesh,IN-25,250609,"DELHI ROAD, DELHI BARAUT ROAD, BAGHPAT, BAGHPAT, 250609, India",7738028124,gupta116403@bpclretail.in,28.946292,77.219579,"DIESEL, PETROL","Automation, Pure_Sure, Air_Filling, TWO_FOUR_SEVEN",2026-09-02 16:15:14
0000243412,MEETLI FUEL POINT BHARAT PETROLEUM DEALERS,MEETLI FUEL POINT BHARAT PETROLEUM DEALERS,"KHASRA NO. 1453 , NH 334B","KHASRA NO. 1453 , NH 334B",BAGHPAT,BAGHPAT,Uttar Pradesh,IN-25,250601,"KHASRA NO. 1453 , NH 334B, KHASRA NO. 1453 , NH 334B, BAGHPAT, BAGHPAT, 250601, India",7500366244,CC243412@bpclretail.in,28.95657,77.30814,"DIESEL, PETROL","Automation, Pure_Sure, Air_Filling, TWO_FOUR_SEVEN",2026-09-02 16:15:14
0000240207,PT. KISHORI LAL FILLING STATIO BHARAT PETROLEUM DEALERS,PT. KISHORI LAL FILLING STATIO BHARAT PETROLEUM DEALERS,VILLAGE DURBHA,VILLAGE DURBHA,BAGHPAT,BAGHPAT,Uttar Pradesh,IN-25,250609,"VILLAGE DURBHA, VILLAGE DURBHA, BAGHPAT, BAGHPAT, 250609, India",8285428632,CC240207@bpclretail.in,28.936161,77.252724,"DIESEL, PETROL","Automation, Pure_Sure, Air_Filling, TWO_FOUR_SEVEN",2026-09-02 16:15:14
0000193388,RATAUL FILLING STATION BHARAT PETROLEUM DEALERS,RATAUL FILLING STATION BHARAT PETROLEUM DEALERS,KHATAUNI NO. 292 KHASRA NO. 148,VILLAGE SHEIKHPURI,BAGHPAT,BAGHPAT,Uttar Pradesh,IN-25,250101,"KHATAUNI NO. 292 KHASRA NO. 148, VILLAGE SHEIKHPURI, BAGHPAT, BAGHPAT, 250101, India",9970252207,rataul193388@bpclretail.in,28.8444,77.3456,"DIESEL, PETROL","Automation, Pure_Sure, Air_Filling, TWO_FOUR_SEVEN",2026-09-02 16:15:14
0000253105,SATISH AUTO FUELS BHARAT PETROLEUM DEALERS,SATISH AUTO FUELS BHARAT PETROLEUM DEALERS,BAGHPAT BANGAR ANDAR HADOOD,BAGHPAT BANGAR ANDAR HADOOD,BAGHPAT,BAGHPAT,Uttar Pradesh,IN-25,250609,"BAGHPAT BANGAR ANDAR HADOOD, BAGHPAT BANGAR ANDAR HADOOD, BAGHPAT, BAGHPAT, 250609, India",8860362500,cc253105@bpclretail.in,28.938628,77.226524,"DIESEL, PETROL, SPEED","Automation, Pure_Sure, Air_Filling, TWO_FOUR_SEVEN",2026-09-02 16:15:14
0000151313,RAJENDER FILLING STATION BHARAT PETROLEUM DEALERS,RAJENDER FILLING STATION BHARAT PETROLEUM DEALERS,PO AMIN NAGAR,MEERUT-BAGHPAT ROAD,PILANABHATTA,BAGHPAT,Uttar Pradesh,IN-25,250606,"PO AMIN NAGAR, MEERUT-BAGHPAT ROAD, PILANABHATTA, BAGHPAT, 250606, India",9557665889,rajender151313@bpclretail.in,28.956016,77.390649,"DIESEL, PETROL","Automation, Pure_Sure, Air_Filling, TWO_FOUR_SEVEN",2026-09-02 16:15:14
0000214779,AMAR FILLING STATION BHARAT PETROLEUM DEALERS,AMAR FILLING STATION BHARAT PETROLEUM DEALERS,VILLAGE BIJEMAU,TEHSIL NAWABGANJ DISTRICT BARABANKI,BARABANKI,BARA BANKI,Uttar Pradesh,IN-25,225122,"VILLAGE BIJEMAU, TEHSIL NAWABGANJ DISTRICT BARABANKI, BARABANKI, BARA BANKI, 225122, India",9161585488,amarfs214779@bpclretail.in,26.872056,81.13904,"DIESEL, PETROL","Automation, Pure_Sure, Air_Filling, TWO_FOUR_SEVEN",2026-09-02 16:15:18
0000215694,BABA PETROLEUM BHARAT PETROLEUM DEALERS,BABA PETROLEUM BHARAT PETROLEUM DEALERS,VILLAGE MURTZANAGAR,TEHSIL NAWABGANJ,BARABANKI,BARA BANKI,Uttar Pradesh,IN-25,225301,"VILLAGE MURTZANAGAR, TEHSIL NAWABGANJ, BARABANKI, BARA BANKI, 225301, India",9336323969,babape215694@bpclretail.in,27.033173,81.114037,"DIESEL, PETROL","Pure_Sure, Air_Filling, TWO_FOUR_SEVEN",2026-09-02 16:15:18
0000253345,BABU SUNDAR LAL FILLING STATIO BHARAT PETROLEUM DEALERS,BABU SUNDAR LAL FILLING STATIO BHARAT PETROLEUM DEALERS,VILLAGE IBRAHIMABAD,TEHSIL NAWABPUR,BARABANKI,BARA BANKI,Uttar Pradesh,IN-25,226014,"VILLAGE IBRAHIMABAD, TEHSIL NAWABPUR, BARABANKI, BARA BANKI, 226014, India",8418953333,11sandeep.singh@gmail.com,26.7788,81.2471,"DIESEL, PETROL","Pure_Sure, Air_Filling, TWO_FOUR_SEVEN",2026-09-02 16:15:18
0000213831,BADOSARAI AUTOMOBILES ADHOC BHARAT PETROLEUM DEALERS,BADOSARAI AUTOMOBILES ADHOC BHARAT PETROLEUM DEALERS,NAKA SATRIKH,BARABANKI,BARABANKI,BARA BANKI,Uttar Pradesh,IN-25,225001,"NAKA SATRIKH, BARABANKI, BARABANKI, BARA BANKI, 225001, India",9899696709,badoautoadhocbbk@gmail.com,26.926794,81.1967,,"Automation, Air_Filling",2026-09-02 16:15:18
0000123556,BADRI PRASAD RAM CHANDER BHARAT PETROLEUM DEALERS,BADRI PRASAD RAM CHANDER BHARAT PETROLEUM DEALERS,NEAR OLD BUS STAND BARABANKI,BARABANKI CITY,BARABANKI,BARA BANKI,Uttar Pradesh,IN-25,225001,"NEAR OLD BUS STAND BARABANKI, BARABANKI CITY, BARABANKI, BARA BANKI, 225001, India",9450280511,badri123556@bpclretail.in,26.927915,81.182886,"DIESEL, PETROL, SPEED","Automation, Pure_Sure, Air_Filling, TWO_FOUR_SEVEN",2026-09-02 16:15:18
0000243365,BALA JI FILLING STATION BHARAT PETROLEUM DEALERS,BALA JI FILLING STATION BHARAT PETROLEUM DEALERS,"VILLAGE HUSSAINABAD, ON NH 731",TESHIL HAIDERGARH,BARABANKI,BARA BANKI,Uttar Pradesh,IN-25,225124,"VILLAGE HUSSAINABAD, ON NH 731, TESHIL HAIDERGARH, BARABANKI, BARA BANKI, 225124, India",8896564063,shuklap9648@gmail.com,26.681492,81.267258,"DIESEL, PETROL","Pure_Sure, Air_Filling, TWO_FOUR_SEVEN",2026-09-02 16:15:18
0000197569,BP-BARABANKI BHARAT PETROLEUM DEALERS,BP-BARABANKI BHARAT PETROLEUM DEALERS,NAKA SATRIKH,LUCKNOW FAIZABAD ROAD,BARABANKI,BARA BANKI,Uttar Pradesh,IN-25,225001,"NAKA SATRIKH, LUCKNOW FAIZABAD ROAD, BARABANKI, BARA BANKI, 225001, India",9838646666,bpbarabanki197569@gmail.com,26.926794,81.1967,"DIESEL, PETROL, SPEED","Automation, Air_Filling",2026-09-02 16:15:18
0000223654,DEEPAK FILLING STATION BHARAT PETROLEUM DEALERS,DEEPAK FILLING STATION BHARAT PETROLEUM DEALERS,VILLAGE KOLA GEHWADI,TEHSIL NAWABGANJ,BARABANKI,BARA BANKI,Uttar Pradesh,IN-25,225121,"VILLAGE KOLA GEHWADI, TEHSIL NAWABGANJ, BARABANKI, BARA BANKI, 225121, India",7355065657,deepakfs223654@bpclretail.in,26.8746,81.2794,"DIESEL, PETROL","Pure_Sure, Air_Filling, TWO_FOUR_SEVEN",2026-09-02 16:15:18
0000255083,FAMILY PETROL PUMP BHARAT PETROLEUM DEALERS,FAMILY PETROL PUMP BHARAT PETROLEUM DEALERS,VILLAGE CHILAUKI,TEHSIL NAWABGANJ,BARABANKI,BARA BANKI,Uttar Pradesh,IN-25,225412,"VILLAGE CHILAUKI, TEHSIL NAWABGANJ, BARABANKI, BARA BANKI, 225412, India",9044753221,farhanquraishi0015@gmail.com,26.9014,81.347,"DIESEL, PETROL","Pure_Sure, Air_Filling, TWO_FOUR_SEVEN",2026-09-02 16:15:18
0000251764,GANDHI FILLING STATION BHARAT PETROLEUM DEALERS,GANDHI FILLING STATION BHARAT PETROLEUM DEALERS,VILLAGE CHAK KODAR,"FATEHPUR SURATGANJ ROAD, TEHSIL FAT",BARABANKI,BARA BANKI,Uttar Pradesh,IN-25,225305,"VILLAGE CHAK KODAR, FATEHPUR SURATGANJ ROAD, TEHSIL FAT, BARABANKI, BARA BANKI, 225305, India",9878233603,damanjo.du@gmail.com,27.1992,81.2531,"DIESEL, PETROL","Pure_Sure, Air_Filling, TWO_FOUR_SEVEN",2026-09-02 16:15:18
0000230500,KAMLA PRASAD FILLING STATION BHARAT PETROLEUM DEALERS,KAMLA PRASAD FILLING STATION BHARAT PETROLEUM DEALERS,VILLAGE JEHANGEERABAD,TEHSIL NAWABGANJ,BARABANKI,BARA BANKI,Uttar Pradesh,IN-25,225203,"VILLAGE JEHANGEERABAD, TEHSIL NAWABGANJ, BARABANKI, BARA BANKI, 225203, India",9005442691,vedrawat119@gmail.com,26.988213,81.237267,"DIESEL, PETROL","Pure_Sure, Air_Filling, TWO_FOUR_SEVEN",2026-09-02 16:15:18
0000228426,KAPSETHIYA FILLING STATION BHARAT PETROLEUM DEALERS,KAPSETHIYA FILLING STATION BHARAT PETROLEUM DEALERS,VILLAGE BHITAULI KALAN,BARABANKI,BARABANKI,BARA BANKI,Uttar Pradesh,IN-25,225003,"VILLAGE BHITAULI KALAN, BARABANKI, BARABANKI, BARA BANKI, 225003, India",8004300000,kapsethiyafillingstation@gmail.com,26.871193,81.100586,"DIESEL, PETROL","Pure_Sure, Air_Filling, TWO_FOUR_SEVEN",2026-09-02 16:15:18
0000251677,MAA VIDYAWATI FILLING STATION BHARAT PETROLEUM DEALERS,MAA VIDYAWATI FILLING STATION BHARAT PETROLEUM DEALERS,"SURSANDA,BARABANKI",GONDA BEHRAICH ROAD,BARABANKI,BARA BANKI,Uttar Pradesh,IN-25,225001,"SURSANDA,BARABANKI, GONDA BEHRAICH ROAD, BARABANKI, BARA BANKI, 225001, India",8601117436,rahulsinghverma99@gmail.com,26.940528,81.241249,"DIESEL, PETROL, SPEED",Air_Filling,2026-09-02 16:15:18
0000232079,MAHAKAL FILLING STATION BHARAT PETROLEUM DEALERS,MAHAKAL FILLING STATION BHARAT PETROLEUM DEALERS,VILLAGE BIKEPUR,ON SURATGANJ BEHRAICH ROAD,BARABANKI,BARA BANKI,Uttar Pradesh,IN-25,225304,"VILLAGE BIKEPUR, ON SURATGANJ BEHRAICH ROAD, BARABANKI, BARA BANKI, 225304, India",9670060312,SURAJJAISWAL9283@GMAIL.COM,27.19179746,81.34142429,"DIESEL, PETROL","Pure_Sure, Air_Filling, TWO_FOUR_SEVEN",2026-09-02 16:15:18
0000220908,MANORAMA FILLING CENTRE BHARAT PETROLEUM DEALERS,MANORAMA FILLING CENTRE BHARAT PETROLEUM DEALERS,BARAIL,TEHSIL NAWABGANJ,BARABANKI,BARA BANKI,Uttar Pradesh,IN-25,225001,"BARAIL, TEHSIL NAWABGANJ, BARABANKI, BARA BANKI, 225001, India",9415075311,manoramafc220908@bpclretail.in,26.906505,81.202983,"DIESEL, PETROL","Pure_Sure, Air_Filling, TWO_FOUR_SEVEN",2026-09-02 16:15:18
0000252599,MUNESHWAR BUX FILLING STATION BHARAT PETROLEUM DEALERS,MUNESHWAR BUX FILLING STATION BHARAT PETROLEUM DEALERS,SARSAWA,"ISRAULI, SARSAWA SAMPARK MARG",BARABANKI,BARA BANKI,Uttar Pradesh,IN-25,225301,"SARSAWA, ISRAULI, SARSAWA SAMPARK MARG, BARABANKI, BARA BANKI, 225301, India",9450280615,pritidevi.satverma@gmail.com,27.1286,81.1345,"DIESEL, PETROL","Pure_Sure, Air_Filling, TWO_FOUR_SEVEN",2026-09-02 16:15:18
0000123587,NAND LAL VED PRAKASH BHARAT PETROLEUM DEALERS,NAND LAL VED PRAKASH BHARAT PETROLEUM DEALERS, FAIZABAD ROAD BARABANKI,,BARABANKI,BARA BANKI,Uttar Pradesh,IN-25,225001," FAIZABAD ROAD BARABANKI, , BARABANKI, BARA BANKI, 225001, India",,nandlal123587@bpclretail.in,26.926794,81.1967,,Air_Filling,2026-09-02 16:15:18
0000262645,OM FILLING CENTER BHARAT PETROLEUM DEALERS,OM FILLING CENTER BHARAT PETROLEUM DEALERS,"KOTWA, BHAYARA ROAD","ON BHAYARA ROAD, VILLAGE KOTWA, TEH",BARABANKI,BARA BANKI,Uttar Pradesh,IN-25,225206,"KOTWA, BHAYARA ROAD, ON BHAYARA ROAD, VILLAGE KOTWA, TEH, BARABANKI, BARA BANKI, 225206, India",9454689246,jaiswal512kush@gmail.com,27.0075833,81.2913056,"DIESEL, PETROL",Air_Filling,2026-09-02 16:15:18
0000249860,OM NAMAH SHIVAY FILLING STATIO BHARAT PETROLEUM DEALERS,OM NAMAH SHIVAY FILLING STATIO BHARAT PETROLEUM DEALERS,VILLAGE-ITAUNJA ON FATEHPUR ROAD,TEHSIL- FATEHPUR,BARABANKI,BARA BANKI,Uttar Pradesh,IN-25,225305,"VILLAGE-ITAUNJA ON FATEHPUR ROAD, TEHSIL- FATEHPUR, BARABANKI, BARA BANKI, 225305, India",9670106343,vermakamals123@gmail.com,27.175213,81.119858,"DIESEL, PETROL","Pure_Sure, Air_Filling, TWO_FOUR_SEVEN",2026-09-02 16:15:18
0000225732,R.D. FILLING STATION BHARAT PETROLEUM DEALERS,R.D. FILLING STATION BHARAT PETROLEUM DEALERS,VILLAGE BILAKHIYA,TEHSIL RAMNAGAR,BARABANKI,BARA BANKI,Uttar Pradesh,IN-25,225205,"VILLAGE BILAKHIYA, TEHSIL RAMNAGAR, BARABANKI, BARA BANKI, 225205, India",9415659092,rdfs225732@bpclretail.in,27.109783,81.327164,"DIESEL, PETROL","Pure_Sure, Air_Filling, TWO_FOUR_SEVEN",2026-09-02 16:15:18
0000207558,RADHEY FILLING CENTER (ADHOC) BHARAT PETROLEUM DEALERS,RADHEY FILLING CENTER (ADHOC) BHARAT PETROLEUM DEALERS,NAKA SATRIKH,BARABANKI,BARABANKI,BARA BANKI,Uttar Pradesh,IN-25,225001,"NAKA SATRIKH, BARABANKI, BARABANKI, BARA BANKI, 225001, India",,radheyf179685@bpclretail.in,26.926794,81.1967,,"Automation, Air_Filling",2026-09-02 16:15:18
0000201581,SAI BA FILLING CENTRE (ADHOC) BHARAT PETROLEUM DEALERS,SAI BA FILLING CENTRE (ADHOC) BHARAT PETROLEUM DEALERS,BARABANKI,BARABANKI,BARABANKI,BARA BANKI,Uttar Pradesh,IN-25,225001,"BARABANKI, BARABANKI, BARABANKI, BARA BANKI, 225001, India",9628968308,saibafc201581@bpclretail.in,26.926794,81.1967,,"Automation, Air_Filling",2026-09-02 16:15:18
0000187995,SAI BA FILLING CENTRE BHARAT PETROLEUM DEALERS,SAI BA FILLING CENTRE BHARAT PETROLEUM DEALERS,LAKSHBAR BAJHA ON NH27,LUCKNOW FAIZABAD ROAD,BARABANKI,BARA BANKI,Uttar Pradesh,IN-25,225412,"LAKSHBAR BAJHA ON NH27, LUCKNOW FAIZABAD ROAD, BARABANKI, BARA BANKI, 225412, India",9415048842,saibafi187995@bpclretail.in,26.91555,81.298833,"DIESEL, PETROL, SPEED","Automation, Pure_Sure, Air_Filling, TWO_FOUR_SEVEN",2026-09-02 16:15:18
0000228377,SHIV SONS FILLING STATION BHARAT PETROLEUM DEALERS,SHIV SONS FILLING STATION BHARAT PETROLEUM DEALERS,VILLAGE NIGAREE,BARABANKI,BARABANKI,BARA BANKI,Uttar Pradesh,IN-25,225203,"VILLAGE NIGAREE, BARABANKI, BARABANKI, BARA BANKI, 225203, India",8127963199,shikhar6752@gmail.com,27.005665,81.261887,"DIESEL, PETROL","Pure_Sure, Air_Filling, TWO_FOUR_SEVEN",2026-09-02 16:15:18
0000246379,SHYAM FILLING STATION BHARAT PETROLEUM DEALERS,SHYAM FILLING STATION BHARAT PETROLEUM DEALERS,VILLAGE BEHRAULI,KURSI ROAD,BARABANKI,BARA BANKI,Uttar Pradesh,IN-25,225302,"VILLAGE BEHRAULI, KURSI ROAD, BARABANKI, BARA BANKI, 225302, India",9415006439,account@shyamswaad.com,27.046008,81.04047,"DIESEL, PETROL","Pure_Sure, Air_Filling, TWO_FOUR_SEVEN",2026-09-02 16:15:18
0000214246,THE 33 PETRO BHARAT PETROLEUM DEALERS,THE 33 PETRO BHARAT PETROLEUM DEALERS,VILLAGE KHAJOORGAON,TEHSIL NAWABGANJ DISTRICT BARABANKI,BARABANKI,BARA BANKI,Uttar Pradesh,IN-25,225003,"VILLAGE KHAJOORGAON, TEHSIL NAWABGANJ DISTRICT BARABANKI, BARABANKI, BARA BANKI, 225003, India",9648990033,thepetro214246@bpclretail.in,26.956792,81.108167,"DIESEL, PETROL","Pure_Sure, Air_Filling, TWO_FOUR_SEVEN",2026-09-02 16:15:18
0000240971,UMA FILLING STATION BHARAT PETROLEUM DEALERS,UMA FILLING STATION BHARAT PETROLEUM DEALERS,VILLAGE DADRA ON NH 28 RHS LUCKNOW,"NEAR SAFDARGANJ,",BARABANKI,BARA BANKI,Uttar Pradesh,IN-25,225302,"VILLAGE DADRA ON NH 28 RHS LUCKNOW, NEAR SAFDARGANJ,, BARABANKI, BARA BANKI, 225302, India",7985971545,Uma240971@bpclretail.in,26.905722,81.322311,"DIESEL, PETROL","Pure_Sure, Air_Filling, TWO_FOUR_SEVEN",2026-09-02 16:15:18
0000123592,PANDEY FILLING STATION BHARAT PETROLEUM DEALERS,PANDEY FILLING STATION BHARAT PETROLEUM DEALERS,DEWA,DEWA,DEWA,BARA BANKI,Uttar Pradesh,IN-25,225301,"DEWA, DEWA, DEWA, BARA BANKI, 225301, India",9452429300,pandey123592@bpclretail.in,27.01638,81.17588,"DIESEL, PETROL","Automation, Pure_Sure, Air_Filling, TWO_FOUR_SEVEN",2026-09-02 16:15:18
0000123595,PARMESHWAR FILLING STATION BHARAT PETROLEUM DEALERS,PARMESHWAR FILLING STATION BHARAT PETROLEUM DEALERS,KOTHI,KOTHI,KOTHI,BARA BANKI,Uttar Pradesh,IN-25,225119,"KOTHI, KOTHI, KOTHI, BARA BANKI, 225119, India",9532971459,parmeshwar123595@bpclretail.in,26.738786,81.317398,"DIESEL, PETROL","Automation, Pure_Sure, Air_Filling, TWO_FOUR_SEVEN",2026-09-02 16:15:18
0000179685,RADHEY FILLING CENTRE BHARAT PETROLEUM DEALERS,RADHEY FILLING CENTRE BHARAT PETROLEUM DEALERS,"MAKANPUR, BHILWAL","NH-731 LUCKNOW SULTANPUR ROAD,",MAKANPUR,BARA BANKI,Uttar Pradesh,IN-25,225126,"MAKANPUR, BHILWAL, NH-731 LUCKNOW SULTANPUR ROAD,, MAKANPUR, BARA BANKI, 225126, India",8840328627,radheyf179685@bpclretail.in,26.705242,81.232803,"DIESEL, PETROL, SPEED","Automation, Pure_Sure, Air_Filling, TWO_FOUR_SEVEN",2026-09-02 16:15:18
0000127199,RADHEY RADHEY FILLING STATION BHARAT PETROLEUM DEALERS,RADHEY RADHEY FILLING STATION BHARAT PETROLEUM DEALERS,HARAK MEHANDIPUR ROAD,HARAK MEHANDIPUR ROAD,MEHANDIPUR,BARA BANKI,Uttar Pradesh,IN-25,225121,"HARAK MEHANDIPUR ROAD, HARAK MEHANDIPUR ROAD, MEHANDIPUR, BARA BANKI, 225121, India",9935783899,radhey127199@bpclretail.in,26.866224,81.225117,"DIESEL, PETROL, SPEED","Automation, Pure_Sure, Air_Filling, TWO_FOUR_SEVEN",2026-09-02 16:15:18
0000177949,A.S.FILLING STATION BHARAT PETROLEUM DEALERS,A.S.FILLING STATION BHARAT PETROLEUM DEALERS,"NINDURA, BARABANKI-225302",KURSI ROAD,NINDURA,BARA BANKI,Uttar Pradesh,IN-25,225302,"NINDURA, BARABANKI-225302, KURSI ROAD, NINDURA, BARA BANKI, 225302, India",9839135135,as177949@bpclretail.in,27.105863,81.062346,"DIESEL, PETROL","Automation, Pure_Sure, Air_Filling, TWO_FOUR_SEVEN",2026-09-02 16:15:18
0000123610,TRISHNA ENTERPRISES BHARAT PETROLEUM DEALERS,TRISHNA ENTERPRISES BHARAT PETROLEUM DEALERS,PALHRI BARABANKI,LUCKNOW FAIZABAD ROAD,PALHRI,BARA BANKI,Uttar Pradesh,IN-25,225001,"PALHRI BARABANKI, LUCKNOW FAIZABAD ROAD, PALHRI, BARA BANKI, 225001, India",9415002683,trishna123610@bpclretail.in,26.92789,81.2283,"DIESEL, PETROL, SPEED","Automation, Air_Filling",2026-09-02 16:15:18
0000173237,AGRAWAL SALES BHARAT PETROLEUM DEALERS,AGRAWAL SALES BHARAT PETROLEUM DEALERS,"VILL PATTI AJMAL, P.O. BIBIYAPUR TH","TEH HAIDERGARH, BLOCK SIDHAUR",PATTI AJMAL,BARA BANKI,Uttar Pradesh,IN-25,225119,"VILL PATTI AJMAL, P.O. BIBIYAPUR TH, TEH HAIDERGARH, BLOCK SIDHAUR, PATTI AJMAL, BARA BANKI, 225119, India",9794221000,agrawalsales173237@bpclretail.in,26.6722,81.3413,"DIESEL, PETROL","Automation, Pure_Sure, Air_Filling, TWO_FOUR_SEVEN",2026-09-02 16:15:18
0000150329,S.S.FUEL CENTRE BHARAT PETROLEUM DEALERS,S.S.FUEL CENTRE BHARAT PETROLEUM DEALERS,"SATRIKH,VILL/POST SATRIKH",,SATRIKH,BARA BANKI,Uttar Pradesh,IN-25,225122,"SATRIKH,VILL/POST SATRIKH, , SATRIKH, BARA BANKI, 225122, India",8423851102,ss150329@bpclretail.in,26.864695,81.197657,"DIESEL, PETROL","Automation, Pure_Sure, Air_Filling, TWO_FOUR_SEVEN",2026-09-02 16:15:18
0000123577,KAMAL FILLING CENTRE BHARAT PETROLEUM DEALERS,KAMAL FILLING CENTRE BHARAT PETROLEUM DEALERS,TIKAITGANJ,TIKAITGANJ,TIKAITGANJ,BARA BANKI,Uttar Pradesh,IN-25,225303,"TIKAITGANJ, TIKAITGANJ, TIKAITGANJ, BARA BANKI, 225303, India",8808078888,kamal123577@bpclretail.in,27.08966,81.05801,,"Automation, Pure_Sure, Air_Filling, TWO_FOUR_SEVEN",2026-09-02 16:15:18
0000201311,VIDYA FILLING STATION BHARAT PETROLEUM DEALERS,VIDYA FILLING STATION BHARAT PETROLEUM DEALERS,PLOT NO. 1579 & 1580,FATEHPUR KHAAS,VILLAGE FATEHPUR (TOWN),BARA BANKI,Uttar Pradesh,IN-25,225305,"PLOT NO. 1579 & 1580, FATEHPUR KHAAS, VILLAGE FATEHPUR (TOWN), BARA BANKI, 225305, India",7607238273,vidyafs201311@bpclretail.in,27.16715,81.220642,"DIESEL, PETROL","Automation, Pure_Sure, Air_Filling, TWO_FOUR_SEVEN",2026-09-02 16:15:18
0000196237,NANAK FILLING CENTRE BHARAT PETROLEUM DEALERS,NANAK FILLING CENTRE BHARAT PETROLEUM DEALERS,NAWABGANJ,SADARUDDINPUR,VILLAGE TERA DAULATPUR,BARA BANKI,Uttar Pradesh,IN-25,225001,"NAWABGANJ, SADARUDDINPUR, VILLAGE TERA DAULATPUR, BARA BANKI, 225001, India",9336724466,ms.nanaklubricants@rediffmail.com,27.0590975,81.2516901,"DIESEL, PETROL","Automation, Pure_Sure, Air_Filling, TWO_FOUR_SEVEN",2026-09-02 16:15:18
0000127200,RAM ASHREY FILLING STATION BHARAT PETROLEUM DEALERS,RAM ASHREY FILLING STATION BHARAT PETROLEUM DEALERS,ZAIDPUR,TEHSIL NAWABGANJ,ZAIDPUR,BARA BANKI,Uttar Pradesh,IN-25,225414,"ZAIDPUR, TEHSIL NAWABGANJ, ZAIDPUR, BARA BANKI, 225414, India",9454224939,ramashrey127200@bpclretail.in,26.837372,81.320896,"DIESEL, PETROL","Automation, Pure_Sure, Air_Filling, TWO_FOUR_SEVEN",2026-09-02 16:15:18
0000127998,SHAHEED ANIL FILLING STATION BHARAT PETROLEUM DEALERS,SHAHEED ANIL FILLING STATION BHARAT PETROLEUM DEALERS,VILLAGE - MANDAWALI,VILLAGE - MANDAWALI,MANDAWALI,BIJNOR,Uttar Pradesh,IN-25,246749,"VILLAGE - MANDAWALI, VILLAGE - MANDAWALI, MANDAWALI, BIJNOR, 246749, India",8057000985,shaheedanil127998@bpclretail.in,29.64374,78.261123,"DIESEL, PETROL","Automation, Pure_Sure, Air_Filling, TWO_FOUR_SEVEN",2026-09-02 16:15:17
0000232963,SHAKTI AUTO FUELS BHARAT PETROLEUM DEALERS,SHAKTI AUTO FUELS BHARAT PETROLEUM DEALERS,MIRZAPUR SAID,MIRZAPUR SAID,MIRZAPUR SAID,BIJNOR,Uttar Pradesh,IN-25,246721,"MIRZAPUR SAID, MIRZAPUR SAID, MIRZAPUR SAID, BIJNOR, 246721, India",9259356407,Shakti232963@bpclretail.in,29.64639,78.24826,"DIESEL, PETROL","Pure_Sure, Air_Filling, TWO_FOUR_SEVEN",2026-09-02 16:15:17
0000218657,CHAND FILLING STATION BHARAT PETROLEUM DEALERS,CHAND FILLING STATION BHARAT PETROLEUM DEALERS,VILLAGE TANDA MAIDAS BADHAPUR,VILLAGE TANDA MAIDAS BADHAPUR,NAGINA,BIJNOR,Uttar Pradesh,IN-25,246721,"VILLAGE TANDA MAIDAS BADHAPUR, VILLAGE TANDA MAIDAS BADHAPUR, NAGINA, BIJNOR, 246721, India",6398002592,chandfs218657@bpclretail.in,29.6278,78.471603,"DIESEL, PETROL","Pure_Sure, Air_Filling, TWO_FOUR_SEVEN",2026-09-02 16:15:17
0000218646,GAHLOT FILLING STATION BHARAT PETROLEUM DEALERS,GAHLOT FILLING STATION BHARAT PETROLEUM DEALERS,KHASRA NO.74 NEHAR BYPASS ROAD,KHASRA NO.74 NEHAR BYPASS ROAD,NAJIBABABD,BIJNOR,Uttar Pradesh,IN-25,246763,"KHASRA NO.74 NEHAR BYPASS ROAD, KHASRA NO.74 NEHAR BYPASS ROAD, NAJIBABABD, BIJNOR, 246763, India",8077787131,gahlotfs218646@bpclretail.in,29.6525,78.352402,"DIESEL, PETROL","Pure_Sure, Air_Filling, TWO_FOUR_SEVEN",2026-09-02 16:15:17
0000142574,AGARWAL OIL CARRIER BHARAT PETROLEUM DEALERS,AGARWAL OIL CARRIER BHARAT PETROLEUM DEALERS,NEAR ROADWAYS BUS STAND,NAJIBABAD-BIJNOR ROAD,NAJIBABAD,BIJNOR,Uttar Pradesh,IN-25,246763,"NEAR ROADWAYS BUS STAND, NAJIBABAD-BIJNOR ROAD, NAJIBABAD, BIJNOR, 246763, India",9927396035,agarwal142574@bpclretail.in,29.60242,78.327166,"DIESEL, PETROL","Automation, Pure_Sure, Air_Filling, TWO_FOUR_SEVEN",2026-09-02 16:15:17
0000116459,BODHRAJ GHAI & SONS BHARAT PETROLEUM DEALERS,BODHRAJ GHAI & SONS BHARAT PETROLEUM DEALERS,KOTDWAR ROAD,KOTDWAR ROAD,NAJIBABAD,BIJNOR,Uttar Pradesh,IN-25,246763,"KOTDWAR ROAD, KOTDWAR ROAD, NAJIBABAD, BIJNOR, 246763, India",9810853377,bodhraj116459@bpclretail.in,29.605241,78.342749,"DIESEL, PETROL","Automation, Pure_Sure, Air_Filling, TWO_FOUR_SEVEN",2026-09-02 16:15:17
0000179269,SHAKTI FILLING STATION BHARAT PETROLEUM DEALERS,SHAKTI FILLING STATION BHARAT PETROLEUM DEALERS,"KHASRA NO. 346, VILL JALALABAD",NAJIBABAD KIRATPUR ROAD,NAJIBABAD,BIJNOR,Uttar Pradesh,IN-25,246763,"KHASRA NO. 346, VILL JALALABAD, NAJIBABAD KIRATPUR ROAD, NAJIBABAD, BIJNOR, 246763, India",9837072280,shakti179269@bpclretail.in,29.593524,78.309857,"DIESEL, PETROL","Automation, Air_Filling",2026-09-02 16:15:17
0000251018,SHREE NARAYAN FILLING STATION BHARAT PETROLEUM DEALERS,SHREE NARAYAN FILLING STATION BHARAT PETROLEUM DEALERS,MANDAVAR TO BALAWALI ROAD,MANDAVAR TO BALAWALI ROAD,SHAHPUR,BIJNOR,Uttar Pradesh,IN-25,246723,"MANDAVAR TO BALAWALI ROAD, MANDAVAR TO BALAWALI ROAD, SHAHPUR, BIJNOR, 246723, India",9927026875,cc251018@bpclretail.in,29.616763,78.111027,"DIESEL, PETROL","Pure_Sure, Air_Filling, TWO_FOUR_SEVEN",2026-09-02 16:15:17
0000203539,SHREE MOTA MAHADEV FUELS BHARAT PETROLEUM DEALERS,SHREE MOTA MAHADEV FUELS BHARAT PETROLEUM DEALERS,"VILL-THAPAL, BHAGUWALA ROAD","VILL-THAPAL, BHAGUWALA ROAD",VILLAGE THAPAL,BIJNOR,Uttar Pradesh,IN-25,246763,"VILL-THAPAL, BHAGUWALA ROAD, VILL-THAPAL, BHAGUWALA ROAD, VILLAGE THAPAL, BIJNOR, 246763, India",9837047153,shrimotamahadevf203539@bpclretail.in,29.612779,78.3446,"DIESEL, PETROL","Automation, Pure_Sure, Air_Filling, TWO_FOUR_SEVEN",2026-09-02 16:15:17
0000188389,PRAKASH FILLING STATION BHARAT PETROLEUM DEALERS,PRAKASH FILLING STATION BHARAT PETROLEUM DEALERS,BILSURI,NH91,BELSURI,BULANDSHAHR,Uttar Pradesh,IN-25,203205,"BILSURI, NH91, BELSURI, BULANDSHAHR, 203205, India",8447773205,prakash188389@bpclretail.in,28.4369384,77.7582911,"DIESEL, PETROL","Automation, Pure_Sure, Air_Filling, TWO_FOUR_SEVEN",2026-09-02 16:15:15
0000264304,CHAND SIDDIQUI FILLING CENTRE BHARAT PETROLEUM DEALERS,CHAND SIDDIQUI FILLING CENTRE BHARAT PETROLEUM DEALERS,"SURVEY NO 496 SA, VILLAGE DARIYAPUR",TEHSIL AND DISTRICT BULANDSHAHR,BULANDSHAHR,BULANDSHAHR,Uttar Pradesh,IN-25,203001,"SURVEY NO 496 SA, VILLAGE DARIYAPUR, TEHSIL AND DISTRICT BULANDSHAHR, BULANDSHAHR, BULANDSHAHR, 203001, India",9412230475,sarwarsiddiqui183@gmail.com,28.424955,77.798137,"DIESEL, PETROL",Air_Filling,2026-09-02 16:15:15
0000223132,GAURAV JAKHER AUTOMOBILE BHARAT PETROLEUM DEALERS,GAURAV JAKHER AUTOMOBILE BHARAT PETROLEUM DEALERS,VILLAGE GESUPUR,VILLAGE GESUPUR,BULANDSHAHR,BULANDSHAHR,Uttar Pradesh,IN-25,203205,"VILLAGE GESUPUR, VILLAGE GESUPUR, BULANDSHAHR, BULANDSHAHR, 203205, India",9758363403,gauravjakher223132@bpclretail.in,28.541427,77.696629,"DIESEL, PETROL","Automation, Pure_Sure, Air_Filling, TWO_FOUR_SEVEN",2026-09-02 16:15:15
0000224084,HARIHAR FILLING STATION BHARAT PETROLEUM DEALERS,HARIHAR FILLING STATION BHARAT PETROLEUM DEALERS,VILLAGE DEVNAGAR URF DEOLI,VILLAGE DEVNAGAR URF DEOLI,BULANDSHAHR,BULANDSHAHR,Uttar Pradesh,IN-25,203408,"VILLAGE DEVNAGAR URF DEOLI, VILLAGE DEVNAGAR URF DEOLI, BULANDSHAHR, BULANDSHAHR, 203408, India",9811196317,hariharfs224084@bpclretail.in,28.5699321,77.7734543,"DIESEL, PETROL","Automation, Pure_Sure, Air_Filling, TWO_FOUR_SEVEN",2026-09-02 16:15:15
0000219554,JEETRAJ FILLING STATION BHARAT PETROLEUM DEALERS,JEETRAJ FILLING STATION BHARAT PETROLEUM DEALERS,CHINGRAWALI,CHINGRAWALI,BULANDSHAHR,BULANDSHAHR,Uttar Pradesh,IN-25,203141,"CHINGRAWALI, CHINGRAWALI, BULANDSHAHR, BULANDSHAHR, 203141, India",8285111055,jeetrajfs219554@bpclretail.in,28.228697,77.689018,"DIESEL, PETROL","Automation, Pure_Sure, Air_Filling, TWO_FOUR_SEVEN",2026-09-02 16:15:15
0000232077,JYOTI FILLING STATION BHARAT PETROLEUM DEALERS,JYOTI FILLING STATION BHARAT PETROLEUM DEALERS,SIKANDRABAD RURAL,SIKANDRABAD RURAL,BULANDSHAHR,BULANDSHAHR,Uttar Pradesh,IN-25,203205,"SIKANDRABAD RURAL, SIKANDRABAD RURAL, BULANDSHAHR, BULANDSHAHR, 203205, India",9627137788,Jyoti232077@bpclretail.in,28.4452585,77.7222486,"DIESEL, PETROL","Pure_Sure, Air_Filling, TWO_FOUR_SEVEN",2026-09-02 16:15:15
0000246792,SHREE SWASTIK FUEL STATION BHARAT PETROLEUM DEALERS,SHREE SWASTIK FUEL STATION BHARAT PETROLEUM DEALERS,SIKANDRABAD BYPASS,SIKANDRABAD BYPASS,BULANDSHAHR,BULANDSHAHR,Uttar Pradesh,IN-25,203205,"SIKANDRABAD BYPASS, SIKANDRABAD BYPASS, BULANDSHAHR, BULANDSHAHR, 203205, India",8800733066,CC246792@bpclretail.in,28.45884,77.717241,"DIESEL, PETROL, SPEED","Pure_Sure, Air_Filling, TWO_FOUR_SEVEN",2026-09-02 16:15:15
0000118772,"AJAY FILLING STATION, GULAOTHI BHARAT PETROLEUM DEALERS","AJAY FILLING STATION, GULAOTHI BHARAT PETROLEUM DEALERS",BULANDSHAR ROAD,BULANDSHAHAR,GULAOTHI,BULANDSHAHR,Uttar Pradesh,IN-25,203408,"BULANDSHAR ROAD, BULANDSHAHAR, GULAOTHI, BULANDSHAHR, 203408, India",9412469200,ajay118772@bpclretail.in,28.573935,77.792647,"DIESEL, PETROL, SPEED","Automation, Pure_Sure, Air_Filling, Parking, TWO_FOUR_SEVEN",2026-09-02 16:15:15
0000118860,SINGH FILLING STATION BHARAT PETROLEUM DEALERS,SINGH FILLING STATION BHARAT PETROLEUM DEALERS,KHURJA SHAH PUR,BULANDSHAHAR,KHURJA,BULANDSHAHR,Uttar Pradesh,IN-25,245205,"KHURJA SHAH PUR, BULANDSHAHAR, KHURJA, BULANDSHAHR, 245205, India",9897670586,singh118860@bpclretail.in,28.183255,77.739978,,"Automation, Parking, Air_Filling",2026-09-02 16:15:15
0000215180,OMBIR FUEL FILLING STATION BHARAT PETROLEUM DEALERS,OMBIR FUEL FILLING STATION BHARAT PETROLEUM DEALERS,VILLAGE BANCHAWALI,TEHSIL SIKANDRABAD,SIKANDRABAD,BULANDSHAHR,Uttar Pradesh,IN-25,203203,"VILLAGE BANCHAWALI, TEHSIL SIKANDRABAD, SIKANDRABAD, BULANDSHAHR, 203203, India",9877637981,ombirfuelfs215180@bpclretail.in,28.3370366,77.7636488,"DIESEL, PETROL","Automation, Pure_Sure, Air_Filling, TWO_FOUR_SEVEN",2026-09-02 16:15:15
0000240725,GURU KRIPA FILLING STATION BHARAT PETROLEUM DEALERS,GURU KRIPA FILLING STATION BHARAT PETROLEUM DEALERS,VILLAGE ATAYASTGANJ,TEHSIL CHAKIA,ATAYASTGANJ,CHANDAULI,Uttar Pradesh,IN-25,232118,"VILLAGE ATAYASTGANJ, TEHSIL CHAKIA, ATAYASTGANJ, CHANDAULI, 232118, India",9695633700,rajeshpaswn1008@gmail.com,25.1024285,83.2539144,"DIESEL, PETROL","Pure_Sure, Air_Filling, TWO_FOUR_SEVEN",2026-09-02 16:15:18
0000153282,BP-CHANDAULI BHARAT PETROLEUM CORPN LTD.,BP-CHANDAULI BHARAT PETROLEUM CORPN LTD.,BAGAHI - KUMBHAPUR,SAIYED RAJA BYE-PASS,BAGAHI - KUMBHAPUR,CHANDAULI,Uttar Pradesh,IN-25,232110,"BAGAHI - KUMBHAPUR, SAIYED RAJA BYE-PASS, BAGAHI - KUMBHAPUR, CHANDAULI, 232110, India",9026883420,bp153282@bpclretail.in,25.2472,83.3551,"DIESEL, PETROL, SPEED","Automation, Parking, Air_Filling",2026-09-02 16:15:18
0000247130,MAHADEV ENERGY BHARAT PETROLEUM DEALERS,MAHADEV ENERGY BHARAT PETROLEUM DEALERS,VILLAGE BAGAHI KUMBHAPUR,NH19,BAGAHI KUMBHAPUR,CHANDAULI,Uttar Pradesh,IN-25,232110,"VILLAGE BAGAHI KUMBHAPUR, NH19, BAGAHI KUMBHAPUR, CHANDAULI, 232110, India",9794839001,mahadevenergy@gmail.com,25.248859,83.371406,"DIESEL, PETROL","Pure_Sure, Air_Filling, TWO_FOUR_SEVEN",2026-09-02 16:15:18
0000261063,NEELKANTH FILING STATION BHARAT PETROLEUM DEALERS,NEELKANTH FILING STATION BHARAT PETROLEUM DEALERS,KHASRA NO.154,NH19,BAGAHI KUMBHAPUR,CHANDAULI,Uttar Pradesh,IN-25,232110,"KHASRA NO.154, NH19, BAGAHI KUMBHAPUR, CHANDAULI, 232110, India",7007299739,puneetsarkar@gmail.com,25.2493269,83.3663412,"DIESEL, PETROL","Pure_Sure, Air_Filling, TWO_FOUR_SEVEN",2026-09-02 16:15:18
0000240227,SIYARAM ENERGY STATION BHARAT PETROLEUM DEALERS,SIYARAM ENERGY STATION BHARAT PETROLEUM DEALERS,"NARAWAN, BAGAHI KUMBHAPUR",SAIYEDRAJA,BAGAHI KUMBHAPUR,CHANDAULI,Uttar Pradesh,IN-25,232110,"NARAWAN, BAGAHI KUMBHAPUR, SAIYEDRAJA, BAGAHI KUMBHAPUR, CHANDAULI, 232110, India",9967094603,singhrrishi@gmail.com,25.247995,83.3565086,"DIESEL, PETROL, SPEED","Pure_Sure, Air_Filling, TWO_FOUR_SEVEN",2026-09-02 16:15:18
0000213584,PADMAJIT SERVICE STATION BHARAT PETROLEUM DEALERS,PADMAJIT SERVICE STATION BHARAT PETROLEUM DEALERS,"VILLAGE BASARIKPUR,",SAKALDHIHA,BASARIKPUR,CHANDAULI,Uttar Pradesh,IN-25,232104,"VILLAGE BASARIKPUR,, SAKALDHIHA, BASARIKPUR, CHANDAULI, 232104, India",9415270197,PADMAJIT213584@bpclretail.in,25.27949905,83.26450348,"DIESEL, PETROL","Pure_Sure, Air_Filling, TWO_FOUR_SEVEN",2026-09-02 16:15:18
0000218606,AGHORACHARYA FILLING STATION BHARAT PETROLEUM DEALERS,AGHORACHARYA FILLING STATION BHARAT PETROLEUM DEALERS,"PLOT NO 373,DHANAPUR CHAHANIYA MARG",VILLAGE BUDHEPUR,BUDHEPUR,CHANDAULI,Uttar Pradesh,IN-25,232105,"PLOT NO 373,DHANAPUR CHAHANIYA MARG, VILLAGE BUDHEPUR, BUDHEPUR, CHANDAULI, 232105, India",9648447777,AGHORACHARYA218606@bpclretail.in,25.4539303,83.3254593,"DIESEL, PETROL","Pure_Sure, Air_Filling, TWO_FOUR_SEVEN",2026-09-02 16:15:18
0000202618,PRINCE FILLING STATION BHARAT PETROLEUM DEALERS,PRINCE FILLING STATION BHARAT PETROLEUM DEALERS,DODAPUR MUSALAYA,CHAKIA,CHAKIA,CHANDAULI,Uttar Pradesh,IN-25,232103,"DODAPUR MUSALAYA, CHAKIA, CHAKIA, CHANDAULI, 232103, India",8765550019,PRINCE202618@bpclretail.in,25.0280702,83.2091903,"DIESEL, PETROL","Automation, Pure_Sure, Air_Filling, TWO_FOUR_SEVEN",2026-09-02 16:15:18
0000267372,GREEN PETROMART LLP BHARAT PETROLEUM DEALERS,GREEN PETROMART LLP BHARAT PETROLEUM DEALERS,VILLAGE-RAMAUPUR,CHANDAULI,CHANDAULI,CHANDAULI,Uttar Pradesh,IN-25,232104,"VILLAGE-RAMAUPUR, CHANDAULI, CHANDAULI, CHANDAULI, 232104, India",9005875555,greenpetromart@gmail.com,25.255566,83.328896,"DIESEL, PETROL",Air_Filling,2026-09-02 16:15:18
0000203426,HAPPY FILLING STATION BHARAT PETROLEUM DEALERS,HAPPY FILLING STATION BHARAT PETROLEUM DEALERS,CHAKIA - ILIYA ROAD,CHANDAULI,CHANDAULI,CHANDAULI,Uttar Pradesh,IN-25,232103,"CHAKIA - ILIYA ROAD, CHANDAULI, CHANDAULI, CHANDAULI, 232103, India",8765550019,HAPPY203426@bpclretail.in,25.054376,83.322274,"DIESEL, PETROL","Automation, Pure_Sure, Air_Filling, TWO_FOUR_SEVEN",2026-09-02 16:15:18
0000238002,S N PETROLEUM BHARAT PETROLEUM DEALERS,S N PETROLEUM BHARAT PETROLEUM DEALERS,"VILLAGE DEDHA GAVAN,",NEAR DURGA MANDIR,DEDHA GAVAN,CHANDAULI,Uttar Pradesh,IN-25,232106,"VILLAGE DEDHA GAVAN,, NEAR DURGA MANDIR, DEDHA GAVAN, CHANDAULI, 232106, India",9839755308,S238002@bpclretail.in,25.379227,83.317893,"DIESEL, PETROL","Pure_Sure, Air_Filling, TWO_FOUR_SEVEN",2026-09-02 16:15:18
0000212484,SHRI PARAMHANS FILLING STATION BHARAT PETROLEUM DEALERS,SHRI PARAMHANS FILLING STATION BHARAT PETROLEUM DEALERS,"VILLAGE DEHRI KHURD, TEHSIL CHAKIA","VILLAGE DEHRI KHURD, TEHSIL CHAKIA",DEHARI KHURD,CHANDAULI,Uttar Pradesh,IN-25,232118,"VILLAGE DEHRI KHURD, TEHSIL CHAKIA, VILLAGE DEHRI KHURD, TEHSIL CHAKIA, DEHARI KHURD, CHANDAULI, 232118, India",9519887177,shripara212484@bpclretail.in,25.057285,83.330154,"DIESEL, PETROL","Automation, Pure_Sure, Air_Filling, TWO_FOUR_SEVEN",2026-09-02 16:15:18
0000180335,KASHYAP FUEL CENTER BHARAT PETROLEUM DEALERS,KASHYAP FUEL CENTER BHARAT PETROLEUM DEALERS,"CHAK 1238,DHANAPUR JAMANIA ROAD","TEH SAKALDIHA,",DHANAPUR,CHANDAULI,Uttar Pradesh,IN-25,232105,"CHAK 1238,DHANAPUR JAMANIA ROAD, TEH SAKALDIHA,, DHANAPUR, CHANDAULI, 232105, India",8738807402,kashyap180335@bpclretail.in,25.458804,83.354746,"DIESEL, PETROL","Automation, Pure_Sure, Air_Filling, TWO_FOUR_SEVEN",2026-09-02 16:15:18
0000264815,JAI MAA MUNDESHWARI FUEL MART BHARAT PETROLEUM DEALERS,JAI MAA MUNDESHWARI FUEL MART BHARAT PETROLEUM DEALERS,KHASRA NO.448,VILLAGE FATEHPUR KALA,FATEHPUR KALA,CHANDAULI,Uttar Pradesh,IN-25,232104,"KHASRA NO.448, VILLAGE FATEHPUR KALA, FATEHPUR KALA, CHANDAULI, 232104, India",8127160003,akhileshwaryadav87@gmail.com,25.2112244,83.2936436,"DIESEL, PETROL",Air_Filling,2026-09-02 16:15:18
0000210865,SHIVSHAKTI POWER STATION BHARAT PETROLEUM DEALERS,SHIVSHAKTI POWER STATION BHARAT PETROLEUM DEALERS,VIILAGE- GHANSHYAMPUR,TEHSIL-SAKALDIHA,GHANSHYAMPUR,CHANDAULI,Uttar Pradesh,IN-25,232109,"VIILAGE- GHANSHYAMPUR, TEHSIL-SAKALDIHA, GHANSHYAMPUR, CHANDAULI, 232109, India",8433393598,SHIVSHAKTI210865@bpclretail.in,25.38290024,83.19519806,"DIESEL, PETROL","Automation, Pure_Sure, Air_Filling, TWO_FOUR_SEVEN",2026-09-02 16:15:18
0000265057,MAA VAISHNO ENERGY STATION BHARAT PETROLEUM DEALERS,MAA VAISHNO ENERGY STATION BHARAT PETROLEUM DEALERS,KHASRA NO.30MI,"NH-19 , VARANASI TO BIHAR, RHS",JAIRAMPUR,CHANDAULI,Uttar Pradesh,IN-25,232104,"KHASRA NO.30MI, NH-19 , VARANASI TO BIHAR, RHS, JAIRAMPUR, CHANDAULI, 232104, India",8299322387,COOLSHESHNATH@GMAIL.COM,25.2567713,83.3095817,"DIESEL, PETROL",Air_Filling,2026-09-02 16:15:18
0000264108,AGRAHARI FUEL POINT BHARAT PETROLEUM DEALERS,AGRAHARI FUEL POINT BHARAT PETROLEUM DEALERS,KHASRA 282&283,VILLAGE JHANSI,JHANSI,CHANDAULI,Uttar Pradesh,IN-25,232104,"KHASRA 282&283, VILLAGE JHANSI, JHANSI, CHANDAULI, 232104, India",9452372080,rajratan10374@gmail.com,25.2619776,83.2043254,"DIESEL, PETROL",Air_Filling,2026-09-02 16:15:18
0000204839,NANDRANI FILLING STATION (ADHO BHARAT PETROLEUM DEALERS,NANDRANI FILLING STATION (ADHO BHARAT PETROLEUM DEALERS,JHANSI,JHANSI,JHANSI,CHANDAULI,Uttar Pradesh,IN-25,232101,"JHANSI, JHANSI, JHANSI, CHANDAULI, 232101, India",9956298525,NANDRANI204839@bpclretail.in,25.261852,83.212166,,"Automation, Air_Filling",2026-09-02 16:15:18
0000198827,SHAHEED AGYAT FILLING STAN(ADH BHARAT PETROLEUM DEALERS,SHAHEED AGYAT FILLING STAN(ADH BHARAT PETROLEUM DEALERS,JHANSI,JHANSI,JHANSI,CHANDAULI,Uttar Pradesh,IN-25,232101,"JHANSI, JHANSI, JHANSI, CHANDAULI, 232101, India",8090529183,shaheed198827@bpclretail.in,25.261852,83.212166,,Air_Filling,2026-09-02 16:15:18
0000250046,SUKH SAMPAT FUELS ADHOC BHARAT PETROLEUM DEALERS,SUKH SAMPAT FUELS ADHOC BHARAT PETROLEUM DEALERS,VILLAGE JHANSI,"NH19, VARANASI TO BIHAR LHS",JHANSI,CHANDAULI,Uttar Pradesh,IN-25,232101,"VILLAGE JHANSI, NH19, VARANASI TO BIHAR LHS, JHANSI, CHANDAULI, 232101, India",9956298525,SUKH219111@bpclretail.in,25.261852,83.212166,"DIESEL, PETROL","Automation, Pure_Sure, Air_Filling, TWO_FOUR_SEVEN",2026-09-02 16:15:18
0000256690,MAHAJAN FUELS BHARAT PETROLEUM DEALERS,MAHAJAN FUELS BHARAT PETROLEUM DEALERS,KHASRA NO.2MI,VILLAGE JIWADHIPUR,JIWADHIPUR,CHANDAULI,Uttar Pradesh,IN-25,221009,"KHASRA NO.2MI, VILLAGE JIWADHIPUR, JIWADHIPUR, CHANDAULI, 221009, India",7236877508,abhay.kumar13798@gmail.com,25.2522607,83.069989,"DIESEL, PETROL, SPEED","Pure_Sure, Air_Filling, TWO_FOUR_SEVEN",2026-09-02 16:15:18
0000121622,CHAURASIA SERVICE STATION BHARAT PETROLEUM DEALERS,CHAURASIA SERVICE STATION BHARAT PETROLEUM DEALERS,NEAR DM S OFFICE KACHCHERI,,KACHHERI,CHANDAULI,Uttar Pradesh,IN-25,232104,"NEAR DM S OFFICE KACHCHERI, , KACHHERI, CHANDAULI, 232104, India",9415201019,chaurasia121622@bpclretail.in,25.260853,83.25546,,"Automation, Air_Filling",2026-09-02 16:15:18
0000219111,SUKH SAMPAT FUELS BHARAT PETROLEUM DEALERS,SUKH SAMPAT FUELS BHARAT PETROLEUM DEALERS,"ARAZI NO. 475, 476",VILLAGE MAHEWA,MAHEWA,CHANDAULI,Uttar Pradesh,IN-25,232101,"ARAZI NO. 475, 476, VILLAGE MAHEWA, MAHEWA, CHANDAULI, 232101, India",9956298525,SUKH219111@bpclretail.in,25.256004,83.116455,"DIESEL, PETROL","Pure_Sure, Air_Filling, TWO_FOUR_SEVEN",2026-09-02 16:15:18
0000218059,MANGLESH FILLING STATION BHARAT PETROLEUM DEALERS,MANGLESH FILLING STATION BHARAT PETROLEUM DEALERS,"VILLAGE MATHELA,","SAKALDIHA SAIDPUR ROAD, SH69",MATHELA,CHANDAULI,Uttar Pradesh,IN-25,232109,"VILLAGE MATHELA,, SAKALDIHA SAIDPUR ROAD, SH69, MATHELA, CHANDAULI, 232109, India",9451571153,MANGLESH218059@bpclretail.in,25.4012563,83.217652,"DIESEL, PETROL","Pure_Sure, Air_Filling, TWO_FOUR_SEVEN",2026-09-02 16:15:18
0000251576,CHAND FILLING STATION BHARAT PETROLEUM DEALERS,CHAND FILLING STATION BHARAT PETROLEUM DEALERS,KHASRA NO.294,OLD GT ROAD,MUGHALSARAI,CHANDAULI,Uttar Pradesh,IN-25,232101,"KHASRA NO.294, OLD GT ROAD, MUGHALSARAI, CHANDAULI, 232101, India",9140474712,chandfillingstation13@gmail.com,25.3073133,83.0648421,"DIESEL, PETROL, SPEED","Pure_Sure, Air_Filling, TWO_FOUR_SEVEN",2026-09-02 16:15:18
0000182575,NARAYAN FILLING CENTER BHARAT PETROLEUM DEALERS,NARAYAN FILLING CENTER BHARAT PETROLEUM DEALERS,ALINAGAR,MUGHALSARAI,MUGHALSARAI,CHANDAULI,Uttar Pradesh,IN-25,232101,"ALINAGAR, MUGHALSARAI, MUGHALSARAI, CHANDAULI, 232101, India",8574456422,narayan182575@bpclretail.in,25.276469,83.13219,,"Automation, Pure_Sure, Air_Filling, Parking, TWO_FOUR_SEVEN",2026-09-02 16:15:18
0000212871,PREMIUM PETRO FILLING STATION BHARAT PETROLEUM DEALERS,PREMIUM PETRO FILLING STATION BHARAT PETROLEUM DEALERS,"NEAR CHAKIA TIRAHA, OLD GT ROAD","SUBHASH NAGAR, MUGHALSARAI",MUGHALSARAI,CHANDAULI,Uttar Pradesh,IN-25,232101,"NEAR CHAKIA TIRAHA, OLD GT ROAD, SUBHASH NAGAR, MUGHALSARAI, MUGHALSARAI, CHANDAULI, 232101, India",9307282006,premiump212871@bpclretail.in,25.277529,83.128098,"DIESEL, PETROL, SPEED","Automation, Pure_Sure, Air_Filling, TWO_FOUR_SEVEN",2026-09-02 16:15:18
0000252310,R.R.FUELS BHARAT PETROLEUM DEALERS,R.R.FUELS BHARAT PETROLEUM DEALERS,KHASRA NO.160MI,VILLAGE GODHANA,MUGHALSARAI,CHANDAULI,Uttar Pradesh,IN-25,232101,"KHASRA NO.160MI, VILLAGE GODHANA, MUGHALSARAI, CHANDAULI, 232101, India",8090956563,sumeetkumarjaiswal101@gmail.com,25.25859,83.1261655,"DIESEL, PETROL, SPEED","Pure_Sure, Air_Filling, TWO_FOUR_SEVEN",2026-09-02 16:15:18
0000253474,S.K. PETROL PALACE BHARAT PETROLEUM DEALERS,S.K. PETROL PALACE BHARAT PETROLEUM DEALERS,"KHASRA NO.12MI,13MI,22MI,23MI",OLD GT ROAD,MUGHALSARAI,CHANDAULI,Uttar Pradesh,IN-25,232101,"KHASRA NO.12MI,13MI,22MI,23MI, OLD GT ROAD, MUGHALSARAI, CHANDAULI, 232101, India",9129331606,shahjadakamran@gmail.com,25.2987792,83.0896184,"DIESEL, PETROL, SPEED","Pure_Sure, Air_Filling, TWO_FOUR_SEVEN",2026-09-02 16:15:18
0000146229,SHAHEED AGYAT FILLING STATION BHARAT PETROLEUM DEALERS,SHAHEED AGYAT FILLING STATION BHARAT PETROLEUM DEALERS,CHANDHASI,OLD GT ROAD,MUGHALSARAI,CHANDAULI,Uttar Pradesh,IN-25,232101,"CHANDHASI, OLD GT ROAD, MUGHALSARAI, CHANDAULI, 232101, India",09198433765,agyat146229@bpclretail.in,25.290278,83.104734,"DIESEL, PETROL, SPEED","Automation, Pure_Sure, Air_Filling, TWO_FOUR_SEVEN",2026-09-02 16:15:18
0000172492,SHREE NEELKANTH FILLING STATIO BHARAT PETROLEUM DEALERS,SHREE NEELKANTH FILLING STATIO BHARAT PETROLEUM DEALERS,"SARESAR, NEAR MUGHALSARAI INSTALLAT",SAKALDIHA ROAD,MUGHALSARAI,CHANDAULI,Uttar Pradesh,IN-25,232101,"SARESAR, NEAR MUGHALSARAI INSTALLAT, SAKALDIHA ROAD, MUGHALSARAI, CHANDAULI, 232101, India",9621720494,shree172492@bpclretail.in,25.284128,83.144307,"DIESEL, PETROL, SPEED","Automation, Pure_Sure, Air_Filling, TWO_FOUR_SEVEN",2026-09-02 16:15:18
0000121619,RAJIV SERVICE STATION BHARAT PETROLEUM DEALERS,RAJIV SERVICE STATION BHARAT PETROLEUM DEALERS,VILL & PO-GANJ KHWAJA,GT ROAD (NH-2),MUGHLSARAI,CHANDAULI,Uttar Pradesh,IN-25,221001,"VILL & PO-GANJ KHWAJA, GT ROAD (NH-2), MUGHLSARAI, CHANDAULI, 221001, India",6307408766,rajiv121619@bpclretail.in,25.268372,83.182254,"DIESEL, PETROL","Automation, Pure_Sure, Air_Filling, TWO_FOUR_SEVEN",2026-09-02 16:15:18
0000211428,ITC LIMITED CHANDAULI BHARAT PETROLEUM DEALERS,ITC LIMITED CHANDAULI BHARAT PETROLEUM DEALERS,VILLAGE MUHABBATPUR,TEHSIL SAKALDHIHA,MUHABBATPUR,CHANDAULI,Uttar Pradesh,IN-25,232104,"VILLAGE MUHABBATPUR, TEHSIL SAKALDHIHA, MUHABBATPUR, CHANDAULI, 232104, India",8090354418,itclimit211428@bpclretail.in,25.2633845,83.201086,"DIESEL, PETROL","Pure_Sure, Air_Filling, TWO_FOUR_SEVEN",2026-09-02 16:15:18
0000212954,BABA KEENARAM FILLING STATION BHARAT PETROLEUM DEALERS,BABA KEENARAM FILLING STATION BHARAT PETROLEUM DEALERS,VILLAGE MUHAMMADPUR,", POST RAMGARH",MUHAMMADPUR,CHANDAULI,Uttar Pradesh,IN-25,232107,"VILLAGE MUHAMMADPUR, , POST RAMGARH, MUHAMMADPUR, CHANDAULI, 232107, India",9118942272,BABA212954@bpclretail.in,25.467006,83.235998,"DIESEL, PETROL","Pure_Sure, Air_Filling, TWO_FOUR_SEVEN",2026-09-02 16:15:18
0000179529,SARTHAK FILLING STATION BHARAT PETROLEUM DEALERS,SARTHAK FILLING STATION BHARAT PETROLEUM DEALERS,"ARAZI NO 414,VILLAGE NIYAMTABAD",MUGHALSARAI CHAKIA ROAD,NIYAMTABAD,CHANDAULI,Uttar Pradesh,IN-25,232101,"ARAZI NO 414,VILLAGE NIYAMTABAD, MUGHALSARAI CHAKIA ROAD, NIYAMTABAD, CHANDAULI, 232101, India",9451441161,sarthak179529@bpclretail.in,25.23347,83.13693,"DIESEL, PETROL, SPEED","Automation, Pure_Sure, Air_Filling, TWO_FOUR_SEVEN",2026-09-02 16:15:18
0000268177,CHAUDHARI FILLING STATION BHARAT PETROLEUM DEALERS,CHAUDHARI FILLING STATION BHARAT PETROLEUM DEALERS,"SURVEY NO.1153,VILLAGE PACHOKHAR","TEHSIL MUGHALSARAI,CHAKIA ROAD",PACHOKHAR,CHANDAULI,Uttar Pradesh,IN-25,232101,"SURVEY NO.1153,VILLAGE PACHOKHAR, TEHSIL MUGHALSARAI,CHAKIA ROAD, PACHOKHAR, CHANDAULI, 232101, India",7355216914,vy6478428@gmail.com,25.1935123,83.1538295,"DIESEL, PETROL",Air_Filling,2026-09-02 16:15:18
0000265124,KAVYA FUEL BHARAT PETROLEUM DEALERS,KAVYA FUEL BHARAT PETROLEUM DEALERS,KHASRA NO.111,PARANPURA KHURD,PARANPURA KHURD,CHANDAULI,Uttar Pradesh,IN-25,232104,"KHASRA NO.111, PARANPURA KHURD, PARANPURA KHURD, CHANDAULI, 232104, India",9792100067,ABC@GMAIL.COM,25.1792725,83.3485022,"DIESEL, PETROL",Air_Filling,2026-09-02 16:15:18
0000121569,SABHARWAL BROS M BRIDGE BHARAT PETROLEUM DEALERS,SABHARWAL BROS M BRIDGE BHARAT PETROLEUM DEALERS,MALVIYA BRIDGE PARAO,MALVIYA BRIDGE PARAO,PARAO,CHANDAULI,Uttar Pradesh,IN-25,221010,"MALVIYA BRIDGE PARAO, MALVIYA BRIDGE PARAO, PARAO, CHANDAULI, 221010, India",9452284499,sabharwal121569@bpclretail.in,25.312579,83.04859,"DIESEL, PETROL, SPEED","Automation, Pure_Sure, Air_Filling, TWO_FOUR_SEVEN",2026-09-02 16:15:18
0000222824,UPMA AUTO FUELS BHARAT PETROLEUM DEALERS,UPMA AUTO FUELS BHARAT PETROLEUM DEALERS,"ARAZI NO. 37, VILLAGE RAMANIPUR",SAKALDIHA SAIYADRAJA ROAD,RAMANIPUR,CHANDAULI,Uttar Pradesh,IN-25,232108,"ARAZI NO. 37, VILLAGE RAMANIPUR, SAKALDIHA SAIYADRAJA ROAD, RAMANIPUR, CHANDAULI, 232108, India",7985459296,upmaaf222824@bpclretail.in,25.314619,83.338736,"DIESEL, PETROL","Pure_Sure, Air_Filling, TWO_FOUR_SEVEN",2026-09-02 16:15:18
0000121625,RAM FILLING STATION BHARAT PETROLEUM DEALERS,RAM FILLING STATION BHARAT PETROLEUM DEALERS,VILL BHOJAPUR POST SAKALDHIA,,SAKALDHIA,CHANDAULI,Uttar Pradesh,IN-25,232109,"VILL BHOJAPUR POST SAKALDHIA, , SAKALDHIA, CHANDAULI, 232109, India",8418800451,ram121625@bpclretail.in,25.329997,83.260518,"DIESEL, PETROL","Automation, Pure_Sure, Air_Filling, Parking, TWO_FOUR_SEVEN",2026-09-02 16:15:18
0000228455,OM SANGHATI FUELS BHARAT PETROLEUM DEALERS,OM SANGHATI FUELS BHARAT PETROLEUM DEALERS,"ARAZI NO. 658, VILLAGE SANGHATI",MUGHALSARAI-SAKALDIHA ROAD,SANGHATI,CHANDAULI,Uttar Pradesh,IN-25,232120,"ARAZI NO. 658, VILLAGE SANGHATI, MUGHALSARAI-SAKALDIHA ROAD, SANGHATI, CHANDAULI, 232120, India",9621224914,omsanghatif228455@bpclretail.in,25.311192,83.206452,"DIESEL, PETROL","Pure_Sure, Air_Filling, TWO_FOUR_SEVEN",2026-09-02 16:15:18
0000252433,HARIOM ENERGY STATION BHARAT PETROLEUM DEALERS,HARIOM ENERGY STATION BHARAT PETROLEUM DEALERS,KHASRA NO.466,VILLAGE SIRSI,SIRSI,CHANDAULI,Uttar Pradesh,IN-25,232104,"KHASRA NO.466, VILLAGE SIRSI, SIRSI, CHANDAULI, 232104, India",7007239224,kiran81086@gmail.com,25.2585803,83.2913899,"DIESEL, PETROL, SPEED","Pure_Sure, Air_Filling, TWO_FOUR_SEVEN",2026-09-02 16:15:18
0000241326,RAJA BANARAS PLAZA BHARAT PETROLEUM DEALERS,RAJA BANARAS PLAZA BHARAT PETROLEUM DEALERS,"SURVEY NO. 128, VILLAGE SONBERSA",PARGANA KERAMANAGANAUR,SONBERSA,CHANDAULI,Uttar Pradesh,IN-25,232102,"SURVEY NO. 128, VILLAGE SONBERSA, PARGANA KERAMANAGANAUR, SONBERSA, CHANDAULI, 232102, India",9453889960,princesmart007@gmail.com,25.01661873,83.1543808,"DIESEL, PETROL","Pure_Sure, Air_Filling, TWO_FOUR_SEVEN",2026-09-02 16:15:18
0000218697,PUJYA AGHORESHWAR FUEL CENTRE BHARAT PETROLEUM DEALERS,PUJYA AGHORESHWAR FUEL CENTRE BHARAT PETROLEUM DEALERS,"ARAZI NO. 747, VILLAGE TAJPUR",TEHSIL SAKALDIHA,TAJPUR,CHANDAULI,Uttar Pradesh,IN-25,232109,"ARAZI NO. 747, VILLAGE TAJPUR, TEHSIL SAKALDIHA, TAJPUR, CHANDAULI, 232109, India",9451194841,PUJYA218697@bpclretail.in,25.3448426,83.2442058,"DIESEL, PETROL","Pure_Sure, Air_Filling, TWO_FOUR_SEVEN",2026-09-02 16:15:18
0000243410,SAGAR FILLING STATION BHARAT PETROLEUM DEALERS,SAGAR FILLING STATION BHARAT PETROLEUM DEALERS,"NEAR UNION BANK,TARAPUR",CHANDAULI KHURD,TARAPUR,CHANDAULI,Uttar Pradesh,IN-25,232120,"NEAR UNION BANK,TARAPUR, CHANDAULI KHURD, TARAPUR, CHANDAULI, 232120, India",6394555744,sagar243410@bpclretail.in,25.302611,83.174885,"DIESEL, PETROL","Pure_Sure, Air_Filling, TWO_FOUR_SEVEN",2026-09-02 16:15:18
0000161889,RAMAN AUTO FILL BHARAT PETROLEUM DEALERS,RAMAN AUTO FILL BHARAT PETROLEUM DEALERS,VILLAGE - RAMAULI,PARGANA - MAHUARI,TEHSIL - SAKALDIHA,CHANDAULI,Uttar Pradesh,IN-25,232109,"VILLAGE - RAMAULI, PARGANA - MAHUARI, TEHSIL - SAKALDIHA, CHANDAULI, 232109, India",9889358255,raman161889@bpclretail.in,25.419507,83.219783,"DIESEL, PETROL, SPEED","Automation, Pure_Sure, Air_Filling, Parking, TWO_FOUR_SEVEN",2026-09-02 16:15:18
0000220662,KAILASH AUTOMOBILES BHARAT PETROLEUM DEALERS,KAILASH AUTOMOBILES BHARAT PETROLEUM DEALERS,VILLAGE GODHANA,"NH-19, OLD NH-2",VILLAGE GODHANA,CHANDAULI,Uttar Pradesh,IN-25,232101,"VILLAGE GODHANA, NH-19, OLD NH-2, VILLAGE GODHANA, CHANDAULI, 232101, India",9628000067,KAILASH220662@bpclretail.in,25.26187,83.139988,"DIESEL, PETROL","Pure_Sure, Air_Filling, TWO_FOUR_SEVEN",2026-09-02 16:15:18
0000222541,MAA SUDAMI FILLING STATION BHARAT PETROLEUM DEALERS,MAA SUDAMI FILLING STATION BHARAT PETROLEUM DEALERS,"ARAZI NO. 487, VILLAGE MAHRAURA","MUGHALSARAI CHAHANIYA ROAD,",VILLAGE MAHRAURA,CHANDAULI,Uttar Pradesh,IN-25,232109,"ARAZI NO. 487, VILLAGE MAHRAURA, MUGHALSARAI CHAHANIYA ROAD,, VILLAGE MAHRAURA, CHANDAULI, 232109, India",8765550019,maasudamifs222541@bpclretail.in,25.361529,83.183886,"DIESEL, PETROL","Pure_Sure, Air_Filling, TWO_FOUR_SEVEN",2026-09-02 16:15:18
0000213637,RAJEEV FUEL CENTRE BHARAT PETROLEUM DEALERS,RAJEEV FUEL CENTRE BHARAT PETROLEUM DEALERS,VILLAGE PALIYA,TEHSIL SAKALDHIHA,VILLAGE PALIYA,CHANDAULI,Uttar Pradesh,IN-25,232107,"VILLAGE PALIYA, TEHSIL SAKALDHIHA, VILLAGE PALIYA, CHANDAULI, 232107, India",7459001500,RAJEEV213637@bpclretail.in,25.4586895,83.2081817,"DIESEL, PETROL","Pure_Sure, Air_Filling, TWO_FOUR_SEVEN",2026-09-02 16:15:18
0000121624,CHAKIA TRADING COMPANY BHARAT PETROLEUM DEALERS,CHAKIA TRADING COMPANY BHARAT PETROLEUM DEALERS,CHOWK NEAR BUS STAND,,CHAKIA,CHANDAULI UTTAR PRA,Uttar Pradesh,IN-25,232001,"CHOWK NEAR BUS STAND, , CHAKIA, CHANDAULI UTTAR PRA, 232001, India",,chakia121624@bpclretail.in,25.050302,83.2271,,Air_Filling,2026-09-02 16:15:18
0000121621,NK PANDEY & CO. BHARAT PETROLEUM DEALERS,NK PANDEY & CO. BHARAT PETROLEUM DEALERS,"JHANSI, G.T. ROAD (NH-2)",,JHANSI,CHANDAULI UTTAR PRA,Uttar Pradesh,IN-25,232101,"JHANSI, G.T. ROAD (NH-2), , JHANSI, CHANDAULI UTTAR PRA, 232101, India",,nkpandey121621@bpclretail.in,25.261852,83.212166,,Air_Filling,2026-09-02 16:15:18
0000142038,ANANT HIGHWAY FUELS SHOPPEE BHARAT PETROLEUM DEALERS,ANANT HIGHWAY FUELS SHOPPEE BHARAT PETROLEUM DEALERS,VILL MAHEWAN,NH-2 VNS-MGS BYEPASS,MUGHALSARAI,CHANDAULI UTTAR PRA,Uttar Pradesh,IN-25,232101,"VILL MAHEWAN, NH-2 VNS-MGS BYEPASS, MUGHALSARAI, CHANDAULI UTTAR PRA, 232101, India",9415246999,anant142038@bpclretail.in,25.254948,83.11612,"DIESEL, PETROL","Automation, Pure_Sure, Air_Filling, Parking, TWO_FOUR_SEVEN",2026-09-02 16:15:18
0000121623,BAGAHI SERVICE STATION BHARAT PETROLEUM DEALERS,BAGAHI SERVICE STATION BHARAT PETROLEUM DEALERS,VILL- BAGAHI POST SAIYED RAJA,NH19,SAIYEDRAJA,CHANDAULI UTTAR PRA,Uttar Pradesh,IN-25,232110,"VILL- BAGAHI POST SAIYED RAJA, NH19, SAIYEDRAJA, CHANDAULI UTTAR PRA, 232110, India",9504440000,bagahi121623@bpclretail.in,25.249481,83.364394,"DIESEL, PETROL, SPEED","Automation, Pure_Sure, Air_Filling, Parking, TWO_FOUR_SEVEN",2026-09-02 16:15:18
0000166745,SURESH SERVICE STATION (ADHOC) BHARAT PETROLEUM DEALERS,SURESH SERVICE STATION (ADHOC) BHARAT PETROLEUM DEALERS,ALINAGAR,,MUGHALSARAI,"CHANDAULI, UTTAR PRADESH",Uttar Pradesh,IN-25,232101,"ALINAGAR, , MUGHALSARAI, CHANDAULI, UTTAR PRADESH, 232101, India",,suresh166745@bpclretail.in,25.276469,83.13219,,Air_Filling,2026-09-02 16:15:18
0000175714,APS FILLING STATION BHARAT PETROLEUM DEALERS,APS FILLING STATION BHARAT PETROLEUM DEALERS,VILLLAGE SAKROLI,TEHSIL JALESAR,ETAH,ETAH,Uttar Pradesh,IN-25,207302,"VILLLAGE SAKROLI, TEHSIL JALESAR, ETAH, ETAH, 207302, India",9411464877,aps175714@bpclretail.in,27.402285,78.311186,"DIESEL, PETROL","Automation, Pure_Sure, Air_Filling, Parking, TWO_FOUR_SEVEN",2026-09-02 16:15:17
0000118816,KHEMKA AUTOMOBILES BHARAT PETROLEUM DEALERS,KHEMKA AUTOMOBILES BHARAT PETROLEUM DEALERS,ETAH-KANPUR ROAD,ETAH,ETAH,ETAH,Uttar Pradesh,IN-25,207001,"ETAH-KANPUR ROAD, ETAH, ETAH, ETAH, 207001, India",9412388081,khemka118816@bpclretail.in,28.4612259,77.5552907,"DIESEL, PETROL, SPEED","Automation, Pure_Sure, Air_Filling, Parking, TWO_FOUR_SEVEN",2026-09-02 16:15:14
0000218334,BALDEV FILLING STATION BHARAT PETROLEUM DEALERS,BALDEV FILLING STATION BHARAT PETROLEUM DEALERS,VILLAGE GUDAU,VILLAGE GUDAU,JALESAR,ETAH,Uttar Pradesh,IN-25,207302,"VILLAGE GUDAU, VILLAGE GUDAU, JALESAR, ETAH, 207302, India",9457178902,baldevfs218334@bpclretail.in,27.4511,78.2771,"DIESEL, PETROL","Pure_Sure, Air_Filling, TWO_FOUR_SEVEN",2026-09-02 16:15:17
0000118813,KAMAL AGRO SERVICE STATION BHARAT PETROLEUM DEALERS,KAMAL AGRO SERVICE STATION BHARAT PETROLEUM DEALERS,BYE PASS RAOD,ETAH,JALESAR,ETAH,Uttar Pradesh,IN-25,207302,"BYE PASS RAOD, ETAH, JALESAR, ETAH, 207302, India",9927068243,kamal118813@bpclretail.in,27.4658,78.2994,"DIESEL, PETROL, SPEED","Automation, Pure_Sure, Air_Filling, TWO_FOUR_SEVEN",2026-09-02 16:15:17
0000247360,MAA VAISHNO DEVI FILLING STATI BHARAT PETROLEUM DEALERS,MAA VAISHNO DEVI FILLING STATI BHARAT PETROLEUM DEALERS,WITHIN LIMITS OF JALESAR TOWN(WML),PARGANA JALESAR,JALESAR,ETAH,Uttar Pradesh,IN-25,207302,"WITHIN LIMITS OF JALESAR TOWN(WML), PARGANA JALESAR, JALESAR, ETAH, 207302, India",7017844978,amitjalesar21@gmail.com,27.470901,78.315811,"DIESEL, PETROL, SPEED","Pure_Sure, Air_Filling, TWO_FOUR_SEVEN",2026-09-02 16:15:17
0000250450,RANA FILLING STATION BHARAT PETROLEUM DEALERS,RANA FILLING STATION BHARAT PETROLEUM DEALERS,VILLAGE DEVKARANPUR,SASNI ROAD,JALESAR,ETAH,Uttar Pradesh,IN-25,207302,"VILLAGE DEVKARANPUR, SASNI ROAD, JALESAR, ETAH, 207302, India",9627381328,ranafuels.bpcl@gmail.com,27.51427,78.27046,"DIESEL, PETROL","Pure_Sure, Air_Filling, TWO_FOUR_SEVEN",2026-09-02 16:15:17
0000118853,SHIV AUTOS BHARAT PETROLEUM DEALERS,SHIV AUTOS BHARAT PETROLEUM DEALERS,VILLAGE  MADHUPURA,ETAH KANPUR ROAD,MADHUPURA,ETAH,Uttar Pradesh,IN-25,207001,"VILLAGE  MADHUPURA, ETAH KANPUR ROAD, MADHUPURA, ETAH, 207001, India",9758669471,shivs118853@bpclretail.in,28.4612247,77.5552919,"DIESEL, PETROL","Automation, Pure_Sure, Air_Filling, TWO_FOUR_SEVEN",2026-09-02 16:15:14
0000259779,B.D.G.P. BHARAT PETROLEUM DEALERS,B.D.G.P. BHARAT PETROLEUM DEALERS,VILLAGE - RAHSOOPUR,BINDKI,BINDKI,FATEHPUR-EAST,Uttar Pradesh,IN-25,212665,"VILLAGE - RAHSOOPUR, BINDKI, BINDKI, FATEHPUR-EAST, 212665, India",9415033322,cc259779@bpclretail.in,26.1863,80.548537,"DIESEL, PETROL","Pure_Sure, Air_Filling, TWO_FOUR_SEVEN",2026-09-02 16:15:18
0000123561,BHAGWAN DIN GAYA PRASAD BINDKI BHARAT PETROLEUM DEALERS,BHAGWAN DIN GAYA PRASAD BINDKI BHARAT PETROLEUM DEALERS,BINDKI ROAD,BINDKI ROAD,BINDKI,FATEHPUR-EAST,Uttar Pradesh,IN-25,212635,"BINDKI ROAD, BINDKI ROAD, BINDKI, FATEHPUR-EAST, 212635, India",9415033322,bhagwan123561@bpclretail.in,26.125238,80.586876,"DIESEL, PETROL, SPEED","Automation, Pure_Sure, Air_Filling, TWO_FOUR_SEVEN",2026-09-02 16:15:18
0000180049,HARI KRISHNA SERVICE STATION BHARAT PETROLEUM DEALERS,HARI KRISHNA SERVICE STATION BHARAT PETROLEUM DEALERS,JANHANABAD,JAHANABAD,FATEHPUR,FATEHPUR-EAST,Uttar Pradesh,IN-25,212659,"JANHANABAD, JAHANABAD, FATEHPUR, FATEHPUR-EAST, 212659, India",9838176439,harikri180049@bpclretail.in,26.104764,80.342897,"DIESEL, PETROL","Automation, Pure_Sure, Air_Filling, TWO_FOUR_SEVEN",2026-09-02 16:15:18
0000184443,KESHAR KUVAR FILLING STATION BHARAT PETROLEUM DEALERS,KESHAR KUVAR FILLING STATION BHARAT PETROLEUM DEALERS,BAKEWAR,KASHMIRIPUR,FATEHPUR,FATEHPUR-EAST,Uttar Pradesh,IN-25,212665,"BAKEWAR, KASHMIRIPUR, FATEHPUR, FATEHPUR-EAST, 212665, India",9839443344,keshark184443@bpclretail.in,26.103336,80.441635,"DIESEL, PETROL","Automation, Pure_Sure, Air_Filling, TWO_FOUR_SEVEN",2026-09-02 16:15:18
0000231328,PREM PETROLEUM BHARAT PETROLEUM DEALERS,PREM PETROLEUM BHARAT PETROLEUM DEALERS,VILLAGE DEVMAI,DEVMAI,FATEHPUR,FATEHPUR-EAST,Uttar Pradesh,IN-25,212657,"VILLAGE DEVMAI, DEVMAI, FATEHPUR, FATEHPUR-EAST, 212657, India",9935858636,prempetro231328@bpclretail.in,26.145,80.4749,"DIESEL, PETROL","Pure_Sure, Air_Filling, TWO_FOUR_SEVEN",2026-09-02 16:15:18
0000115485,CHANDRA AUTO TRADERS (USIANI) BHARAT PETROLEUM DEALERS,CHANDRA AUTO TRADERS (USIANI) BHARAT PETROLEUM DEALERS,VILLAGE USAINI,AGRA-FEROZABAD ROAD,FEROZABAD,FEROZABAD,Uttar Pradesh,IN-25,283203,"VILLAGE USAINI, AGRA-FEROZABAD ROAD, FEROZABAD, FEROZABAD, 283203, India",8941073149,chandra115485@bpclretail.in,27.200237,78.323828,DIESEL,"Automation, Pure_Sure, Air_Filling, TWO_FOUR_SEVEN",2026-09-02 16:15:17
0000115484,CHANDRA AUTO TRADERS BHARAT PETROLEUM DEALERS,CHANDRA AUTO TRADERS BHARAT PETROLEUM DEALERS,AGRA GATE,FEROZABAD,FEROZABAD,FEROZABAD,Uttar Pradesh,IN-25,283203,"AGRA GATE, FEROZABAD, FEROZABAD, FEROZABAD, 283203, India",9837026076,chandra115484@bpclretail.in,27.157937,78.386936,"DIESEL, PETROL, SPEED","Automation, Pure_Sure, Air_Filling, TWO_FOUR_SEVEN",2026-09-02 16:15:17
0000190036,MISHRA FILLING STATION BHARAT PETROLEUM DEALERS,MISHRA FILLING STATION BHARAT PETROLEUM DEALERS,KOTLA FEROZABAD ROAD,KOTLA FEROZABAD ROAD,FEROZABAD,FEROZABAD,Uttar Pradesh,IN-25,283203,"KOTLA FEROZABAD ROAD, KOTLA FEROZABAD ROAD, FEROZABAD, FEROZABAD, 283203, India",8077653263,mishrafilling2@gmail.com,27.191412,78.411063,"DIESEL, PETROL, SPEED","Automation, Pure_Sure, Air_Filling, TWO_FOUR_SEVEN",2026-09-02 16:15:17
0000142069,OM FILLING CENTRE BHARAT PETROLEUM DEALERS,OM FILLING CENTRE BHARAT PETROLEUM DEALERS,VILLAGE - BASAI,TUNDLA-ETAH ROAD,FEROZABAD,FEROZABAD,Uttar Pradesh,IN-25,283204,"VILLAGE - BASAI, TUNDLA-ETAH ROAD, FEROZABAD, FEROZABAD, 283204, India",9837064266,om142069@bpclretail.in,27.2409,78.2547,"DIESEL, PETROL","Pure_Sure, Air_Filling, TWO_FOUR_SEVEN",2026-09-02 16:15:17
0000244254,SHRI DAUJI FILLING STATION BHARAT PETROLEUM DEALERS,SHRI DAUJI FILLING STATION BHARAT PETROLEUM DEALERS,BHAUKANAGKLA CHAURAHA,ON MAIN ROAD OF INDUSTRIAL AREA,FEROZABAD,FEROZABAD,Uttar Pradesh,IN-25,283203,"BHAUKANAGKLA CHAURAHA, ON MAIN ROAD OF INDUSTRIAL AREA, FEROZABAD, FEROZABAD, 283203, India",7830887674,sachinyadav.fzd@gmail.com,27.161633,78.372329,"DIESEL, PETROL, SPEED","Pure_Sure, Air_Filling, TWO_FOUR_SEVEN",2026-09-02 16:15:17
0000242219,MAA SANTOSHI FILLING STATION BHARAT PETROLEUM DEALERS,MAA SANTOSHI FILLING STATION BHARAT PETROLEUM DEALERS,VILLAGE KATIKEE,TEHSIL TUNDLA,FIROZABAD,FEROZABAD,Uttar Pradesh,IN-25,283204,"VILLAGE KATIKEE, TEHSIL TUNDLA, FIROZABAD, FEROZABAD, 283204, India",9756145736,manju1980sanju@gmail.com,27.339599,78.34656,"DIESEL, PETROL","Pure_Sure, Air_Filling, TWO_FOUR_SEVEN",2026-09-02 16:15:17
0000265065,OM FILLING STATION BHARAT PETROLEUM DEALERS,OM FILLING STATION BHARAT PETROLEUM DEALERS,STATION ROAD,FIROZABAD,FIROZABAD,FEROZABAD,Uttar Pradesh,IN-25,283203,"STATION ROAD, FIROZABAD, FIROZABAD, FEROZABAD, 283203, India",9045710111,Devanshtiwari0052@gmail.com,27.14988,78.38695,"DIESEL, PETROL, SPEED",Air_Filling,2026-09-02 16:15:17
0000203386,SHRAVYA & MAYRA FILLING STATIO BHARAT PETROLEUM DEALERS,SHRAVYA & MAYRA FILLING STATIO BHARAT PETROLEUM DEALERS,KOTKI,VILLAGE KOTKI,KOTKI,FEROZABAD,Uttar Pradesh,IN-25,282010,"KOTKI, VILLAGE KOTKI, KOTKI, FEROZABAD, 282010, India",9219660577,shravya203386@bpclretail.in,27.2553005,78.266098,"DIESEL, PETROL, SPEED","Automation, Pure_Sure, Air_Filling, TWO_FOUR_SEVEN",2026-09-02 16:15:17
0000157084,ALKA FILLING STATION BHARAT PETROLEUM DEALERS,ALKA FILLING STATION BHARAT PETROLEUM DEALERS,"PLOT NO.32/5, VILLAGE NAGLA DAKHAL,",NEAR KOTLA CHAURAHA,KOTLA CHUNGI TEHSIL FEROZ,FEROZABAD,Uttar Pradesh,IN-25,283203,"PLOT NO.32/5, VILLAGE NAGLA DAKHAL,, NEAR KOTLA CHAURAHA, KOTLA CHUNGI TEHSIL FEROZ, FEROZABAD, 283203, India",8920780696,alka157084@bpclretail.in,27.172454,78.4017,"DIESEL, PETROL, SPEED","Automation, Pure_Sure, Air_Filling, TWO_FOUR_SEVEN",2026-09-02 16:15:17
0000177337,AMARDEEP FUELS BHARAT PETROLEUM DEALERS,AMARDEEP FUELS BHARAT PETROLEUM DEALERS,7 KM. STONE,"FEROZABAD JALESAR ROAD, VILL PACHWA",RAJAWALI,FEROZABAD,Uttar Pradesh,IN-25,283203,"7 KM. STONE, FEROZABAD JALESAR ROAD, VILL PACHWA, RAJAWALI, FEROZABAD, 283203, India",9837794353,amardeep177337@bpclretail.in,27.220237,78.384746,"DIESEL, PETROL","Automation, Pure_Sure, Air_Filling, Parking, TWO_FOUR_SEVEN",2026-09-02 16:15:17
0000182152,BALAJI FILLING STATION BHARAT PETROLEUM DEALERS,BALAJI FILLING STATION BHARAT PETROLEUM DEALERS,AGRA - KANPUR ROAD ON RHS,TUNDLA,TUNDLA,FEROZABAD,Uttar Pradesh,IN-25,283204,"AGRA - KANPUR ROAD ON RHS, TUNDLA, TUNDLA, FEROZABAD, 283204, India",,balajif182152@bpclretail.in,27.200238,78.323837,,"Automation, Parking, Air_Filling",2026-09-02 16:15:17
0000254120,RAHUL FILLING STATION BHARAT PETROLEUM DEALERS,RAHUL FILLING STATION BHARAT PETROLEUM DEALERS,KHASRA NO 303/2,TUNDLA CITY,TUNDLA,FEROZABAD,Uttar Pradesh,IN-25,283204,"KHASRA NO 303/2, TUNDLA CITY, TUNDLA, FEROZABAD, 283204, India",8477046888,chakrahul92@gmail.com,27.222826,78.242766,"DIESEL, PETROL","Pure_Sure, Air_Filling, TWO_FOUR_SEVEN",2026-09-02 16:15:17
0000115486,SOBTI AUTOMOBILES BHARAT PETROLEUM DEALERS,SOBTI AUTOMOBILES BHARAT PETROLEUM DEALERS,AGRA KANPUR ROAD (NH2),TUNDLA,TUNDLA,FEROZABAD,Uttar Pradesh,IN-25,283204,"AGRA KANPUR ROAD (NH2), TUNDLA, TUNDLA, FEROZABAD, 283204, India",7000876115,sobti115486@bpclretail.in,27.2243996,78.248497,,"Automation, Air_Filling",2026-09-02 16:15:17
0000179662,DINESH FILLING STATION (ADHOC) BHARAT PETROLEUM DEALERS,DINESH FILLING STATION (ADHOC) BHARAT PETROLEUM DEALERS,TUNDLA,NH - 2,TUNDLA,FEROZABAD U.P,Uttar Pradesh,IN-25,283204,"TUNDLA, NH - 2, TUNDLA, FEROZABAD U.P, 283204, India",,dineshfilling21@gmail.com,27.200238,78.323837,,Air_Filling,2026-09-02 16:15:17
0000170390,VIJAY FILLING STATION ( AD HOC BHARAT PETROLEUM DEALERS,VIJAY FILLING STATION ( AD HOC BHARAT PETROLEUM DEALERS,NH 2,TUNDLA FEROZABAD ROAD,TUNDLA,FEROZABAD UTTAR PRAD,Uttar Pradesh,IN-25,283204,"NH 2, TUNDLA FEROZABAD ROAD, TUNDLA, FEROZABAD UTTAR PRAD, 283204, India",,aryavijay2007@yahoo.co.in,27.200238,78.323837,,Air_Filling,2026-09-02 16:15:17
0000258695,DWARKADHEESH ENERGY HUB BHARAT PETROLEUM DEALERS,DWARKADHEESH ENERGY HUB BHARAT PETROLEUM DEALERS,KHASRA NO 112/113,GT ROAD,DADRI,GAUTAM BUDH NAGAR,Uttar Pradesh,IN-25,203207,"KHASRA NO 112/113, GT ROAD, DADRI, GAUTAM BUDH NAGAR, 203207, India",9217232495,cc258695@bpclretail.in,28.56109047,77.54675293,"DIESEL, PETROL","Automation, Pure_Sure, Air_Filling, TWO_FOUR_SEVEN",2026-09-02 16:15:14
0000173704,MALIK FUELCENTRE BHARAT PETROLEUM DEALERS,MALIK FUELCENTRE BHARAT PETROLEUM DEALERS,KHASRA NO 1138,VILL. KOT,DADRI GB NAGAR,GAUTAM BUDH NAGAR,Uttar Pradesh,IN-25,203207,"KHASRA NO 1138, VILL. KOT, DADRI GB NAGAR, GAUTAM BUDH NAGAR, 203207, India",9899437867,malik173704@bpclretail.in,28.507558,77.615251,"DIESEL, PETROL, SPEED","Automation, Pure_Sure, Air_Filling, Parking, TWO_FOUR_SEVEN",2026-09-02 16:15:14
0000261502,TRIDENT FUELS BHARAT PETROLEUM DEALERS,TRIDENT FUELS BHARAT PETROLEUM DEALERS,PP-01,"NOIDA SPECIAL ECONOMIC ZONE,NOIDA",GAUTAM BUDH NAGAR,GAUTAM BUDH NAGAR,Uttar Pradesh,IN-25,201303,"PP-01, NOIDA SPECIAL ECONOMIC ZONE,NOIDA, GAUTAM BUDH NAGAR, GAUTAM BUDH NAGAR, 201303, India",8874555333,cc251502@bpclretail.in,28.5519676,77.3758798,"DIESEL, PETROL, SPEED, SPEED 100 BS IV","Automation, Pure_Sure, Air_Filling, TWO_FOUR_SEVEN",2026-09-02 16:15:14
0000204396,SHAHEED VINOD CHUBEY FS ADHOC BHARAT PETROLEUM DEALERS,SHAHEED VINOD CHUBEY FS ADHOC BHARAT PETROLEUM DEALERS,CHAINAGE 83 EPE,,GB NAGAR,GAUTAM BUDH NAGAR,Uttar Pradesh,IN-25,203202,"CHAINAGE 83 EPE, , GB NAGAR, GAUTAM BUDH NAGAR, 203202, India",,shivakantupadhyay@gmail.com,28.415803,77.569886,,"Automation, Air_Filling",2026-09-02 16:15:14
0000206804,BP - ECOTECH 12 BHARAT PETROLEUM DEALERS,BP - ECOTECH 12 BHARAT PETROLEUM DEALERS,GREATER NOIDA,GREATER NOIDA,GREATER NOIDA,GAUTAM BUDH NAGAR,Uttar Pradesh,IN-25,201308,"GREATER NOIDA, GREATER NOIDA, GREATER NOIDA, GAUTAM BUDH NAGAR, 201308, India",8448833152,cc206804@bpclretail.in,28.60104,77.453015,"DIESEL, PETROL, SPEED","Automation, Air_Filling",2026-09-02 16:15:14
0000206924,BP - GNA SECTOR 10 BHARAT PETROLEUM DEALERS,BP - GNA SECTOR 10 BHARAT PETROLEUM DEALERS,SECTOR 10,SECTOR 10,GREATER NOIDA,GAUTAM BUDH NAGAR,Uttar Pradesh,IN-25,201308,"SECTOR 10, SECTOR 10, GREATER NOIDA, GAUTAM BUDH NAGAR, 201308, India",9454290720,bp206924@bpclretail.in,28.57,77.47,"DIESEL, E85, PETROL, SPEED","Automation, Air_Filling",2026-09-02 16:15:14
0000207985,BP - GNA SECTOR PI BHARAT PETROLEUM DEALERS,BP - GNA SECTOR PI BHARAT PETROLEUM DEALERS,SECTOR PI,SECTOR PI,GREATER NOIDA,GAUTAM BUDH NAGAR,Uttar Pradesh,IN-25,201308,"SECTOR PI, SECTOR PI, GREATER NOIDA, GAUTAM BUDH NAGAR, 201308, India",8178110211,bpgnasec207986@bpclretail.in,28.468725,77.549762,"DIESEL, E85, PETROL, SPEED",Air_Filling,2026-09-02 16:15:14
0000207240,BP - GNA SIGMA 2 BHARAT PETROLEUM DEALERS,BP - GNA SIGMA 2 BHARAT PETROLEUM DEALERS,SECTOR SIGMA 2,SECTOR SIGMA 2,GREATER NOIDA,GAUTAM BUDH NAGAR,Uttar Pradesh,IN-25,201308,"SECTOR SIGMA 2, SECTOR SIGMA 2, GREATER NOIDA, GAUTAM BUDH NAGAR, 201308, India",08979068031,bp207240@bpclretail.in,28.460711,77.555605,"DIESEL, PETROL, SPEED","Automation, Air_Filling",2026-09-02 16:15:14
0000206923,BP - PHAI CHAI BHARAT PETROLEUM DEALERS,BP - PHAI CHAI BHARAT PETROLEUM DEALERS,SECTOR PHAI CHAI EXT,SECTOR PHAI CHAI EXT,GREATER NOIDA,GAUTAM BUDH NAGAR,Uttar Pradesh,IN-25,201308,"SECTOR PHAI CHAI EXT, SECTOR PHAI CHAI EXT, GREATER NOIDA, GAUTAM BUDH NAGAR, 201308, India",9958620134,bpphaich206923@bpclretail.in,28.427342,77.512548,"DIESEL, PETROL, SPEED",Air_Filling,2026-09-02 16:15:14
0000211760,BP GNA ZITA 2 BHARAT PETROLEUM DEALERS,BP GNA ZITA 2 BHARAT PETROLEUM DEALERS,GREATER NOIDA,GREATER NOIDA,GREATER NOIDA,GAUTAM BUDH NAGAR,Uttar Pradesh,IN-25,201308,"GREATER NOIDA, GREATER NOIDA, GREATER NOIDA, GAUTAM BUDH NAGAR, 201308, India",7618579213,bpgnazit211760@bpclretail.in,28.510249,77.531667,"DIESEL, PETROL, SPEED",Air_Filling,2026-09-02 16:15:14
0000206803,BP- ECOTECH 1 BHARAT PETROLEUM DEALERS,BP- ECOTECH 1 BHARAT PETROLEUM DEALERS,GREATER NOIDA,GREATER NOIDA,GREATER NOIDA,GAUTAM BUDH NAGAR,Uttar Pradesh,IN-25,201308,"GREATER NOIDA, GREATER NOIDA, GREATER NOIDA, GAUTAM BUDH NAGAR, 201308, India",7817956643,bpecotec206803@bpclretail.in,28.452958,77.542107,"DIESEL, PETROL, SPEED","Automation, Air_Filling",2026-09-02 16:15:14
0000207986,BP- GNA SECTOR 20 BHARAT PETROLEUM DEALERS,BP- GNA SECTOR 20 BHARAT PETROLEUM DEALERS,SECTOR 20,KHODNAKHURD,GREATER NOIDA,GAUTAM BUDH NAGAR,Uttar Pradesh,IN-25,201308,"SECTOR 20, KHODNAKHURD, GREATER NOIDA, GAUTAM BUDH NAGAR, 201308, India",9654379104,bpgnasec207986@bpclretail.in,28.52999,77.503189,"DIESEL, PETROL, SPEED","Automation, Air_Filling",2026-09-02 16:15:14
0000214465,BP-AGRICULTURE FARM 1 BHARAT PETROLEUM DEALERS,BP-AGRICULTURE FARM 1 BHARAT PETROLEUM DEALERS,SECTOR AGRICULTURE FARM,PLOT PP-01,GREATER NOIDA,GAUTAM BUDH NAGAR,Uttar Pradesh,IN-25,201301,"SECTOR AGRICULTURE FARM, PLOT PP-01, GREATER NOIDA, GAUTAM BUDH NAGAR, 201301, India",8178774191,cc214465@bpclretail.in,28.607,77.424894,"DIESEL, PETROL, SPEED","Automation, Pure_Sure, Air_Filling, TWO_FOUR_SEVEN",2026-09-02 16:15:14
0000134473,BP-GREATER NOIDA BHARAT PETROLEUM CORPORATION L,BP-GREATER NOIDA BHARAT PETROLEUM CORPORATION L,"PLOT NO.2C, KNOWLEDGE PARK,","6 LANE EXPRESS HIGHWAY,",GREATER NOIDA,GAUTAM BUDH NAGAR,Uttar Pradesh,IN-25,201306,"PLOT NO.2C, KNOWLEDGE PARK,, 6 LANE EXPRESS HIGHWAY,, GREATER NOIDA, GAUTAM BUDH NAGAR, 201306, India",9758799237,bp134473@bpclretail.in,28.462608,77.506618,"DIESEL, PETROL, SPEED","Automation, Air_Filling",2026-09-02 16:15:14
0000208170,BP-KNOWLEDGE PARK -1 BHARAT PETROLEUM DEALERS,BP-KNOWLEDGE PARK -1 BHARAT PETROLEUM DEALERS,"KNOWLEDGE PARK V,",GREATER NOIDA,GREATER NOIDA,GAUTAM BUDH NAGAR,Uttar Pradesh,IN-25,201308,"KNOWLEDGE PARK V,, GREATER NOIDA, GREATER NOIDA, GAUTAM BUDH NAGAR, 201308, India",9205580335,cc208170@bpclretail.in,28.5456,77.46,"DIESEL, PETROL",Air_Filling,2026-09-02 16:15:14
0000206928,BP-KNOWLEDGE PARK -2 BHARAT PETROLEUM DEALERS,BP-KNOWLEDGE PARK -2 BHARAT PETROLEUM DEALERS,KNPWLEDGE PARK V,KNPWLEDGE PARK V,GREATER NOIDA,GAUTAM BUDH NAGAR,Uttar Pradesh,IN-25,201308,"KNPWLEDGE PARK V, KNPWLEDGE PARK V, GREATER NOIDA, GAUTAM BUDH NAGAR, 201308, India",8127551919,bp206928@bpclretail.in,28.545446,77.465489,"DIESEL, PETROL, SPEED","Automation, Air_Filling",2026-09-02 16:15:14
0000216058,BP-KNOWLEDGE PARK-3 BHARAT PETROLEUM DEALERS,BP-KNOWLEDGE PARK-3 BHARAT PETROLEUM DEALERS,SECTOR,KNOWLEDGE PARK 5,GREATER NOIDA,GAUTAM BUDH NAGAR,Uttar Pradesh,IN-25,201308,"SECTOR, KNOWLEDGE PARK 5, GREATER NOIDA, GAUTAM BUDH NAGAR, 201308, India",9667499521,guptagl@bharatpetroleum.im,28.57,77.44,,Air_Filling,2026-09-02 16:15:14
0000159542,BP-SMART TECH GREATER NOIDA BPCL COCO OUTLET,BP-SMART TECH GREATER NOIDA BPCL COCO OUTLET,"OPP. DAEWOO MOTORS,","PLOT 1, DSC ROAD, BZP INSTL. AREA",GREATER NOIDA,GAUTAM BUDH NAGAR,Uttar Pradesh,IN-25,201308,"OPP. DAEWOO MOTORS,, PLOT 1, DSC ROAD, BZP INSTL. AREA, GREATER NOIDA, GAUTAM BUDH NAGAR, 201308, India",,bp159542@bpclretail.in,28.524078,77.46228,,Air_Filling,2026-09-02 16:15:14
0000118856,SUBASH AUTOMOBILES BHARAT PETROLEUM DEALERS,SUBASH AUTOMOBILES BHARAT PETROLEUM DEALERS,HFA/2 UDYOG KENDRA,GHAZIABAD,GREATER NOIDA,GAUTAM BUDH NAGAR,Uttar Pradesh,IN-25,201306,"HFA/2 UDYOG KENDRA, GHAZIABAD, GREATER NOIDA, GAUTAM BUDH NAGAR, 201306, India",9953587447,subash118856@bpclretail.in,28.532071,77.448485,"DIESEL, PETROL, SPEED","Automation, Pure_Sure, Air_Filling, TWO_FOUR_SEVEN",2026-09-02 16:15:14
0000143963,KIRAN FILLING STATION BHARAT PETROLEUM DEALERS,KIRAN FILLING STATION BHARAT PETROLEUM DEALERS,K.M. STONE NO.47,"VILLAGE LOHARLI, TEHSIL DADRI",LOHARLI,GAUTAM BUDH NAGAR,Uttar Pradesh,IN-25,203207,"K.M. STONE NO.47, VILLAGE LOHARLI, TEHSIL DADRI, LOHARLI, GAUTAM BUDH NAGAR, 203207, India",9650175566,kiran143963@bpclretail.in,28.495166,77.633736,"DIESEL, PETROL, SPEED","Automation, Pure_Sure, Air_Filling, TWO_FOUR_SEVEN",2026-09-02 16:15:15
0000194354,AJAY FILLING STATION ADHOC BHARAT PETROLEUM DEALERS,AJAY FILLING STATION ADHOC BHARAT PETROLEUM DEALERS,"BULANDSAHAR ROAD , GULAOTHI","BULANDSAHAR ROAD , GULAOTHI",NOIDA,GAUTAM BUDH NAGAR,Uttar Pradesh,IN-25,201301,"BULANDSAHAR ROAD , GULAOTHI, BULANDSAHAR ROAD , GULAOTHI, NOIDA, GAUTAM BUDH NAGAR, 201301, India",,ajayfillingstation@rediffmail.com,28.524078,77.46228,PETROL,"Automation, Pure_Sure, Air_Filling, TWO_FOUR_SEVEN",2026-09-02 16:15:14
0000123783,BP-NOIDA 35 BHARAT PETROLEUM CORPORATION L,BP-NOIDA 35 BHARAT PETROLEUM CORPORATION L,OKHLA BARRAGE ROAD,NEAR CITY CENTRE,NOIDA,GAUTAM BUDH NAGAR,Uttar Pradesh,IN-25,201303,"OKHLA BARRAGE ROAD, NEAR CITY CENTRE, NOIDA, GAUTAM BUDH NAGAR, 201303, India",8076777075,cc123783@bpclretail.in,28.57698,77.358534,"DIESEL, PETROL, SPEED","Automation, Air_Filling",2026-09-02 16:15:14
0000210998,G.C.PETROLEUMS BHARAT PETROLEUM DEALERS,G.C.PETROLEUMS BHARAT PETROLEUM DEALERS,GB NAGAR,GB NAGAR,NOIDA,GAUTAM BUDH NAGAR,Uttar Pradesh,IN-25,201301,"GB NAGAR, GB NAGAR, NOIDA, GAUTAM BUDH NAGAR, 201301, India",09536896156,cc210998@bpclretail.in,28.5058,77.3654,"DIESEL, PETROL, SPEED","Pure_Sure, Air_Filling, TWO_FOUR_SEVEN",2026-09-02 16:15:14
0000194113,MARUTI FILLING STATION ADHOC BHARAT PETROLEUM DEALERS,MARUTI FILLING STATION ADHOC BHARAT PETROLEUM DEALERS,SECTOR-95,SECTOR-95,NOIDA,GAUTAM BUDH NAGAR,Uttar Pradesh,IN-25,201303,"SECTOR-95, SECTOR-95, NOIDA, GAUTAM BUDH NAGAR, 201303, India",9412276856,maruti118824@bpclretail.in,28.5355161,77.3910265,,Air_Filling,2026-09-02 16:15:14
0000214907,SATSAV 1 FILLING STATION BHARAT PETROLEUM DEALERS,SATSAV 1 FILLING STATION BHARAT PETROLEUM DEALERS,SEC 152,NOIDA,NOIDA,GAUTAM BUDH NAGAR,Uttar Pradesh,IN-25,201301,"SEC 152, NOIDA, NOIDA, GAUTAM BUDH NAGAR, 201301, India",9667736303,cc214907@bpclretail.in,28.4434,77.4798,"DIESEL, PETROL, SPEED","Pure_Sure, Air_Filling, TWO_FOUR_SEVEN",2026-09-02 16:15:14
0000199168,SHAHEED RAMENDRA PRATAP SINGH BHARAT PETROLEUM DEALERS,SHAHEED RAMENDRA PRATAP SINGH BHARAT PETROLEUM DEALERS,SECTOR 95,NOIDA,NOIDA,GAUTAM BUDH NAGAR,Uttar Pradesh,IN-25,201303,"SECTOR 95, NOIDA, NOIDA, GAUTAM BUDH NAGAR, 201303, India",9648444406,cc199168@bpclretail.in,28.5559,77.3236,"DIESEL, PETROL","Automation, Pure_Sure, Air_Filling, TWO_FOUR_SEVEN",2026-09-02 16:15:14
0000158055,SHAHEED SURENDRAPAL FILLING ST BHARAT PETROLEUM DEALERS,SHAHEED SURENDRAPAL FILLING ST BHARAT PETROLEUM DEALERS,PLOT NO PP1,SECTOR 71,NOIDA,GAUTAM BUDH NAGAR,Uttar Pradesh,IN-25,201301,"PLOT NO PP1, SECTOR 71, NOIDA, GAUTAM BUDH NAGAR, 201301, India",9910952126,surendarapal158055@bpclretail.in,28.591771,77.379442,"DIESEL, PETROL, SPEED","Automation, Pure_Sure, Air_Filling, Parking, TWO_FOUR_SEVEN",2026-09-02 16:15:14
0000199952,SHAHEED VINOD CHAUBEY FS BHARAT PETROLEUM DEALERS,SHAHEED VINOD CHAUBEY FS BHARAT PETROLEUM DEALERS,PLOT NO 1 BZP INDUSTRIAL AREA DSC,ROAD OPP DAEWOO MOTORS GN,NOIDA,GAUTAM BUDH NAGAR,Uttar Pradesh,IN-25,201301,"PLOT NO 1 BZP INDUSTRIAL AREA DSC, ROAD OPP DAEWOO MOTORS GN, NOIDA, GAUTAM BUDH NAGAR, 201301, India",8299331975,cc199952@bpclretail.in,28.524078,77.46228,"DIESEL, PETROL","Automation, Pure_Sure, Air_Filling, TWO_FOUR_SEVEN",2026-09-02 16:15:14
0000191180,SUBHASH AUTOMOBILES ADHOC BHARAT PETROLEUM DEALERS,SUBHASH AUTOMOBILES ADHOC BHARAT PETROLEUM DEALERS,,,NOIDA,GAUTAM BUDH NAGAR,Uttar Pradesh,IN-25,201301,", , NOIDA, GAUTAM BUDH NAGAR, 201301, India",,subhash191180@bpclretail.in,28.524078,77.46228,,Air_Filling,2026-09-02 16:15:14
0000256804,MARYADA FILLING STATION BHARAT PETROLEUM DEALERS,MARYADA FILLING STATION BHARAT PETROLEUM DEALERS,"SURVEY-1600,VILLAGE-BADAGAON",TEHSIL-SAIDPUR,BADAGAON,GAZIPUR,Uttar Pradesh,IN-25,233307,"SURVEY-1600,VILLAGE-BADAGAON, TEHSIL-SAIDPUR, BADAGAON, GAZIPUR, 233307, India",7497927785,vs0059531@gmail.com,25.656258,83.224444,"DIESEL, PETROL","Pure_Sure, Air_Filling, TWO_FOUR_SEVEN",2026-09-02 16:15:18
0000234144,JAI MATA DI FUEL STATION BHARAT PETROLEUM DEALERS,JAI MATA DI FUEL STATION BHARAT PETROLEUM DEALERS,R-388,VILLAGE-BHIKAHIPUR,BHIKAHIPUR,GAZIPUR,Uttar Pradesh,IN-25,233304,"R-388, VILLAGE-BHIKAHIPUR, BHIKAHIPUR, GAZIPUR, 233304, India",9839880001,santrajkumar6@gmail.com,25.585606,83.299589,"DIESEL, PETROL","Pure_Sure, Air_Filling, TWO_FOUR_SEVEN",2026-09-02 16:15:18
0000218083,SUJATA SANSKRITI FILLING STATI BHARAT PETROLEUM DEALERS,SUJATA SANSKRITI FILLING STATI BHARAT PETROLEUM DEALERS,"VILLAGE CHAKSIDHAUNA,","TEHSIL SAIDPUR, NH31",CHAKSIDHAUNA,GAZIPUR,Uttar Pradesh,IN-25,233223,"VILLAGE CHAKSIDHAUNA,, TEHSIL SAIDPUR, NH31, CHAKSIDHAUNA, GAZIPUR, 233223, India",7478146636,deomangal@rediffmail.com,25.51462,83.141212,"DIESEL, PETROL","Pure_Sure, Air_Filling, TWO_FOUR_SEVEN",2026-09-02 16:15:18
0000244241,PARAMJYOTI FILLING STATION BHARAT PETROLEUM DEALERS,PARAMJYOTI FILLING STATION BHARAT PETROLEUM DEALERS,"SURVEY NO-786,VILLAGE-KUWARPUR",PARGANA & TEHSIL-SAIDPUR,GHAZIPUR,GAZIPUR,Uttar Pradesh,IN-25,233306,"SURVEY NO-786,VILLAGE-KUWARPUR, PARGANA & TEHSIL-SAIDPUR, GHAZIPUR, GAZIPUR, 233306, India",7678969191,paramjyotifillingkuwarpur@gmail.com,25.5485514,83.3622586,"DIESEL, PETROL","Pure_Sure, Air_Filling, TWO_FOUR_SEVEN",2026-09-02 16:15:18
0000228467,SHRI PRABHUNATH FILLING STATIO BHARAT PETROLEUM DEALERS,SHRI PRABHUNATH FILLING STATIO BHARAT PETROLEUM DEALERS,"VILLAGE HIRANANDPUR, BLOCK SADA","TEHSIL SAIDPUR, DISTRIT GAZIPUR",HIRANARPUR,GAZIPUR,Uttar Pradesh,IN-25,233304,"VILLAGE HIRANANDPUR, BLOCK SADA, TEHSIL SAIDPUR, DISTRIT GAZIPUR, HIRANARPUR, GAZIPUR, 233304, India",7235805453,makalisweet2018@gmail.com,25.5847773,83.2493728,"DIESEL, PETROL","Pure_Sure, Air_Filling, TWO_FOUR_SEVEN",2026-09-02 16:15:18
0000217747,CHAUMUKHNATH FILLING STATION BHARAT PETROLEUM DEALERS,CHAUMUKHNATH FILLING STATION BHARAT PETROLEUM DEALERS,"VILLAGE MAUDHIA, SAIDPUR SHADIYABAD","ROAD, TEHSIL JAKHANIA",MAUDHIA,GAZIPUR,Uttar Pradesh,IN-25,275204,"VILLAGE MAUDHIA, SAIDPUR SHADIYABAD, ROAD, TEHSIL JAKHANIA, MAUDHIA, GAZIPUR, 275204, India",9451591343,CHAUMUKHNATH217747@bpclretail.in,25.6146287,83.3213304,"DIESEL, PETROL","Pure_Sure, Air_Filling, TWO_FOUR_SEVEN",2026-09-02 16:15:18
0000263770,TP&SONS FILLING STATION BHARAT PETROLEUM DEALERS,TP&SONS FILLING STATION BHARAT PETROLEUM DEALERS,SURVEY-348 & 349,VILLAGE-JAINPUR,SAIDPUR,GAZIPUR,Uttar Pradesh,IN-25,233307,"SURVEY-348 & 349, VILLAGE-JAINPUR, SAIDPUR, GAZIPUR, 233307, India",9450956855,vikasbaranwal.vb@gmail.com,25.596677,83.204544,"DIESEL, PETROL",Air_Filling,2026-09-02 16:15:18
0000223553,JAI SRI SUGRIV FILLING STATION BHARAT PETROLEUM DEALERS,JAI SRI SUGRIV FILLING STATION BHARAT PETROLEUM DEALERS,"ARAZI NO. 1061, BHIMAPUR MATHIYA RD",VILLAGE UCHAURI,UCHAURI,GAZIPUR,Uttar Pradesh,IN-25,233230,"ARAZI NO. 1061, BHIMAPUR MATHIYA RD, VILLAGE UCHAURI, UCHAURI, GAZIPUR, 233230, India",6307192632,jayshrisugrivpetrolpump@gmal.com,25.6121929,83.1810586,"DIESEL, PETROL","Pure_Sure, Air_Filling, TWO_FOUR_SEVEN",2026-09-02 16:15:18
0000118861,SINGH SERVICE STATION BHARAT PETROLEUM DEALERS,SINGH SERVICE STATION BHARAT PETROLEUM DEALERS,G.T. ROAD GIANI BORDER,GHAZIABAD,CHIKAMBARPUR,GHAZIABAD,Uttar Pradesh,IN-25,201006,"G.T. ROAD GIANI BORDER, GHAZIABAD, CHIKAMBARPUR, GHAZIABAD, 201006, India",8802862655,singh118861@bpclretail.in,28.677161,77.33971,"DIESEL, PETROL","Automation, Pure_Sure, Air_Filling, Parking, TWO_FOUR_SEVEN",2026-09-02 16:15:14
0000242537,DINESH FILLING STATION BHARAT PETROLEUM DEALERS,DINESH FILLING STATION BHARAT PETROLEUM DEALERS,"KHASRA NO-141 PANDAV NAGAR, BAMHETA","KHASRA NO-141 PANDAV NAGAR, BAMHETA",GHAZAIBAD,GHAZIABAD,Uttar Pradesh,IN-25,201002,"KHASRA NO-141 PANDAV NAGAR, BAMHETA, KHASRA NO-141 PANDAV NAGAR, BAMHETA, GHAZAIBAD, GHAZIABAD, 201002, India",9891543789,CC242537@bpclretail.in,28.6554643,77.4698877,"DIESEL, PETROL, SPEED, SPEED 100 BS IV","Pure_Sure, Air_Filling, TWO_FOUR_SEVEN",2026-09-02 16:15:14
0000239966,BP-EPE2 BHARAT PETROLEUM DEALERS,BP-EPE2 BHARAT PETROLEUM DEALERS,VILLAGE MILAK CHAKARPUR,EASTERN PERIPHERAL EXPRESSWAY (RHS),GHAZIAABAD,GHAZIABAD,Uttar Pradesh,IN-25,201206,"VILLAGE MILAK CHAKARPUR, EASTERN PERIPHERAL EXPRESSWAY (RHS), GHAZIAABAD, GHAZIABAD, 201206, India",9625829302,CC239966@bpclretail.in,28.7693348,77.4511459,"DIESEL, PETROL, SPEED",Air_Filling,2026-09-02 16:15:14
0000231020,BP-EPE1 BHARAT PETROLEUM DEALERS,BP-EPE1 BHARAT PETROLEUM DEALERS,VILLAGE MILAK CHAKARPUR,VILLAGE MILAK CHAKARPUR,GHAZIABAD,GHAZIABAD,Uttar Pradesh,IN-25,201206,"VILLAGE MILAK CHAKARPUR, VILLAGE MILAK CHAKARPUR, GHAZIABAD, GHAZIABAD, 201206, India",9891084323,bpepe231020@bpclretail.in,28.7719493,77.4499873,"DIESEL, PETROL","Automation, Pure_Sure, Air_Filling, TWO_FOUR_SEVEN",2026-09-02 16:15:14
0000263500,BP-INDIRAPURAM NEXTGEN BHARAT PETROLEUM DEALERS,BP-INDIRAPURAM NEXTGEN BHARAT PETROLEUM DEALERS,NYAY KHAND 1 (INDIRAPURAM YOJNA),INDIRAPURAM GHAZIABAD,GHAZIABAD,GHAZIABAD,Uttar Pradesh,IN-25,201014,"NYAY KHAND 1 (INDIRAPURAM YOJNA), INDIRAPURAM GHAZIABAD, GHAZIABAD, GHAZIABAD, 201014, India",9990365696,harsha@bharatpetroleum.in,28.637783,77.349606,"DIESEL, PETROL, SPEED","Automation, Air_Filling",2026-09-02 16:15:14
0000205770,BP24 (A UNIT OF AAR SECURITIES BHARAT PETROLEUM DEALERS,BP24 (A UNIT OF AAR SECURITIES BHARAT PETROLEUM DEALERS,VIJAYNAGAR,GHAZIABAD,GHAZIABAD,GHAZIABAD,Uttar Pradesh,IN-25,201009,"VIJAYNAGAR, GHAZIABAD, GHAZIABAD, GHAZIABAD, 201009, India",9810377189,bp205770@bpclretail.in,28.6366994,77.4379153,"DIESEL, PETROL, SPEED","Automation, Pure_Sure, Air_Filling, TWO_FOUR_SEVEN",2026-09-02 16:15:14
0000248718,CHUNNI LAL & SONS FILLING STAT BHARAT PETROLEUM DEALERS,CHUNNI LAL & SONS FILLING STAT BHARAT PETROLEUM DEALERS,NISTOLI ROAD,TILA MOD TO MURADNAGAR ROAD,GHAZIABAD,GHAZIABAD,Uttar Pradesh,IN-25,201003,"NISTOLI ROAD, TILA MOD TO MURADNAGAR ROAD, GHAZIABAD, GHAZIABAD, 201003, India",8860200958,CC248718@bpclretail.in,28.7270944,77.3492386,"DIESEL, PETROL, SPEED","Pure_Sure, Air_Filling, TWO_FOUR_SEVEN",2026-09-02 16:15:14
0000243922,DASNA PETROLIUM BHARAT PETROLEUM DEALERS,DASNA PETROLIUM BHARAT PETROLEUM DEALERS,KHASRA NO 2302B KHATA NO 1130 DASNA,KHASRA NO 2302B KHATA NO 1130 DASNA,GHAZIABAD,GHAZIABAD,Uttar Pradesh,IN-25,201015,"KHASRA NO 2302B KHATA NO 1130 DASNA, KHASRA NO 2302B KHATA NO 1130 DASNA, GHAZIABAD, GHAZIABAD, 201015, India",9811102071,cc243922@bpclretail.in,28.6856349,77.5254045,"DIESEL, PETROL",Air_Filling,2026-09-02 16:15:14
0000222718,ELITE PETROLEUM BHARAT PETROLEUM DEALERS,ELITE PETROLEUM BHARAT PETROLEUM DEALERS,"MAKANPUR, INDIRAPURAM","MAKANPUR, INDIRAPURAM",GHAZIABAD,GHAZIABAD,Uttar Pradesh,IN-25,201013,"MAKANPUR, INDIRAPURAM, MAKANPUR, INDIRAPURAM, GHAZIABAD, GHAZIABAD, 201013, India",9968489648,elitepe222718@bpclretail.in,28.693539,77.482028,"DIESEL, PETROL","Automation, Pure_Sure, Air_Filling, TWO_FOUR_SEVEN",2026-09-02 16:15:14
0000264642,GREENWOOD ENERGY HUB BHARAT PETROLEUM DEALERS,GREENWOOD ENERGY HUB BHARAT PETROLEUM DEALERS,"161 MI, VILLAGE NAIPHAL",TEHSIL AND DISTRICT GHAZIABAD,GHAZIABAD,GHAZIABAD,Uttar Pradesh,IN-25,201010,"161 MI, VILLAGE NAIPHAL, TEHSIL AND DISTRICT GHAZIABAD, GHAZIABAD, GHAZIABAD, 201010, India",8853505858,greenwoodenergyhub@gmail.com,28.65213,77.514214,"DIESEL, PETROL, SPEED",Air_Filling,2026-09-02 16:15:14
0000202614,J T PETROLEUM BHARAT PETROLEUM DEALERS,J T PETROLEUM BHARAT PETROLEUM DEALERS,NOOR NAGAR,RAJ NAGAR EXTENSION BYPASS ROAD,GHAZIABAD,GHAZIABAD,Uttar Pradesh,IN-25,201017,"NOOR NAGAR, RAJ NAGAR EXTENSION BYPASS ROAD, GHAZIABAD, GHAZIABAD, 201017, India",9891586216,jtpe202614@bpclretail.in,28.6971067,77.4274332,"DIESEL, PETROL","Automation, Pure_Sure, Air_Filling, TWO_FOUR_SEVEN",2026-09-02 16:15:14
0000239388,KANHIYA LAL & SONS BHARAT PETROLEUM DEALERS,KANHIYA LAL & SONS BHARAT PETROLEUM DEALERS,GHUKNA NEAR HINDON RIVER METRO,GHUKNA NEAR HINDON RIVER METRO,GHAZIABAD,GHAZIABAD,Uttar Pradesh,IN-25,201003,"GHUKNA NEAR HINDON RIVER METRO, GHUKNA NEAR HINDON RIVER METRO, GHAZIABAD, GHAZIABAD, 201003, India",9810527677,CC239388@bpclretail.in,28.6803226,77.40769958496,"DIESEL, PETROL","Pure_Sure, Air_Filling, TWO_FOUR_SEVEN",2026-09-02 16:15:14
0000251418,LAXMI PETROLEUM BHARAT PETROLEUM DEALERS,LAXMI PETROLEUM BHARAT PETROLEUM DEALERS,NEAR FORENSIC SCIENCE LABORATORY,NEAR FORENSIC SCIENCE LABORATORY,GHAZIABAD,GHAZIABAD,Uttar Pradesh,IN-25,201204,"NEAR FORENSIC SCIENCE LABORATORY, NEAR FORENSIC SCIENCE LABORATORY, GHAZIABAD, GHAZIABAD, 201204, India",9897747973,cc251418@bpclretail.in,28.8666679,77.5458833,"DIESEL, PETROL","Pure_Sure, Air_Filling, TWO_FOUR_SEVEN",2026-09-02 16:15:14
0000191022,PRATIK FUEL STATION BHARAT PETROLEUM DEALERS,PRATIK FUEL STATION BHARAT PETROLEUM DEALERS,CROSSING REPUBLIC,"NH24 CUT, DUNDEHERA",GHAZIABAD,GHAZIABAD,Uttar Pradesh,IN-25,201016,"CROSSING REPUBLIC, NH24 CUT, DUNDEHERA, GHAZIABAD, GHAZIABAD, 201016, India",9899207777,pratik191022@bpclretail.in,28.63203,77.4427,"DIESEL, PETROL, SPEED","Automation, Pure_Sure, Air_Filling, TWO_FOUR_SEVEN",2026-09-02 16:15:14
0000264337,RK FILL POINT BHARAT PETROLEUM DEALERS,RK FILL POINT BHARAT PETROLEUM DEALERS,"SURVEY NO B-11, LOHIA NAGAR",TEHSIL AND DISTRICT GHAZIABAD,GHAZIABAD,GHAZIABAD,Uttar Pradesh,IN-25,201001,"SURVEY NO B-11, LOHIA NAGAR, TEHSIL AND DISTRICT GHAZIABAD, GHAZIABAD, GHAZIABAD, 201001, India",9810080018,rkfillpoint05@gmail.com,28.671456,77.435804,"DIESEL, PETROL",Air_Filling,2026-09-02 16:15:14
0000211201,S R FILLING STATION BHARAT PETROLEUM DEALERS,S R FILLING STATION BHARAT PETROLEUM DEALERS,NOOR NAGAR BYPASS ROAD RAJNAGAR EXT,NOOR NAGAR BYPASS ROAD RAJNAGAR EXT,GHAZIABAD,GHAZIABAD,Uttar Pradesh,IN-25,201017,"NOOR NAGAR BYPASS ROAD RAJNAGAR EXT, NOOR NAGAR BYPASS ROAD RAJNAGAR EXT, GHAZIABAD, GHAZIABAD, 201017, India",9899877815,srfillin211201@bpclretail.in,28.7017975,77.4107291,"DIESEL, PETROL, SPEED","Automation, Pure_Sure, Air_Filling, TWO_FOUR_SEVEN",2026-09-02 16:15:14
0000254075,SANGAM FILL POINT BHARAT PETROLEUM DEALERS,SANGAM FILL POINT BHARAT PETROLEUM DEALERS,KOYAL ENCLAVE,KOYAL ENCLAVE,GHAZIABAD,GHAZIABAD,Uttar Pradesh,IN-25,201102,"KOYAL ENCLAVE, KOYAL ENCLAVE, GHAZIABAD, GHAZIABAD, 201102, India",8882677899,sfp8920@gmail.com,28.704955,77.331592,"DIESEL, PETROL, SPEED","Pure_Sure, Air_Filling, TWO_FOUR_SEVEN",2026-09-02 16:15:14
0000213668,SIDDHARTHA FUELS BHARAT PETROLEUM DEALERS,SIDDHARTHA FUELS BHARAT PETROLEUM DEALERS,VLLAGE- NOORNAGAR,"RAJNAGAR EXTENSION, GHAZIABAD",GHAZIABAD,GHAZIABAD,Uttar Pradesh,IN-25,201001,"VLLAGE- NOORNAGAR, RAJNAGAR EXTENSION, GHAZIABAD, GHAZIABAD, GHAZIABAD, 201001, India",9971944455,siddharthaf213668215663@bpclretail.in,28.7017851,77.4110999,"DIESEL, PETROL, SPEED","Automation, Pure_Sure, Air_Filling, TWO_FOUR_SEVEN",2026-09-02 16:15:14
0000268178,SUPER PETROLEUM BHARAT PETROLEUM DEALERS,SUPER PETROLEUM BHARAT PETROLEUM DEALERS,"PLOT 144/1M, PANDAV NAGAR","SHAHPUR BAMHETA, GHAZIABAD",GHAZIABAD,GHAZIABAD,Uttar Pradesh,IN-25,201002,"PLOT 144/1M, PANDAV NAGAR, SHAHPUR BAMHETA, GHAZIABAD, GHAZIABAD, GHAZIABAD, 201002, India",9810008868,08karishmasharma@gmail.com,28.6533025,77.4714295,"DIESEL, PETROL",Air_Filling,2026-09-02 16:15:14
0000249622,USHA FUEL CENTER BHARAT PETROLEUM DEALERS,USHA FUEL CENTER BHARAT PETROLEUM DEALERS,VILAGE SIKRI KHURD,VILAGE SIKRI KHURD,GHAZIABAD,GHAZIABAD,Uttar Pradesh,IN-25,201204,"VILAGE SIKRI KHURD, VILAGE SIKRI KHURD, GHAZIABAD, GHAZIABAD, 201204, India",8800609681,CC249622@bpclretail.in,28.815533,77.55484,"DIESEL, PETROL","Pure_Sure, Air_Filling, TWO_FOUR_SEVEN",2026-09-02 16:15:14
0000118864,SONA FUEL CENTRE BHARAT PETROLEUM DEALERS,SONA FUEL CENTRE BHARAT PETROLEUM DEALERS,HAPUR ROAD,PLOT NO. A - 10/5&6 INDUSTRIAL AREA,GOVINDPURAM,GHAZIABAD,Uttar Pradesh,IN-25,201003,"HAPUR ROAD, PLOT NO. A - 10/5&6 INDUSTRIAL AREA, GOVINDPURAM, GHAZIABAD, 201003, India",8650702702,sona118864@bpclretail.in,28.680186,77.491123,"DIESEL, PETROL, SPEED","Automation, Pure_Sure, Air_Filling, TWO_FOUR_SEVEN",2026-09-02 16:15:14
0000158698,BP-INDIRAPURAM BHARAT PETROLEUM CORPN LTD.,BP-INDIRAPURAM BHARAT PETROLEUM CORPN LTD.,"ADITYA MEGA CITY, PLOT NO. C/GH-03,","VAIBHAV KHAND, INDIRAPURAM",INDIRAPURAM,GHAZIABAD,Uttar Pradesh,IN-25,201010,"ADITYA MEGA CITY, PLOT NO. C/GH-03,, VAIBHAV KHAND, INDIRAPURAM, INDIRAPURAM, GHAZIABAD, 201010, India",7011028569,bp158698@bpclretail.in,28.636782,77.360499,"DIESEL, PETROL, SPEED","Automation, Air_Filling",2026-09-02 16:15:14
0000153240,CNL AUTOMOBILES BHARAT PETROLEUM DEALERS,CNL AUTOMOBILES BHARAT PETROLEUM DEALERS,"SHKTIKHAND-IV, INDIRAPURAM",INDIRAPURAM,INDIRAPURAM,GHAZIABAD,Uttar Pradesh,IN-25,201010,"SHKTIKHAND-IV, INDIRAPURAM, INDIRAPURAM, INDIRAPURAM, GHAZIABAD, 201010, India",9910062099,cnl153240@bpclretail.in,28.647403,77.378529,"DIESEL, PETROL, SPEED, SPEED 100 BS IV","In_Out, Automation, Air_Filling",2026-09-02 16:15:14
0000118845,RAMAN & CO.. BHARAT PETROLEUM DEALERS,RAMAN & CO.. BHARAT PETROLEUM DEALERS,MEERUT GHAZIABAD ROAD,GHAZIABAD,"KADRABAD,MODINAGAR",GHAZIABAD,Uttar Pradesh,IN-25,201201,"MEERUT GHAZIABAD ROAD, GHAZIABAD, KADRABAD,MODINAGAR, GHAZIABAD, 201201, India",9958900001,raman118845@bpclretail.in,28.865469,77.598613,"DIESEL, PETROL","Automation, Pure_Sure, Air_Filling, TWO_FOUR_SEVEN",2026-09-02 16:15:14
0000118788,"CHAUDHARY SERVICE STATION, BHARAT PETROLEUM DEALERS","CHAUDHARY SERVICE STATION, BHARAT PETROLEUM DEALERS",LAL KUAN,GHAZIABAD,LALKUAN,GHAZIABAD,Uttar Pradesh,IN-25,201009,"LAL KUAN, GHAZIABAD, LALKUAN, GHAZIABAD, 201009, India",9810321095,chaudhary118788@bpclretail.in,28.641496,77.453173,"DIESEL, PETROL, SPEED","Automation, Pure_Sure, Air_Filling, TWO_FOUR_SEVEN",2026-09-02 16:15:14
0000128800,BP-SHAHBAJPUR (LONI) BHARAT PETROLEUM CORPORATION L,BP-SHAHBAJPUR (LONI) BHARAT PETROLEUM CORPORATION L,VILLAGE TEELA SHAHBAJPUR,POST OFFICE -  LONI,LONI,GHAZIABAD,Uttar Pradesh,IN-25,201102,"VILLAGE TEELA SHAHBAJPUR, POST OFFICE -  LONI, LONI, GHAZIABAD, 201102, India",,bp128800@bpclretail.in,28.72002,77.331653,,Air_Filling,2026-09-02 16:15:14
0000182841,BRIJWASI FILLING STATION BHARAT PETROLEUM DEALERS,BRIJWASI FILLING STATION BHARAT PETROLEUM DEALERS,TILLA SHAHBAJ PUR LONI,LONI,LONI,GHAZIABAD,Uttar Pradesh,IN-25,201102,"TILLA SHAHBAJ PUR LONI, LONI, LONI, GHAZIABAD, 201102, India",9810953353,brijwasi182841@bpclretail.in,28.72002,77.331653,"DIESEL, PETROL, SPEED","Automation, Pure_Sure, Air_Filling, TWO_FOUR_SEVEN",2026-09-02 16:15:14
0000118819,KISSAN SNEH DIESELS BHARAT PETROLEUM DEALERS,KISSAN SNEH DIESELS BHARAT PETROLEUM DEALERS,DELHI -YAMUNOTRI ROAD (NH-709B),GHAZIABAD,MANDOLA LONI,GHAZIABAD,Uttar Pradesh,IN-25,201102,"DELHI -YAMUNOTRI ROAD (NH-709B), GHAZIABAD, MANDOLA LONI, GHAZIABAD, 201102, India",9968502866,kissan118819@bpclretail.in,28.825082,77.269874,"DIESEL, PETROL","Automation, Pure_Sure, Air_Filling, TWO_FOUR_SEVEN",2026-09-02 16:15:14
0000118857,SHUBHAM AUTOMOBILES BHARAT PETROLEUM DEALERS,SHUBHAM AUTOMOBILES BHARAT PETROLEUM DEALERS,"PLOT NO. A-10/ 5 & 6, INDUSTRIAL A","SITE-3, MEERUT ROAD","MEERUT RD, GHAZIABAD",GHAZIABAD,Uttar Pradesh,IN-25,201003,"PLOT NO. A-10/ 5 & 6, INDUSTRIAL A, SITE-3, MEERUT ROAD, MEERUT RD, GHAZIABAD, GHAZIABAD, 201003, India",9897737376,shubham118857@bpclretail.in,28.68839,77.434616,"DIESEL, PETROL, SPEED","Automation, Pure_Sure, Air_Filling, TWO_FOUR_SEVEN",2026-09-02 16:15:14
0000225016,GOSWAMI FILLING STATION BHARAT PETROLEUM DEALERS,GOSWAMI FILLING STATION BHARAT PETROLEUM DEALERS,"KHINDAURA, MODINAGAR","KHINDAURA, MODINAGAR",MODINAGAR,GHAZIABAD,Uttar Pradesh,IN-25,201204,"KHINDAURA, MODINAGAR, KHINDAURA, MODINAGAR, MODINAGAR, GHAZIABAD, 201204, India",8859104908,goswamifs225016@bpclretail.in,28.8907917,77.4678289,"DIESEL, PETROL","Automation, Pure_Sure, Air_Filling, TWO_FOUR_SEVEN",2026-09-02 16:15:14
0000230268,GOVIND FILLING STATION BHARAT PETROLEUM DEALERS,GOVIND FILLING STATION BHARAT PETROLEUM DEALERS,"VILLAGE SIKRI KHURD, MODINAGAR","VILLAGE SIKRI KHURD, MODINAGAR",MODINAGAR,GHAZIABAD,Uttar Pradesh,IN-25,201204,"VILLAGE SIKRI KHURD, MODINAGAR, VILLAGE SIKRI KHURD, MODINAGAR, MODINAGAR, GHAZIABAD, 201204, India",9012055571,govindfs230268@bpclretail.in,28.80482,77.56613,"DIESEL, PETROL","Pure_Sure, Air_Filling, TWO_FOUR_SEVEN",2026-09-02 16:15:14
0000235784,M R FUELS BHARAT PETROLEUM DEALERS,M R FUELS BHARAT PETROLEUM DEALERS,VILLAGE BHOJPUR,TEHSIL MODINAGAR,MODINAGAR,GHAZIABAD,Uttar Pradesh,IN-25,245304,"VILLAGE BHOJPUR, TEHSIL MODINAGAR, MODINAGAR, GHAZIABAD, 245304, India",9711766711,M235784@bpclretail.in,28.7901921,77.6344714,"DIESEL, PETROL","Pure_Sure, Air_Filling, TWO_FOUR_SEVEN",2026-09-02 16:15:15
0000118827,"MODI NAGAR FILLING CENTRE, MOD BHARAT PETROLEUM DEALERS","MODI NAGAR FILLING CENTRE, MOD BHARAT PETROLEUM DEALERS",MEERUT-GHAZIABAD ROAD,MEERUT-GHAZIABAD ROAD,MODINAGAR,GHAZIABAD,Uttar Pradesh,IN-25,201204,"MEERUT-GHAZIABAD ROAD, MEERUT-GHAZIABAD ROAD, MODINAGAR, GHAZIABAD, 201204, India",9878603333,modi118827@bpclretail.in,28.828498,77.56915,"DIESEL, PETROL","Automation, Pure_Sure, Air_Filling, TWO_FOUR_SEVEN",2026-09-02 16:15:14
0000231470,RADHEY SHYAM AUTOMOBILES BHARAT PETROLEUM DEALERS,RADHEY SHYAM AUTOMOBILES BHARAT PETROLEUM DEALERS,VILLAGE SADABAD JAKHEVA,VILLAGE SADABAD JAKHEVA,MODINAGAR,GHAZIABAD,Uttar Pradesh,IN-25,201206,"VILLAGE SADABAD JAKHEVA, VILLAGE SADABAD JAKHEVA, MODINAGAR, GHAZIABAD, 201206, India",8279979304,radheshyamautomobiles231470@bpclretail.in,28.8026616,77.5414919,"DIESEL, PETROL","Pure_Sure, Air_Filling, TWO_FOUR_SEVEN",2026-09-02 16:15:14
0000118828,MOHANNAGAR SERVICE CENTRE. BHARAT PETROLEUM DEALERS,MOHANNAGAR SERVICE CENTRE. BHARAT PETROLEUM DEALERS,MOHAN NAGAR,GHAZIABAD,MOHANNAGAR,GHAZIABAD,Uttar Pradesh,IN-25,201007,"MOHAN NAGAR, GHAZIABAD, MOHANNAGAR, GHAZIABAD, 201007, India",8076787357,mohannagar118828@bpclretail.in,28.676858,77.390314,"DIESEL, PETROL, SPEED","Automation, Pure_Sure, Air_Filling, TWO_FOUR_SEVEN",2026-09-02 16:15:14
0000142846,RADHEY SHYAM PETRO FILLLING ST BHARAT PETROLEUM DEALERS,RADHEY SHYAM PETRO FILLLING ST BHARAT PETROLEUM DEALERS,"NEAR ALLAHABAD BANK,","NH-58, GHAZIABAD-MEERUT ROAD",MURADNAGAR,GHAZIABAD,Uttar Pradesh,IN-25,201206,"NEAR ALLAHABAD BANK,, NH-58, GHAZIABAD-MEERUT ROAD, MURADNAGAR, GHAZIABAD, 201206, India",9873624503,radhey142846@bpclretail.in,28.746696,77.486969,"DIESEL, PETROL, SPEED","Automation, Pure_Sure, Air_Filling, TWO_FOUR_SEVEN",2026-09-02 16:15:14
0000143153,JANKINATH FILLING STATION BHARAT PETROLEUM DEALERS,JANKINATH FILLING STATION BHARAT PETROLEUM DEALERS,"1, SANJAY NAGAR, ALT CENTER ROAD",DISTRICT CENTER,SANJAYNAGAR,GHAZIABAD,Uttar Pradesh,IN-25,201002,"1, SANJAY NAGAR, ALT CENTER ROAD, DISTRICT CENTER, SANJAYNAGAR, GHAZIABAD, 201002, India",9910549979,jankinath143153@bpclretail.in,28.687176,77.451486,"DIESEL, PETROL, SPEED, SPEED 100 BS IV","Automation, Pure_Sure, Air_Filling, TWO_FOUR_SEVEN",2026-09-02 16:15:14
0000140779,SAHIL AUTO FUELS BHARAT PETROLEUM DEALERS,SAHIL AUTO FUELS BHARAT PETROLEUM DEALERS,"GHAZIABAD-BULANDSHAHR ROAD, NH-91",SHAHPUR-BAMHETA,"SHAHPUR,BAMHETA",GHAZIABAD,Uttar Pradesh,IN-25,201002,"GHAZIABAD-BULANDSHAHR ROAD, NH-91, SHAHPUR-BAMHETA, SHAHPUR,BAMHETA, GHAZIABAD, 201002, India",9707020202,sahil140779@bpclretail.in,28.631973,77.467864,"DIESEL, PETROL, SPEED","Automation, Pure_Sure, Air_Filling, Parking, ATM, TWO_FOUR_SEVEN",2026-09-02 16:15:14
0000139002,SHARMA FILLING STATION BHARAT PETROLEUM DEALERS,SHARMA FILLING STATION BHARAT PETROLEUM DEALERS,"GHAZIABAD-HAPUR BYE-PASS, NH-24","KHASRA NO.134, BHIMNAGAR, MAVAI",VIJAYNAGAR,GHAZIABAD,Uttar Pradesh,IN-25,201009,"GHAZIABAD-HAPUR BYE-PASS, NH-24, KHASRA NO.134, BHIMNAGAR, MAVAI, VIJAYNAGAR, GHAZIABAD, 201009, India",9891119612,sharma139002@bpclretail.in,28.639185,77.425283,"DIESEL, PETROL, SPEED","Automation, Pure_Sure, Air_Filling, TWO_FOUR_SEVEN",2026-09-02 16:15:14
0000141902,MOHAN SHIVA SERVICE STATION BHARAT PETROLEUM DEALERS,MOHAN SHIVA SERVICE STATION BHARAT PETROLEUM DEALERS,MAIN WAZIRABAD,LONI ROAD,BHOPURA,GHAZIABAD UTTAR PRAD,Uttar Pradesh,IN-25,201005,"MAIN WAZIRABAD, LONI ROAD, BHOPURA, GHAZIABAD UTTAR PRAD, 201005, India",9818120227,mohan141902@bpclretail.in,28.69535,77.336025,"DIESEL, PETROL, SPEED","Automation, Pure_Sure, Air_Filling, TWO_FOUR_SEVEN",2026-09-02 16:15:14
0000118851,SHADIRAM UDMIRAM BHARAT PETROLEUM DEALERS,SHADIRAM UDMIRAM BHARAT PETROLEUM DEALERS,G.T. ROAD GIANI BORDER,GHAZIABAD,GHAZIABAD,GHAZIABAD UTTAR PRAD,Uttar Pradesh,IN-25,201006,"G.T. ROAD GIANI BORDER, GHAZIABAD, GHAZIABAD, GHAZIABAD UTTAR PRAD, 201006, India",9810447750,shadiram118851@bpclretail.in,28.676567,77.342855,"DIESEL, PETROL, SPEED, SPEED 100 BS IV","Automation, Pure_Sure, Air_Filling, TWO_FOUR_SEVEN",2026-09-02 16:15:14
0000192165,SHRI SHIVA GAURAV SERVICE STAT BHARAT PETROLEUM DEALERS,SHRI SHIVA GAURAV SERVICE STAT BHARAT PETROLEUM DEALERS,"PRAHLADGARHI, LINK ROAD",GHAZIPUR GHAZIABAD,GHAZIABAD,GHAZIABAD UTTAR PRAD,Uttar Pradesh,IN-25,201012,"PRAHLADGARHI, LINK ROAD, GHAZIPUR GHAZIABAD, GHAZIABAD, GHAZIABAD UTTAR PRAD, 201012, India",9990399905,shrishiva192165@bpclretail.in,28.659921,77.355572,"DIESEL, PETROL, SPEED","Automation, Pure_Sure, Air_Filling, TWO_FOUR_SEVEN",2026-09-02 16:15:14
0000118855,"SHIVA AUTOMOBILE STORES, GHAZI BHARAT PETROLEUM DEALERS","SHIVA AUTOMOBILE STORES, GHAZI BHARAT PETROLEUM DEALERS",NEAR NATH DWARA MANDIR,NEAR NATH DWARA MANDIR,"GT RD,GHAZIABAD",GHAZIABAD UTTAR PRAD,Uttar Pradesh,IN-25,201001,"NEAR NATH DWARA MANDIR, NEAR NATH DWARA MANDIR, GT RD,GHAZIABAD, GHAZIABAD UTTAR PRAD, 201001, India",9810509773,shivamobile118855@bpclretail.in,28.666614,77.421663,"DIESEL, PETROL, SPEED, SPEED 100 BS IV","Automation, Pure_Sure, Air_Filling, TWO_FOUR_SEVEN",2026-09-02 16:15:14
0000142264,MAHALUXMI FILLING STATION BHARAT PETROLEUM DEALERS,MAHALUXMI FILLING STATION BHARAT PETROLEUM DEALERS,"VILL KARERA, LONI ROAD",MOHAN NAGAR -KARERA LINK ROAD,KARHERA,GHAZIABAD UTTAR PRAD,Uttar Pradesh,IN-25,201007,"VILL KARERA, LONI ROAD, MOHAN NAGAR -KARERA LINK ROAD, KARHERA, GHAZIABAD UTTAR PRAD, 201007, India",7838148912,mahaluxmi142264@bpclretail.in,28.684693,77.388555,"DIESEL, PETROL, SPEED","Automation, Pure_Sure, Air_Filling, TWO_FOUR_SEVEN",2026-09-02 16:15:14
0000253142,VIDHYADHAR FILLING STATION BHARAT PETROLEUM DEALERS,VIDHYADHAR FILLING STATION BHARAT PETROLEUM DEALERS,"VILLAGE- PARSAPUR,TEHSIL- TARABGANJ","GONDA AYODHYA ROAD, NH330",GONDA,GONDA,Uttar Pradesh,IN-25,271303,"VILLAGE- PARSAPUR,TEHSIL- TARABGANJ, GONDA AYODHYA ROAD, NH330, GONDA, GONDA, 271303, India",9792470457,savita8579pandey@gmail.com,26.89909935,81.1289978,"DIESEL, PETROL","Pure_Sure, Air_Filling, TWO_FOUR_SEVEN",2026-09-02 16:15:18
0000215228,SANTOSH FILLING STATION BHARAT PETROLEUM DEALERS,SANTOSH FILLING STATION BHARAT PETROLEUM DEALERS,HAPUR KITHORE ROAD,ASODHA,ASODHA,HAPUR,Uttar Pradesh,IN-25,245101,"HAPUR KITHORE ROAD, ASODHA, ASODHA, HAPUR, 245101, India",7351017383,santoshfs215228@bpclretail.in,28.760613,77.775401,"DIESEL, PETROL","Pure_Sure, Air_Filling, TWO_FOUR_SEVEN",2026-09-02 16:15:15
0000218082,ISHAQ FILING STATION BHARAT PETROLEUM DEALERS,ISHAQ FILING STATION BHARAT PETROLEUM DEALERS,DEHRA ON MASURI GULAWATHI ROAD,DEHRA ON MASURI GULAWATHI ROAD,DEHRA,HAPUR,Uttar Pradesh,IN-25,245301,"DEHRA ON MASURI GULAWATHI ROAD, DEHRA ON MASURI GULAWATHI ROAD, DEHRA, HAPUR, 245301, India",9557787741,ishaqfs218082@bpclretail.in,28.647375,77.599247,"DIESEL, PETROL","Pure_Sure, Air_Filling, TWO_FOUR_SEVEN",2026-09-02 16:15:14
0000178632,OM MOTORS BHARAT PETROLEUM DEALERS,OM MOTORS BHARAT PETROLEUM DEALERS,KHASRA NO. 417 MODINAGAR HAPUR ROAD,"VILLAGE BADNAULI, DISTRICT HAPUR",HAPUR,HAPUR,Uttar Pradesh,IN-25,245101,"KHASRA NO. 417 MODINAGAR HAPUR ROAD, VILLAGE BADNAULI, DISTRICT HAPUR, HAPUR, HAPUR, 245101, India",9634256285,ommotor178632@bpclretail.in,28.746331,77.727715,"DIESEL, PETROL","Automation, Pure_Sure, Air_Filling, TWO_FOUR_SEVEN",2026-09-02 16:15:15
0000141217,SHREE GANESH AUTO CENTRE BHARAT PETROLEUM DEALERS,SHREE GANESH AUTO CENTRE BHARAT PETROLEUM DEALERS,VILLAGE - ASODA,HAPUR-MEERUT ROAD,HAPUR,HAPUR,Uttar Pradesh,IN-25,245101,"VILLAGE - ASODA, HAPUR-MEERUT ROAD, HAPUR, HAPUR, 245101, India",7500177536,ganesh141217@bpclretail.in,28.749035,77.769322,"DIESEL, PETROL, SPEED","Automation, Pure_Sure, Air_Filling, TWO_FOUR_SEVEN",2026-09-02 16:15:15
0000118868,TEJBHAN JAMAN DASS BHARAT PETROLEUM DEALERS,TEJBHAN JAMAN DASS BHARAT PETROLEUM DEALERS,HAPUR- GARH ROAD,GHAZIABAD,HAPUR,HAPUR,Uttar Pradesh,IN-25,245101,"HAPUR- GARH ROAD, GHAZIABAD, HAPUR, HAPUR, 245101, India",9810211447,tejbhan118868@bpclretail.in,28.730569,77.777452,,"Automation, Air_Filling",2026-09-02 16:15:15
0000259681,VARDAN FILLING STATION BHARAT PETROLEUM DEALERS,VARDAN FILLING STATION BHARAT PETROLEUM DEALERS,KHASRA NO 83,VILLAGE- TIYALA,HAPUR,HAPUR,Uttar Pradesh,IN-25,245101,"KHASRA NO 83, VILLAGE- TIYALA, HAPUR, HAPUR, 245101, India",9897612751,hemantchoudhari86@gmail.com,28.783892,77.794922,"DIESEL, PETROL","Automation, Pure_Sure, Air_Filling, TWO_FOUR_SEVEN",2026-09-02 16:15:15
0000156148,RAM AVTAR TYAGI FUELS BHARAT PETROLEUM DEALERS,RAM AVTAR TYAGI FUELS BHARAT PETROLEUM DEALERS,"PLOT NO.B1, B2, UPSIDC INDUSTRIAL A",MASSOURI -GULAOTHI ROAD (NTPC ROAD,"NTPC RD, MUSSORIE",HAPUR,Uttar Pradesh,IN-25,201313,"PLOT NO.B1, B2, UPSIDC INDUSTRIAL A, MASSOURI -GULAOTHI ROAD (NTPC ROAD, NTPC RD, MUSSORIE, HAPUR, 201313, India",9810074210,ramavtar156148@bpclretail.in,28.660124,77.572609,"DIESEL, PETROL","Automation, Pure_Sure, Air_Filling, TWO_FOUR_SEVEN",2026-09-02 16:15:14
0000138192,KANSAL ROADLINE TANKERS BHARAT PETROLEUM DEALERS,KANSAL ROADLINE TANKERS BHARAT PETROLEUM DEALERS,VILLAGE PIPLA BANPUR,VILLAGE PIPLA BANPUR,PILKHUA,HAPUR,Uttar Pradesh,IN-25,245304,"VILLAGE PIPLA BANPUR, VILLAGE PIPLA BANPUR, PILKHUA, HAPUR, 245304, India",9927077007,kansal138192@bpclretail.in,28.712409,77.675451,"DIESEL, PETROL, SPEED","Automation, Pure_Sure, Air_Filling, TWO_FOUR_SEVEN",2026-09-02 16:15:15
0000211889,SHREE JEE FUELS BHARAT PETROLEUM DEALERS,SHREE JEE FUELS BHARAT PETROLEUM DEALERS,"DHAULANA ROAD, PILKHUWA","DHAULANA ROAD, PILKHUWA",PILKHUA,HAPUR,Uttar Pradesh,IN-25,245304,"DHAULANA ROAD, PILKHUWA, DHAULANA ROAD, PILKHUWA, PILKHUA, HAPUR, 245304, India",09927193492,shreejee211889@bpclretail.in,28.71173,77.641167,"DIESEL, PETROL","Automation, Pure_Sure, Air_Filling, TWO_FOUR_SEVEN",2026-09-02 16:15:15
0000219355,GAHLAUT PETROLEUM BHARAT PETROLEUM DEALERS,GAHLAUT PETROLEUM BHARAT PETROLEUM DEALERS,SAPNAWAT,SAPNAWAT,SAPNAWAT,HAPUR,Uttar Pradesh,IN-25,245101,"SAPNAWAT, SAPNAWAT, SAPNAWAT, HAPUR, 245101, India",9667170492,gahloutpe219355@bpclretail.in,28.617491,77.73687,"DIESEL, PETROL","Pure_Sure, Air_Filling, TWO_FOUR_SEVEN",2026-09-02 16:15:15
0000175321,JAGDEV FILLING STATION BHARAT PETROLEUM DEALERS,JAGDEV FILLING STATION BHARAT PETROLEUM DEALERS,VILLAGE ATRAULI,POST ATRAULI,ATRAULI,HARDOI,Uttar Pradesh,IN-25,241204,"VILLAGE ATRAULI, POST ATRAULI, ATRAULI, HARDOI, 241204, India",9415564352,jagdev175321@bpclretail.in,27.171982,80.661015,"DIESEL, PETROL","Automation, Pure_Sure, Air_Filling, TWO_FOUR_SEVEN",2026-09-02 16:15:18
0000118792,DIXIT AUTOMOBILES BHARAT PETROLEUM DEALERS,DIXIT AUTOMOBILES BHARAT PETROLEUM DEALERS,SADABAD-HATHRAS ROAD,"GRAM ANIGARHI,",BISANA,HATHRAS,Uttar Pradesh,IN-25,204101,"SADABAD-HATHRAS ROAD, GRAM ANIGARHI,, BISANA, HATHRAS, 204101, India",7259919654,dixit118792@bpclretail.in,27.50386,78.047007,"DIESEL, PETROL","Automation, Pure_Sure, Air_Filling, TWO_FOUR_SEVEN",2026-09-02 16:15:17
0000183474,H N FILLING CENTRE BHARAT PETROLEUM DEALERS,H N FILLING CENTRE BHARAT PETROLEUM DEALERS,MATHURA SADABAD ROAD,,BISAWAR,HATHRAS,Uttar Pradesh,IN-25,281302,"MATHURA SADABAD ROAD, , BISAWAR, HATHRAS, 281302, India",9756275627,hnfill183474@bpclretail.in,27.403853,77.90966,"DIESEL, PETROL","Automation, Pure_Sure, Air_Filling, TWO_FOUR_SEVEN",2026-09-02 16:15:17
0000215056,KVS FILLING STATION BHARAT PETROLEUM DEALERS,KVS FILLING STATION BHARAT PETROLEUM DEALERS,"VILLAGE-BHURRAKA, TEHSIL-SADABAD","KHANDAULI-BALDEO ROAD, DIST.HATHRAS",DISTRICT - HATHRAS,HATHRAS,Uttar Pradesh,IN-25,281302,"VILLAGE-BHURRAKA, TEHSIL-SADABAD, KHANDAULI-BALDEO ROAD, DIST.HATHRAS, DISTRICT - HATHRAS, HATHRAS, 281302, India",9627176375,kvsfill215056@bpclretail.in,27.36013,77.908149,"DIESEL, PETROL","Automation, Pure_Sure, Air_Filling, TWO_FOUR_SEVEN",2026-09-02 16:15:17
0000205540,DAYARAM & SONS FILLING STATION BHARAT PETROLEUM DEALERS,DAYARAM & SONS FILLING STATION BHARAT PETROLEUM DEALERS,"VILLAGE - GADHAI, TEHSIL-HATHRAS",MURSAN-SADABAD ROAD,HATHRAS,HATHRAS,Uttar Pradesh,IN-25,204101,"VILLAGE - GADHAI, TEHSIL-HATHRAS, MURSAN-SADABAD ROAD, HATHRAS, HATHRAS, 204101, India",9927469944,dayarams205540@bpclretail.in,27.501809,77.990541,"DIESEL, PETROL","Automation, Pure_Sure, Air_Filling, TWO_FOUR_SEVEN",2026-09-02 16:15:17
0000205568,SHREE BALAJI FUEL POINT BHARAT PETROLEUM DEALERS,SHREE BALAJI FUEL POINT BHARAT PETROLEUM DEALERS,"VILLAGE-SAHPAU, TEHSIL-SADABAD",SADABAD-JALESAR ROAD,HATHRAS,HATHRAS,Uttar Pradesh,IN-25,204101,"VILLAGE-SAHPAU, TEHSIL-SADABAD, SADABAD-JALESAR ROAD, HATHRAS, HATHRAS, 204101, India",8755155556,shree205568@bpclretail.in,27.4282191,78.1315369,"DIESEL, PETROL","Automation, Pure_Sure, Air_Filling, TWO_FOUR_SEVEN",2026-09-02 16:15:17
0000229556,SHRI GOGA JI FILLING STATION BHARAT PETROLEUM DEALERS,SHRI GOGA JI FILLING STATION BHARAT PETROLEUM DEALERS,KHASRA NUMBER 3179,MATHURA SADABAD ROAD,NAUGAWANA,HATHRAS,Uttar Pradesh,IN-25,281306,"KHASRA NUMBER 3179, MATHURA SADABAD ROAD, NAUGAWANA, HATHRAS, 281306, India",9758397680,Shrigoga229556@bpclretail.in,27.415072,77.97364,"DIESEL, PETROL","Pure_Sure, Air_Filling, TWO_FOUR_SEVEN",2026-09-02 16:15:17
0000118715,AGGARWAL AUTOMOBILES BHARAT PETROLEUM DEALERS,AGGARWAL AUTOMOBILES BHARAT PETROLEUM DEALERS,AGRA-SADABAD ROAD,HATHRAS,SADABAD,HATHRAS,Uttar Pradesh,IN-25,281306,"AGRA-SADABAD ROAD, HATHRAS, SADABAD, HATHRAS, 281306, India",9756273032,aggarwal118771@bpclretail.in,27.424038,78.03668,"DIESEL, PETROL","Automation, Pure_Sure, Air_Filling, TWO_FOUR_SEVEN",2026-09-02 16:15:17
0000118771,AGGARWAL AUTOMOBILES BHARAT PETROLEUM DEALERS,AGGARWAL AUTOMOBILES BHARAT PETROLEUM DEALERS,AGRA-SADABAD ROAD,HATHRAS,SADABAD,HATHRAS,Uttar Pradesh,IN-25,281306,"AGRA-SADABAD ROAD, HATHRAS, SADABAD, HATHRAS, 281306, India",9756273032,aggarwal118771@bpclretail.in,27.441067,78.036865,"DIESEL, PETROL, SPEED","Automation, Pure_Sure, Air_Filling, TWO_FOUR_SEVEN",2026-09-02 16:15:17
0000245224,BRAJ FILLING STATION BHARAT PETROLEUM DEALERS,BRAJ FILLING STATION BHARAT PETROLEUM DEALERS,"KHASRA NO 768, RAYA ROAD",VILLAGE SUSAIN,SADABAD,HATHRAS,Uttar Pradesh,IN-25,204101,"KHASRA NO 768, RAYA ROAD, VILLAGE SUSAIN, SADABAD, HATHRAS, 204101, India",9758701012,Braj245224@bpclretail.in,27.479357,77.947125,"DIESEL, PETROL","Pure_Sure, Air_Filling, TWO_FOUR_SEVEN",2026-09-02 16:15:17
0000257924,R P SHARMA FILLING STATION BHARAT PETROLEUM DEALERS,R P SHARMA FILLING STATION BHARAT PETROLEUM DEALERS,VILLAGE PIHURA,SADABAD JALESAR ROAD,SADABAD,HATHRAS,Uttar Pradesh,IN-25,281307,"VILLAGE PIHURA, SADABAD JALESAR ROAD, SADABAD, HATHRAS, 281307, India",9412177051,cc257924@bpclretail.in,27.431042,78.106729,"DIESEL, PETROL","Automation, Pure_Sure, Air_Filling, TWO_FOUR_SEVEN",2026-09-02 16:15:17
0000148627,PRABHAT AUTOMOBILES BHARAT PETROLEUM DEALERS,PRABHAT AUTOMOBILES BHARAT PETROLEUM DEALERS,VILLAGE - MAI,MAI - KHANDOLI ROAD,MAI,"HATHRAS, UTTAR PRADESH",Uttar Pradesh,IN-25,281302,"VILLAGE - MAI, MAI - KHANDOLI ROAD, MAI, HATHRAS, UTTAR PRADESH, 281302, India",9536107696,prabhat148627@bpclretail.in,27.350423,77.989025,"DIESEL, PETROL","Automation, Pure_Sure, Air_Filling, Parking, TWO_FOUR_SEVEN",2026-09-02 16:15:17
0000159049,VIJAY PETROLEUM BHARAT PETROLEUM DEALERS,VIJAY PETROLEUM BHARAT PETROLEUM DEALERS,VILLAGE - RAMDEVPUR,TEHSIL - KERAKAT,CHANDWAK,JAUNPUR,Uttar Pradesh,IN-25,222129,"VILLAGE - RAMDEVPUR, TEHSIL - KERAKAT, CHANDWAK, JAUNPUR, 222129, India",9415234411,vijay159049@bpclretail.in,25.603389,82.995658,"DIESEL, PETROL","Automation, Pure_Sure, Air_Filling, Parking, TWO_FOUR_SEVEN",2026-09-02 16:15:18
0000234747,JANTA FILLING STATION BHARAT PETROLEUM DEALERS,JANTA FILLING STATION BHARAT PETROLEUM DEALERS,VILLAGE NAUPUR,TEHSIL KERAKAT,JAUNPUR,JAUNPUR,Uttar Pradesh,IN-25,222181,"VILLAGE NAUPUR, TEHSIL KERAKAT, JAUNPUR, JAUNPUR, 222181, India",9651762682,cc234747@bpclretail.in,25.5749,82.9073,"DIESEL, PETROL","Pure_Sure, Air_Filling, TWO_FOUR_SEVEN",2026-09-02 16:15:18
0000262945,M/S SHRI SAI SHRADHA FUEL POIN BHARAT PETROLEUM DEALERS,M/S SHRI SAI SHRADHA FUEL POIN BHARAT PETROLEUM DEALERS,VILLAGE BITTHALPUR,TEHSIL-MARIYAHU,JAUNPUR,JAUNPUR,Uttar Pradesh,IN-25,222161,"VILLAGE BITTHALPUR, TEHSIL-MARIYAHU, JAUNPUR, JAUNPUR, 222161, India",9452952044,ky1663804@gmail.com,25.60336,82.672724,,Air_Filling,2026-09-02 16:15:18
0000260513,SHRI SAI SHRADHA FILLING STATI BHARAT PETROLEUM DEALERS,SHRI SAI SHRADHA FILLING STATI BHARAT PETROLEUM DEALERS,DEVKALI,KERAKAT,JAUNPUR,JAUNPUR,Uttar Pradesh,IN-25,222142,"DEVKALI, KERAKAT, JAUNPUR, JAUNPUR, 222142, India",9451303277,cc260513@bpclretail.in,25.6646257,82.8596344,"DIESEL, PETROL","Pure_Sure, Air_Filling, TWO_FOUR_SEVEN",2026-09-02 16:15:18
0000244725,SHRI SHIVNATH PETROLEUM BHARAT PETROLEUM DEALERS,SHRI SHIVNATH PETROLEUM BHARAT PETROLEUM DEALERS,VILLAGE JARASI TEHSIL KERAKAT,BAJRANG NAGAR TO MAUDHA MARG,JAUNPUR,JAUNPUR,Uttar Pradesh,IN-25,222148,"VILLAGE JARASI TEHSIL KERAKAT, BAJRANG NAGAR TO MAUDHA MARG, JAUNPUR, JAUNPUR, 222148, India",7398991453,cc244725@bpclretail.in,25.64584,83.02473,"DIESEL, PETROL","Pure_Sure, Air_Filling, TWO_FOUR_SEVEN",2026-09-02 16:15:18
0000248210,SP SIDDHARTH FILLING CENTRE BHARAT PETROLEUM DEALERS,SP SIDDHARTH FILLING CENTRE BHARAT PETROLEUM DEALERS,VILLAGE REHATI TEHSIL KERAKAT,NH 31 JAUNPUR VARANASI ROAD,JAUNPUR,JAUNPUR,Uttar Pradesh,IN-25,222136,"VILLAGE REHATI TEHSIL KERAKAT, NH 31 JAUNPUR VARANASI ROAD, JAUNPUR, JAUNPUR, 222136, India",9918511810,cc248210@bpclretail.in,25.574656,82.778119,"DIESEL, PETROL","Pure_Sure, Air_Filling, TWO_FOUR_SEVEN",2026-09-02 16:15:18
0000187639,YADAVESH PETROLEUM BHARAT PETROLEUM DEALERS,YADAVESH PETROLEUM BHARAT PETROLEUM DEALERS,VILLAGE SARAUNA,POST JAMALAPUR,JAUNPUR,JAUNPUR,Uttar Pradesh,IN-25,222161,"VILLAGE SARAUNA, POST JAMALAPUR, JAUNPUR, JAUNPUR, 222161, India",9628084197,yadaves187639@bpclretail.in,25.551565,82.584406,"DIESEL, PETROL","Automation, Pure_Sure, Air_Filling, TWO_FOUR_SEVEN",2026-09-02 16:15:18
0000231173,DAKSH DEEP FILLING STATION BHARAT PETROLEUM DEALERS,DAKSH DEEP FILLING STATION BHARAT PETROLEUM DEALERS,VILLAGE GHORDOR TEHSIL KERAKAT,MUDAILA THANAGADDI ROAD,KERAKAT,JAUNPUR,Uttar Pradesh,IN-25,222129,"VILLAGE GHORDOR TEHSIL KERAKAT, MUDAILA THANAGADDI ROAD, KERAKAT, JAUNPUR, 222129, India",9415653579,cc231173@bpclretail.in,25.564647,82.990086,"DIESEL, PETROL","Pure_Sure, Air_Filling, TWO_FOUR_SEVEN",2026-09-02 16:15:18
0000196187,KASHI FILLING STATION BHARAT PETROLEUM DEALERS,KASHI FILLING STATION BHARAT PETROLEUM DEALERS,VILLAGE KOPA,TEHSIL-KERAKAT,KERAKAT,JAUNPUR,Uttar Pradesh,IN-25,222129,"VILLAGE KOPA, TEHSIL-KERAKAT, KERAKAT, JAUNPUR, 222129, India",8577887756,cc196187@bpclretail.in,25.57452,83.08708,"DIESEL, PETROL","Automation, Pure_Sure, Air_Filling, TWO_FOUR_SEVEN",2026-09-02 16:15:18
0000221430,LUCKY FUEL CENTRE BHARAT PETROLEUM DEALERS,LUCKY FUEL CENTRE BHARAT PETROLEUM DEALERS,VILLAGE BARAMANPUR,TEHSIL KERAKAT,KERAKAT,JAUNPUR,Uttar Pradesh,IN-25,222148,"VILLAGE BARAMANPUR, TEHSIL KERAKAT, KERAKAT, JAUNPUR, 222148, India",9919615005,cc221430@bpclretail.in,25.573682,82.96227,"DIESEL, PETROL","Pure_Sure, Air_Filling, TWO_FOUR_SEVEN",2026-09-02 16:15:18
0000219159,SARITA FILLING STATION BHARAT PETROLEUM DEALERS,SARITA FILLING STATION BHARAT PETROLEUM DEALERS,"CHHITAUNA ,KERAKAT TO AZAMGARH ROAD",DEVGAON KERAKAT JAUNPUR-222142,KERAKAT,JAUNPUR,Uttar Pradesh,IN-25,222142,"CHHITAUNA ,KERAKAT TO AZAMGARH ROAD, DEVGAON KERAKAT JAUNPUR-222142, KERAKAT, JAUNPUR, 222142, India",9410613601,swatantra.sant@gmail.com,25.648552,82.922018,"DIESEL, PETROL","Pure_Sure, Air_Filling, TWO_FOUR_SEVEN",2026-09-02 16:15:18
0000219172,SHRI RADHA FUEL PUMP BHARAT PETROLEUM DEALERS,SHRI RADHA FUEL PUMP BHARAT PETROLEUM DEALERS,VILLAGE BIRBHAPUR PARGANA,AND TEHSIL-KERAKAT JAUNPUR,KERAKAT,JAUNPUR,Uttar Pradesh,IN-25,222129,"VILLAGE BIRBHAPUR PARGANA, AND TEHSIL-KERAKAT JAUNPUR, KERAKAT, JAUNPUR, 222129, India",9170072222,cc219172@bpclretail.in,25.563627,82.994477,"DIESEL, PETROL","Pure_Sure, Air_Filling, TWO_FOUR_SEVEN",2026-09-02 16:15:18
0000202623,VIJAI FUELS BHARAT PETROLEUM DEALERS,VIJAI FUELS BHARAT PETROLEUM DEALERS,VILLAGE SHAHBUDDINPUR,TEHSIL KERAKAT,KERAKAT,JAUNPUR,Uttar Pradesh,IN-25,222142,"VILLAGE SHAHBUDDINPUR, TEHSIL KERAKAT, KERAKAT, JAUNPUR, 222142, India",7398846777,cc202623@bpclretail.in,25.6447,82.8943,"DIESEL, PETROL","Automation, Pure_Sure, Air_Filling, TWO_FOUR_SEVEN",2026-09-02 16:15:18
0000227011,BABA JHARKHNDAY MAHADEV FILLIN BHARAT PETROLEUM DEALERS,BABA JHARKHNDAY MAHADEV FILLIN BHARAT PETROLEUM DEALERS,VILLAGE LALPUR,TEHSIL KERAKAT,LALPUR,JAUNPUR,Uttar Pradesh,IN-25,222136,"VILLAGE LALPUR, TEHSIL KERAKAT, LALPUR, JAUNPUR, 222136, India",8081104676,jmahadevfilling@gmail.com,25.614025,82.780093,,Air_Filling,2026-09-02 16:15:18
0000173055,DHARMA AMAR FILLING STATION BHARAT PETROLEUM DEALERS,DHARMA AMAR FILLING STATION BHARAT PETROLEUM DEALERS,VILLAGE RAMPUR KHAS,P.O. KISHANPUR,MADIYAHU,JAUNPUR,Uttar Pradesh,IN-25,222161,"VILLAGE RAMPUR KHAS, P.O. KISHANPUR, MADIYAHU, JAUNPUR, 222161, India",9984616572,dharma173055@bpclretail.in,25.61448,82.582326,"DIESEL, PETROL","Automation, Pure_Sure, Air_Filling, Parking, TWO_FOUR_SEVEN",2026-09-02 16:15:18
0000179457,JAI PRATAP FILLING STATION BHARAT PETROLEUM DEALERS,JAI PRATAP FILLING STATION BHARAT PETROLEUM DEALERS,VILLAGE MAJHWAT,SH-5,MADIYAHU,JAUNPUR,Uttar Pradesh,IN-25,222161,"VILLAGE MAJHWAT, SH-5, MADIYAHU, JAUNPUR, 222161, India",9839388213,pratap179457@bpclretail.in,25.638633,82.619017,"DIESEL, PETROL, SPEED","Automation, Pure_Sure, Air_Filling, Parking, TWO_FOUR_SEVEN",2026-09-02 16:15:18
0000211672,VIJAY SHANKAR FILLING STATION BHARAT PETROLEUM DEALERS,VIJAY SHANKAR FILLING STATION BHARAT PETROLEUM DEALERS,VILLAGE CHATTURPUR SH-98,MARIYAHU,MARIAHU,JAUNPUR,Uttar Pradesh,IN-25,222128,"VILLAGE CHATTURPUR SH-98, MARIYAHU, MARIAHU, JAUNPUR, 222128, India",7905318681,vijayshn211672@bpclretail.in,25.4915367,82.7097067,"DIESEL, PETROL","Pure_Sure, Air_Filling, TWO_FOUR_SEVEN",2026-09-02 16:15:18
0000221073,SHREE JAGDISH PETROL SERVICE BHARAT PETROLEUM DEALERS,SHREE JAGDISH PETROL SERVICE BHARAT PETROLEUM DEALERS,VILLAGE TILANGA,BLOCK RAMANGAR,MARIYAHU,JAUNPUR,Uttar Pradesh,IN-25,222128,"VILLAGE TILANGA, BLOCK RAMANGAR, MARIYAHU, JAUNPUR, 222128, India",9004477200,pramodjtiwari@gmail.com,25.5144895,82.6839551,"DIESEL, PETROL","Pure_Sure, Air_Filling, TWO_FOUR_SEVEN",2026-09-02 16:15:18
0000148258,RAJDEVI AUTO SUPPLY BHARAT PETROLEUM DEALERS,RAJDEVI AUTO SUPPLY BHARAT PETROLEUM DEALERS,VILLAGE - BANDIPUR,"SARKONI, NH - 56",POST SARKONI,JAUNPUR,Uttar Pradesh,IN-25,222136,"VILLAGE - BANDIPUR, SARKONI, NH - 56, POST SARKONI, JAUNPUR, 222136, India",9820431773,rajdevi148258@bpclretail.in,25.667508,82.731954,"DIESEL, PETROL, SPEED","Automation, Pure_Sure, Air_Filling, Parking, TWO_FOUR_SEVEN",2026-09-02 16:15:18
0000176662,S. S. FILLING STATION BHARAT PETROLEUM DEALERS,S. S. FILLING STATION BHARAT PETROLEUM DEALERS,ARAZI NO 140,MDR 151-E,THANAGADDI,JAUNPUR,Uttar Pradesh,IN-25,222181,"ARAZI NO 140, MDR 151-E, THANAGADDI, JAUNPUR, 222181, India",9451155356,ss176662@bpclretail.in,25.60229,82.901187,"DIESEL, PETROL, SPEED","Automation, Pure_Sure, Air_Filling, TWO_FOUR_SEVEN",2026-09-02 16:15:18
0000123598,PRATAP SINGH & SONS BHARAT PETROLEUM DEALERS,PRATAP SINGH & SONS BHARAT PETROLEUM DEALERS,MALL ROAD KANPUR,KANPUR CITY,KANPUR,KANPUR,Uttar Pradesh,IN-25,208001,"MALL ROAD KANPUR, KANPUR CITY, KANPUR, KANPUR, 208001, India",9415041365,pratapsingh123598@bpclretail.in,26.464163,80.359752,"DIESEL, PETROL, SPEED","Automation, Air_Filling",2026-09-02 16:15:18
0000123601,RAJIV MOTORS TILAK NAGAR BHARAT PETROLEUM DEALERS,RAJIV MOTORS TILAK NAGAR BHARAT PETROLEUM DEALERS,TILAK NAGAR KANPUR,,KANPUR,KANPUR,Uttar Pradesh,IN-25,208001,"TILAK NAGAR KANPUR, , KANPUR, KANPUR, 208001, India",,rajiv123601@bpclretail.in,26.4902405,80.3176117,,Air_Filling,2026-09-02 16:15:18
0000212910,DEV FILLING STATION BHARAT PETROLEUM DEALERS,DEV FILLING STATION BHARAT PETROLEUM DEALERS,"KHASRA NO. 836, VILLAGE - RANIA",TEHSIL- AKBARPUR,AKBARPUR,KANPUR DEHAT,Uttar Pradesh,IN-25,209303,"KHASRA NO. 836, VILLAGE - RANIA, TEHSIL- AKBARPUR, AKBARPUR, KANPUR DEHAT, 209303, India",8737061108,devfilli212910@bpclretail.in,26.398082,80.068627,"DIESEL, PETROL","Pure_Sure, Air_Filling, TWO_FOUR_SEVEN",2026-09-02 16:15:18
0000148217,SRI SHOBHAN SARKAR FILLING STA BHARAT PETROLEUM DEALERS,SRI SHOBHAN SARKAR FILLING STA BHARAT PETROLEUM DEALERS,VILLAGE BAIRI SAWAI,KALYANPUR SIWLI ROAD,BAIRI SAWAI,KANPUR DEHAT,Uttar Pradesh,IN-25,209204,"VILLAGE BAIRI SAWAI, KALYANPUR SIWLI ROAD, BAIRI SAWAI, KANPUR DEHAT, 209204, India",9919127429,shobhan148217@bpclretail.in,26.559865,80.08441,"DIESEL, PETROL","Automation, Pure_Sure, Air_Filling, Parking, TWO_FOUR_SEVEN",2026-09-02 16:15:18
0000123605,SINGH AUTOMOBILES BHARAT PETROLEUM DEALERS,SINGH AUTOMOBILES BHARAT PETROLEUM DEALERS,"ARAZI NO. 1565, VILLAGE BARA",TEHSIL & PARGANA AKBARPUR,BARA,KANPUR DEHAT,Uttar Pradesh,IN-25,209101,"ARAZI NO. 1565, VILLAGE BARA, TEHSIL & PARGANA AKBARPUR, BARA, KANPUR DEHAT, 209101, India",9839325544,singh123605@bpclretail.in,26.386374,80.022805,"DIESEL, PETROL","Automation, Pure_Sure, Air_Filling, TWO_FOUR_SEVEN",2026-09-02 16:15:18
0000146120,PRATAP FILLING STATION BHARAT PETROLEUM DEALERS,PRATAP FILLING STATION BHARAT PETROLEUM DEALERS,"PLOT NO 167/3 , SH-46,MUGHAL ROAD","VILLAGE HALIYA,",HALIYA,KANPUR DEHAT,Uttar Pradesh,IN-25,209208,"PLOT NO 167/3 , SH-46,MUGHAL ROAD, VILLAGE HALIYA,, HALIYA, KANPUR DEHAT, 209208, India",6399159384,pratap146120@bpclretail.in,26.168721,79.953935,"DIESEL, PETROL","Automation, Pure_Sure, Air_Filling, TWO_FOUR_SEVEN",2026-09-02 16:15:18
0000234255,SHIV SHAKTI FILLING STATION BHARAT PETROLEUM DEALERS,SHIV SHAKTI FILLING STATION BHARAT PETROLEUM DEALERS,VILLAGE GAJNER,RAIPUR ROAD KANPUR DEHAT,KANPR DEHAT,KANPUR DEHAT,Uttar Pradesh,IN-25,209121,"VILLAGE GAJNER, RAIPUR ROAD KANPUR DEHAT, KANPR DEHAT, KANPUR DEHAT, 209121, India",9116200932,ganeshsachan11@gmail.com,26.2876881,80.0685495,"DIESEL, PETROL","Pure_Sure, Air_Filling, TWO_FOUR_SEVEN",2026-09-02 16:15:18
0000217212,ADARSH FILLING STATION BHARAT PETROLEUM DEALERS,ADARSH FILLING STATION BHARAT PETROLEUM DEALERS,"KHASRA NO. 2254,",VILLGE - KASHIPUR,KANPUR DEHAT,KANPUR DEHAT,Uttar Pradesh,IN-25,209303,"KHASRA NO. 2254,, VILLGE - KASHIPUR, KANPUR DEHAT, KANPUR DEHAT, 209303, India",8381983489,adarshfs217212@bpclretail.in,26.558115,79.937992,"DIESEL, PETROL","Pure_Sure, Air_Filling, TWO_FOUR_SEVEN",2026-09-02 16:15:18
0000253238,SAWARIYA FILING STATION BHARAT PETROLEUM DEALERS,SAWARIYA FILING STATION BHARAT PETROLEUM DEALERS,VILLAGE CHATTENI,VILLAGE CHATTENI,KANPUR DEHAT,KANPUR DEHAT,Uttar Pradesh,IN-25,208001,"VILLAGE CHATTENI, VILLAGE CHATTENI, KANPUR DEHAT, KANPUR DEHAT, 208001, India",9005815396,sawariyafilingstation001@gmail.com,26.495867,80.032509,"DIESEL, PETROL","Pure_Sure, Air_Filling, TWO_FOUR_SEVEN",2026-09-02 16:15:18
0000238975,RADHEYSHYAM FILLING STATION BHARAT PETROLEUM DEALERS,RADHEYSHYAM FILLING STATION BHARAT PETROLEUM DEALERS,RANIA MAITHA ROAD,TEHSIL AKBARPUR,KARBAK,KANPUR DEHAT,Uttar Pradesh,IN-25,209304,"RANIA MAITHA ROAD, TEHSIL AKBARPUR, KARBAK, KANPUR DEHAT, 209304, India",7068927976,shuklashubham13101998@gmail.com,26.444029,80.051537,"DIESEL, PETROL","Pure_Sure, Air_Filling, TWO_FOUR_SEVEN",2026-09-02 16:15:18
0000219164,NEW RAJ FILLING STATION BHARAT PETROLEUM DEALERS,NEW RAJ FILLING STATION BHARAT PETROLEUM DEALERS,KHASRA NO. 227,VILLAGE AURANGABAD,MAITHA,KANPUR DEHAT,Uttar Pradesh,IN-25,209310,"KHASRA NO. 227, VILLAGE AURANGABAD, MAITHA, KANPUR DEHAT, 209310, India",9839547209,newrajfs219164@bpclretail.in,26.5976,79.9729,"DIESEL, PETROL","Pure_Sure, Air_Filling, TWO_FOUR_SEVEN",2026-09-02 16:15:18
0000123606,SINGH FILLING STATION BHARAT PETROLEUM DEALERS,SINGH FILLING STATION BHARAT PETROLEUM DEALERS,KALPI RDNABIPURDISTT.RAMABAI NAGAR,"NH 27, JHANSI - KANPUR HIGHWAY",NABIPUR,KANPUR DEHAT,Uttar Pradesh,IN-25,209101,"KALPI RDNABIPURDISTT.RAMABAI NAGAR, NH 27, JHANSI - KANPUR HIGHWAY, NABIPUR, KANPUR DEHAT, 209101, India",9919911745,singh123606@bpclretail.in,26.352815,79.979896,"DIESEL, PETROL","Automation, Pure_Sure, Air_Filling, TWO_FOUR_SEVEN",2026-09-02 16:15:18
0000187578,PARIHAR FILLING STATION BHARAT PETROLEUM DEALERS,PARIHAR FILLING STATION BHARAT PETROLEUM DEALERS,SARVANKHERA,,SARVANKHERA,KANPUR DEHAT,Uttar Pradesh,IN-25,209121,"SARVANKHERA, , SARVANKHERA, KANPUR DEHAT, 209121, India",9828085412,parihar187578@bpclretail.in,26.346424,80.107117,"DIESEL, PETROL","Automation, Pure_Sure, Air_Filling, Parking, TWO_FOUR_SEVEN",2026-09-02 16:15:18
0000139185,DARSHAN AUTO FILL BHARAT PETROLEUM DEALERS,DARSHAN AUTO FILL BHARAT PETROLEUM DEALERS,"CHUCK NO 812, ARAZI NO.1940/1","VILLAGE UMRAN, NH 2",UMRAN,KANPUR DEHAT,Uttar Pradesh,IN-25,209101,"CHUCK NO 812, ARAZI NO.1940/1, VILLAGE UMRAN, NH 2, UMRAN, KANPUR DEHAT, 209101, India",9415133311,darshan139185@bpclretail.in,26.390237,80.029571,"DIESEL, PETROL","Automation, Pure_Sure, Air_Filling, Parking, TWO_FOUR_SEVEN",2026-09-02 16:15:18
0000179667,PRAHALAD SINGH AUTOMOBILE BHARAT PETROLEUM DEALERS,PRAHALAD SINGH AUTOMOBILE BHARAT PETROLEUM DEALERS,PLOT NO. 248,MATI - AKBARPUR ROAD,AKBARPUR,KANPUR DEHAT U.P.,Uttar Pradesh,IN-25,209311,"PLOT NO. 248, MATI - AKBARPUR ROAD, AKBARPUR, KANPUR DEHAT U.P., 209311, India",8005020674,prahlad179667@bpclretail.in,26.361747,79.957879,"DIESEL, PETROL","Automation, Pure_Sure, Air_Filling, Parking, TWO_FOUR_SEVEN",2026-09-02 16:15:18
0000217311,R.I.V.S. CHAURASIYA FILLING ST BHARAT PETROLEUM DEALERS,R.I.V.S. CHAURASIYA FILLING ST BHARAT PETROLEUM DEALERS,KHASRA NO. 1413KA,VILLAGE AKBARPUR JHAWAIYA,AKBARPUR JHAWAIYA,KANPUR NAGAR,Uttar Pradesh,IN-25,209121,"KHASRA NO. 1413KA, VILLAGE AKBARPUR JHAWAIYA, AKBARPUR JHAWAIYA, KANPUR NAGAR, 209121, India",9936089589,rivschaurasiyafs217311@bpclretail.in,26.2534,80.0494,"DIESEL, PETROL","Automation, Pure_Sure, Air_Filling, TWO_FOUR_SEVEN",2026-09-02 16:15:18
0000123564,BHAUNTI AUTO SERVICE BHARAT PETROLEUM DEALERS,BHAUNTI AUTO SERVICE BHARAT PETROLEUM DEALERS,BHAUNTI NH2 KANPUR,,"BHAUNTI, KANPUR",KANPUR NAGAR,Uttar Pradesh,IN-25,208001,"BHAUNTI NH2 KANPUR, , BHAUNTI, KANPUR, KANPUR NAGAR, 208001, India",9598351357,bhaunti123564@bpclretail.in,26.4538,80.2007,"DIESEL, PETROL","Automation, Pure_Sure, Air_Filling, TWO_FOUR_SEVEN",2026-09-02 16:15:18
0000235685,A.R FUELS BHARAT PETROLEUM DEALERS,A.R FUELS BHARAT PETROLEUM DEALERS,KHASRA NO 107,VILL- CHHATARPUR,BILHAUR,KANPUR NAGAR,Uttar Pradesh,IN-25,209205,"KHASRA NO 107, VILL- CHHATARPUR, BILHAUR, KANPUR NAGAR, 209205, India",9956310321,arf235685@bpclretail.in,26.694238,80.144089,"DIESEL, PETROL","Automation, Pure_Sure, Air_Filling, TWO_FOUR_SEVEN",2026-09-02 16:15:18
0000222755,DURGA SHANTI FILLING STATION BHARAT PETROLEUM DEALERS,DURGA SHANTI FILLING STATION BHARAT PETROLEUM DEALERS,"GATA NO. 689KA, VILLAGE BHITI",TEHSIL BILHAUR,BILHAUR,KANPUR NAGAR,Uttar Pradesh,IN-25,209204,"GATA NO. 689KA, VILLAGE BHITI, TEHSIL BILHAUR, BILHAUR, KANPUR NAGAR, 209204, India",8765067990,durgashantifs222755@bpclretail.in,26.6112,80.0735,"DIESEL, PETROL","Automation, Pure_Sure, Air_Filling, TWO_FOUR_SEVEN",2026-09-02 16:15:18
0000123578,KISAN FILLING STATION(KAKWAN) BHARAT PETROLEUM DEALERS,KISAN FILLING STATION(KAKWAN) BHARAT PETROLEUM DEALERS,KAKWAN TEHSIL BILHAUR,KAKWAN TEHSIL BILHAUR,BILHAUR,KANPUR NAGAR,Uttar Pradesh,IN-25,209202,"KAKWAN TEHSIL BILHAUR, KAKWAN TEHSIL BILHAUR, BILHAUR, KANPUR NAGAR, 209202, India",9919258022,kisan123578@bpclretail.in,26.740323,79.968549,"DIESEL, PETROL","Automation, Pure_Sure, Air_Filling, TWO_FOUR_SEVEN",2026-09-02 16:15:18
0000221707,RAM MURTI DEVI FILLING STATION BHARAT PETROLEUM DEALERS,RAM MURTI DEVI FILLING STATION BHARAT PETROLEUM DEALERS,"GATA NO. 49,VILL. BAIRI ALIPUR",TEHSIL BILHAUR,BILHAUR,KANPUR NAGAR,Uttar Pradesh,IN-25,209202,"GATA NO. 49,VILL. BAIRI ALIPUR, TEHSIL BILHAUR, BILHAUR, KANPUR NAGAR, 209202, India",8318665677,rammurtidevifs221707@bpclretail.in,26.8028,80.023,"DIESEL, PETROL","Automation, Pure_Sure, Air_Filling, TWO_FOUR_SEVEN",2026-09-02 16:15:18
0000249974,SUMAN FUEL CENTER BHARAT PETROLEUM DEALERS,SUMAN FUEL CENTER BHARAT PETROLEUM DEALERS,"KHASRA NO 248, 247/1, 247/2",UTTARIPURA TO BILHAUR ON NH-34,BILHAUR,KANPUR NAGAR,Uttar Pradesh,IN-25,209210,"KHASRA NO 248, 247/1, 247/2, UTTARIPURA TO BILHAUR ON NH-34, BILHAUR, KANPUR NAGAR, 209210, India",9118412667,devendrakatiyar44@gmail.com,26.786892,80.087063,"DIESEL, PETROL","Pure_Sure, Air_Filling, TWO_FOUR_SEVEN",2026-09-02 16:15:18
0000249762,SIDDHARTH FUEL STATION BHARAT PETROLEUM DEALERS,SIDDHARTH FUEL STATION BHARAT PETROLEUM DEALERS,GATA NO 589,BILHAUR,BIRAMAU,KANPUR NAGAR,Uttar Pradesh,IN-25,209210,"GATA NO 589, BILHAUR, BIRAMAU, KANPUR NAGAR, 209210, India",8052755557,siddharthfuelstation@gmail.com,26.688684,80.071258,"DIESEL, PETROL","Pure_Sure, Air_Filling, TWO_FOUR_SEVEN",2026-09-02 16:15:18
0000176405,BRAHMAVART FILLING STATION BHARAT PETROLEUM DEALERS,BRAHMAVART FILLING STATION BHARAT PETROLEUM DEALERS,PLOT NO. 567A,BITHOOR KALAN,BITHOOR,KANPUR NAGAR,Uttar Pradesh,IN-25,209217,"PLOT NO. 567A, BITHOOR KALAN, BITHOOR, KANPUR NAGAR, 209217, India",9935009321,brahmavart176405@bpclretail.in,26.612531,80.266368,"DIESEL, PETROL","Automation, Pure_Sure, Air_Filling, Parking, TWO_FOUR_SEVEN",2026-09-02 16:15:18
0000240905,SUNNY FILLING STATION BHARAT PETROLEUM DEALERS,SUNNY FILLING STATION BHARAT PETROLEUM DEALERS,KHASRA NO 49,VILLAGE- BITHOOR KHURD,BITHOOR,KANPUR NAGAR,Uttar Pradesh,IN-25,209217,"KHASRA NO 49, VILLAGE- BITHOOR KHURD, BITHOOR, KANPUR NAGAR, 209217, India",9807411378,yashkumarbithoor@gmail.com,26.61421,80.267543,"DIESEL, PETROL","Pure_Sure, Air_Filling, TWO_FOUR_SEVEN",2026-09-02 16:15:18
0000268181,SHIVA DHARMA ENERGY STATION BHARAT PETROLEUM DEALERS,SHIVA DHARMA ENERGY STATION BHARAT PETROLEUM DEALERS,VILLAGE DHARMANGADPUR,KANPUR,DHARMANGADPUR KANPUR,KANPUR NAGAR,Uttar Pradesh,IN-25,209307,"VILLAGE DHARMANGADPUR, KANPUR, DHARMANGADPUR KANPUR, KANPUR NAGAR, 209307, India",9455036005,ramkumar669270@gmail.com,26.462273,80.13837,"DIESEL, PETROL","Automation, Air_Filling",2026-09-02 16:15:18
0000146117,AHIRWAR FILLING STATION BHARAT PETROLEUM DEALERS,AHIRWAR FILLING STATION BHARAT PETROLEUM DEALERS,GHATAMPUR - JAHANABAD ROAD,(OLD MUGHAL ROAD),GHATAMPUR,KANPUR NAGAR,Uttar Pradesh,IN-25,209206,"GHATAMPUR - JAHANABAD ROAD, (OLD MUGHAL ROAD), GHATAMPUR, KANPUR NAGAR, 209206, India",9415130094,ahirwar146117@bpclretail.in,26.140849,80.196344,"DIESEL, PETROL","Automation, Pure_Sure, Air_Filling, Parking, TWO_FOUR_SEVEN",2026-09-02 16:15:18
0000146118,ANURAG TRANSPORT BHARAT PETROLEUM DEALERS,ANURAG TRANSPORT BHARAT PETROLEUM DEALERS,"KANPUR - HAMIRPUR ROAD,",NH - 86,GHATAMPUR,KANPUR NAGAR,Uttar Pradesh,IN-25,209206,"KANPUR - HAMIRPUR ROAD,, NH - 86, GHATAMPUR, KANPUR NAGAR, 209206, India",9415144947,anurag146118@bpclretail.in,26.15549,80.171867,"DIESEL, PETROL, SPEED","Automation, Pure_Sure, Air_Filling, Parking, ATM, TWO_FOUR_SEVEN",2026-09-02 16:15:18
0000123562,BHAGWANDIN GAYA PRASAD BHARAT PETROLEUM DEALERS,BHAGWANDIN GAYA PRASAD BHARAT PETROLEUM DEALERS,GHATAMPUR,GHATAMPUR,GHATAMPUR,KANPUR NAGAR,Uttar Pradesh,IN-25,209206,"GHATAMPUR, GHATAMPUR, GHATAMPUR, KANPUR NAGAR, 209206, India",9415033322,bhagwandin123562@bpclretail.in,26.147938,80.17136,"DIESEL, PETROL, SPEED","Automation, Pure_Sure, Air_Filling, Parking, TWO_FOUR_SEVEN",2026-09-02 16:15:18
0000125901,JAI MATAAUTOMOBILE BHARAT PETROLEUM DEALERS,JAI MATAAUTOMOBILE BHARAT PETROLEUM DEALERS,PLOTNO429&461,VILLAGE SYONDHI LALAYPUR,GHATAMPUR,KANPUR NAGAR,Uttar Pradesh,IN-25,231216,"PLOTNO429&461, VILLAGE SYONDHI LALAYPUR, GHATAMPUR, KANPUR NAGAR, 231216, India",9838665272,jaimata125901@bpclretail.in,26.118743,80.16728,"DIESEL, PETROL","Automation, Pure_Sure, Air_Filling, TWO_FOUR_SEVEN",2026-09-02 16:15:18
0000173325,RAM PRASAD FILLING STATION BHARAT PETROLEUM DEALERS,RAM PRASAD FILLING STATION BHARAT PETROLEUM DEALERS,JAHANGIRABAD,"ON NH-86, GHATAMPUR",GHATAMPUR,KANPUR NAGAR,Uttar Pradesh,IN-25,209206,"JAHANGIRABAD, ON NH-86, GHATAMPUR, GHATAMPUR, KANPUR NAGAR, 209206, India",7610100303,ram173325@bpclretail.in,26.205012,80.181049,"DIESEL, PETROL","Automation, Pure_Sure, Air_Filling, Parking, TWO_FOUR_SEVEN",2026-09-02 16:15:18
0000233729,SHANTI FILLING STATION BHARAT PETROLEUM DEALERS,SHANTI FILLING STATION BHARAT PETROLEUM DEALERS,GATA NO. 1456,VILLAGE NANDANA,GHATAMPUR,KANPUR NAGAR,Uttar Pradesh,IN-25,209308,"GATA NO. 1456, VILLAGE NANDANA, GHATAMPUR, KANPUR NAGAR, 209308, India",8707787416,shantifillingstation2022@gmail.com,26.2398,80.1166,"DIESEL, PETROL","Pure_Sure, Air_Filling, TWO_FOUR_SEVEN",2026-09-02 16:15:18
0000228319,SITA FILLING STATION BHARAT PETROLEUM DEALERS,SITA FILLING STATION BHARAT PETROLEUM DEALERS,GATA NO. 578,VILLAGE GOPALPUR GHATAMPUR,GHATAMPUR,KANPUR NAGAR,Uttar Pradesh,IN-25,209206,"GATA NO. 578, VILLAGE GOPALPUR GHATAMPUR, GHATAMPUR, KANPUR NAGAR, 209206, India",9670848529,sitayadavpriya@gmail.com,26.1216,80.1909,"DIESEL, PETROL","Automation, Pure_Sure, Air_Filling, TWO_FOUR_SEVEN",2026-09-02 16:15:18
0000250234,TEJASVIN FILLING STATION BHARAT PETROLEUM DEALERS,TEJASVIN FILLING STATION BHARAT PETROLEUM DEALERS,KHASRA NO 337A & 337B,INDALPUR JUGRAJ,INDALPUR JUGRAJ,KANPUR NAGAR,Uttar Pradesh,IN-25,209217,"KHASRA NO 337A & 337B, INDALPUR JUGRAJ, INDALPUR JUGRAJ, KANPUR NAGAR, 209217, India",9760849094,tejasvinfillingstation@gmail.com,26.571472,80.18125,"DIESEL, PETROL","Pure_Sure, Air_Filling, TWO_FOUR_SEVEN",2026-09-02 16:15:18
0000123550,AMAR TRADING CO BHARAT PETROLEUM DEALERS,AMAR TRADING CO BHARAT PETROLEUM DEALERS,AFIM KOTHIGT ROADKANPUR,AFIM KOTHI,KANPUR,KANPUR NAGAR,Uttar Pradesh,IN-25,208001,"AFIM KOTHIGT ROADKANPUR, AFIM KOTHI, KANPUR, KANPUR NAGAR, 208001, India",7880545454,amar123550@bpclretail.in,26.454606,80.33515,"PETROL, SPEED","Automation, Pure_Sure, Air_Filling, TWO_FOUR_SEVEN",2026-09-02 16:15:18
0000123553,ANIL CAR FILL BHARAT PETROLEUM DEALERS,ANIL CAR FILL BHARAT PETROLEUM DEALERS,MALL ROAD KANPUR,KANPUR CITY,KANPUR,KANPUR NAGAR,Uttar Pradesh,IN-25,208001,"MALL ROAD KANPUR, KANPUR CITY, KANPUR, KANPUR NAGAR, 208001, India",9415044151,anilcar123553@bpclretail.in,26.469496,80.359201,"DIESEL, PETROL, SPEED","Automation, Pure_Sure, Air_Filling, TWO_FOUR_SEVEN",2026-09-02 16:15:18
0000230945,ASHA FILLING CENTER BHARAT PETROLEUM DEALERS,ASHA FILLING CENTER BHARAT PETROLEUM DEALERS,"ARAZI NO. 953MI, PLOT NO. 1A,1B",DAHELI SUJANPUR,KANPUR,KANPUR NAGAR,Uttar Pradesh,IN-25,208027,"ARAZI NO. 953MI, PLOT NO. 1A,1B, DAHELI SUJANPUR, KANPUR, KANPUR NAGAR, 208027, India",9839329988,Asha230945@bpclretail.in,26.406759,80.353757,"DIESEL, PETROL","Pure_Sure, Air_Filling, TWO_FOUR_SEVEN",2026-09-02 16:15:18
0000123554,AUTO FILL BHARAT PETROLEUM DEALERS,AUTO FILL BHARAT PETROLEUM DEALERS,G-30 O BLOCK SABJI MANDIKIDWAI,KIDWAI NAGAR,KANPUR,KANPUR NAGAR,Uttar Pradesh,IN-25,208011,"G-30 O BLOCK SABJI MANDIKIDWAI, KIDWAI NAGAR, KANPUR, KANPUR NAGAR, 208011, India",9415041093,autofill123554@bpclretail.in,26.438593,80.326859,"DIESEL, PETROL","Automation, Pure_Sure, Air_Filling, TWO_FOUR_SEVEN",2026-09-02 16:15:18
0000155768,B.K.C.K. PETRO FILL BHARAT PETROLEUM DEALERS,B.K.C.K. PETRO FILL BHARAT PETROLEUM DEALERS,"PLOT NO.237 , SHAFIPUR 1ST","G.T.ROAD, RAMADEVI CIRCLE",KANPUR,KANPUR NAGAR,Uttar Pradesh,IN-25,208007,"PLOT NO.237 , SHAFIPUR 1ST, G.T.ROAD, RAMADEVI CIRCLE, KANPUR, KANPUR NAGAR, 208007, India",9005555584,bkck155768@bpclretail.in,26.412325,80.386302,"DIESEL, PETROL, SPEED","Automation, ATM, Air_Filling",2026-09-02 16:15:18
0000191598,D.R.AUTO BHARAT PETROLEUM DEALERS,D.R.AUTO BHARAT PETROLEUM DEALERS,ALLENGANJ,ALLENGANJ,KANPUR,KANPUR NAGAR,Uttar Pradesh,IN-25,208001,"ALLENGANJ, ALLENGANJ, KANPUR, KANPUR NAGAR, 208001, India",7388881437,drauto191598@bpclretail.in,26.4845,80.325,"DIESEL, PETROL","Automation, Pure_Sure, Air_Filling, TWO_FOUR_SEVEN",2026-09-02 16:15:18
0000187469,GANGA SHREE PETROLEUM(ADHOC) BHARAT PETROLEUM DEALERS,GANGA SHREE PETROLEUM(ADHOC) BHARAT PETROLEUM DEALERS,"7/92, TILAK NAGAR",KANPU,KANPUR,KANPUR NAGAR,Uttar Pradesh,IN-25,208001,"7/92, TILAK NAGAR, KANPU, KANPUR, KANPUR NAGAR, 208001, India",,ressay2013@gmail.com,26.4902405,80.3176117,,"Automation, Pure_Sure, Air_Filling, TWO_FOUR_SEVEN",2026-09-02 16:15:18
0000212480,HINDUSTAN DOCKYARD BHARAT PETROLEUM DEALERS,HINDUSTAN DOCKYARD BHARAT PETROLEUM DEALERS,PLOT NO. F23,INDUSTRIAL AREA PANKI GANGAGANJ,KANPUR,KANPUR NAGAR,Uttar Pradesh,IN-25,208020,"PLOT NO. F23, INDUSTRIAL AREA PANKI GANGAGANJ, KANPUR, KANPUR NAGAR, 208020, India",9721500945,hindusta212480@bpclretail.in,26.455,80.2458,"DIESEL, PETROL","Automation, Pure_Sure, Air_Filling, TWO_FOUR_SEVEN",2026-09-02 16:15:18
0000143369,KANPUR CARRIERS BHARAT PETROLEUM DEALERS,KANPUR CARRIERS BHARAT PETROLEUM DEALERS,PLOT NO 1620,"VILLAGE SACHENDI, NH 2",KANPUR,KANPUR NAGAR,Uttar Pradesh,IN-25,209304,"PLOT NO 1620, VILLAGE SACHENDI, NH 2, KANPUR, KANPUR NAGAR, 209304, India",9935189702,kanpur143369@bpclretail.in,26.424862,80.156473,"DIESEL, PETROL","Automation, Pure_Sure, Air_Filling, Parking, TWO_FOUR_SEVEN",2026-09-02 16:15:18
0000124013,KARGIL VIJAY FUEL CENTRE BHARAT PETROLEUM DEALERS,KARGIL VIJAY FUEL CENTRE BHARAT PETROLEUM DEALERS,BARRA BYE PASS KANPUR,BARRA BYE PASS KANPUR,KANPUR,KANPUR NAGAR,Uttar Pradesh,IN-25,208014,"BARRA BYE PASS KANPUR, BARRA BYE PASS KANPUR, KANPUR, KANPUR NAGAR, 208014, India",9415130118,kargil124013@bpclretail.in,26.43561,80.28858,"DIESEL, PETROL, SPEED","Automation, Pure_Sure, Air_Filling, TWO_FOUR_SEVEN",2026-09-02 16:15:18
0000123580,"KISHORE LAL JOGINDER LAL KALPI ROAD, VIJAI NGR CHORAHA,","KISHORE LAL JOGINDER LAL KALPI ROAD, VIJAI NGR CHORAHA,",KANPUR,KANPUR,KANPUR,KANPUR NAGAR,Uttar Pradesh,IN-25,208001,"KANPUR, KANPUR, KANPUR, KANPUR NAGAR, 208001, India",9919999996,kishorelal123580@bpclretail.in,26.461168,80.29533,"DIESEL, PETROL","Automation, Pure_Sure, Air_Filling, Parking, ATM, TWO_FOUR_SEVEN",2026-09-02 16:15:18
0000187105,MADHAV FUEL STATION BHARAT PETROLEUM DEALERS,MADHAV FUEL STATION BHARAT PETROLEUM DEALERS,"VILLAGE RAMAIPUR, MADHAVBAGH MARKET",KANPUR-HAMIRPUR ROAD,KANPUR,KANPUR NAGAR,Uttar Pradesh,IN-25,208001,"VILLAGE RAMAIPUR, MADHAVBAGH MARKET, KANPUR-HAMIRPUR ROAD, KANPUR, KANPUR NAGAR, 208001, India",9415050977,madhavf187105@bpclretail.in,26.3579,80.3023,"DIESEL, PETROL","Automation, Pure_Sure, Air_Filling, TWO_FOUR_SEVEN",2026-09-02 16:15:18
0000210960,MISHRA FILLING STATION BHARAT PETROLEUM DEALERS,MISHRA FILLING STATION BHARAT PETROLEUM DEALERS,PLOT NO. 7/ COM - 1/3,AMBEDKAR PURAM,KANPUR,KANPUR NAGAR,Uttar Pradesh,IN-25,208017,"PLOT NO. 7/ COM - 1/3, AMBEDKAR PURAM, KANPUR, KANPUR NAGAR, 208017, India",9336275050,mishrafi210960@bpclretail.in,26.4866,80.2466,"DIESEL, PETROL","Automation, Pure_Sure, Air_Filling, TWO_FOUR_SEVEN",2026-09-02 16:15:18
0000166811,NARENDRA FILLING STATION BHARAT PETROLEUM DEALERS,NARENDRA FILLING STATION BHARAT PETROLEUM DEALERS,143/134/24,OMPURWA,KANPUR,KANPUR NAGAR,Uttar Pradesh,IN-25,208007,"143/134/24, OMPURWA, KANPUR, KANPUR NAGAR, 208007, India",9919600000,narendra166811@bpclretail.in,26.431525,80.378739,"DIESEL, PETROL, SPEED","Automation, Pure_Sure, Air_Filling, Parking, TWO_FOUR_SEVEN",2026-09-02 16:15:18
0000251563,NEW SHIVRAJ FUELS BHARAT PETROLEUM DEALERS,NEW SHIVRAJ FUELS BHARAT PETROLEUM DEALERS,SAKRAPUR,KANPUR NAGAR UTTAR PRADESH,KANPUR,KANPUR NAGAR,Uttar Pradesh,IN-25,208008,"SAKRAPUR, KANPUR NAGAR UTTAR PRADESH, KANPUR, KANPUR NAGAR, 208008, India",9026676142,jaiswalankur543@gmail.com,26.38280123,80.34422219,"DIESEL, PETROL",Air_Filling,2026-09-02 16:15:18
0000123594,PARAGOAN MOTORS BHARAT PETROLEUM DEALERS,PARAGOAN MOTORS BHARAT PETROLEUM DEALERS,INFRONT OF TAFFCO KANPUR,CIVIL LINES,KANPUR,KANPUR NAGAR,Uttar Pradesh,IN-25,208001,"INFRONT OF TAFFCO KANPUR, CIVIL LINES, KANPUR, KANPUR NAGAR, 208001, India",9415126122,paragoan123594@bpclretail.in,26.486239,80.339759,"DIESEL, PETROL, SPEED, SPEED 100 BS IV","Automation, ATM, Air_Filling",2026-09-02 16:15:18
0000123593,PR MOTORS BHARAT PETROLEUM DEALERS,PR MOTORS BHARAT PETROLEUM DEALERS,GUMTI NO. 5 KANPUR,GUMTI NO. 5 KANPUR,KANPUR,KANPUR NAGAR,Uttar Pradesh,IN-25,208001,"GUMTI NO. 5 KANPUR, GUMTI NO. 5 KANPUR, KANPUR, KANPUR NAGAR, 208001, India",9839029489,pr123593@bpclretail.in,26.470502,80.315604,"DIESEL, PETROL, SPEED","Automation, Pure_Sure, Air_Filling, ATM, TWO_FOUR_SEVEN",2026-09-02 16:15:18
0000123596,PRAKASH AUTOMOBILES BHARAT PETROLEUM DEALERS,PRAKASH AUTOMOBILES BHARAT PETROLEUM DEALERS,MALL ROAD KANPUR,KANPUR CITY,KANPUR,KANPUR NAGAR,Uttar Pradesh,IN-25,208001,"MALL ROAD KANPUR, KANPUR CITY, KANPUR, KANPUR NAGAR, 208001, India",9455753670,prakash123596@bpclretail.in,26.471684,80.354658,"DIESEL, PETROL, SPEED","Automation, Pure_Sure, Air_Filling, TWO_FOUR_SEVEN",2026-09-02 16:15:18
0000123599,PREMIER AUTOMOBILES 80 FT RD BHARAT PETROLEUM DEALERS,PREMIER AUTOMOBILES 80 FT RD BHARAT PETROLEUM DEALERS,80 FT ROAD KANPUR,80 FT ROAD KANPUR,KANPUR,KANPUR NAGAR,Uttar Pradesh,IN-25,208001,"80 FT ROAD KANPUR, 80 FT ROAD KANPUR, KANPUR, KANPUR NAGAR, 208001, India",9910179873,premier123599@bpclretail.in,26.472488,80.321874,"PETROL, SPEED","Automation, Pure_Sure, Air_Filling, ATM, TWO_FOUR_SEVEN",2026-09-02 16:15:18
0000124056,PREMIER AUTOMOBILES-RUMA BHARAT PETROLEUM DEALERS,PREMIER AUTOMOBILES-RUMA BHARAT PETROLEUM DEALERS,ROOMA KANPUR,NH-2,KANPUR,KANPUR NAGAR,Uttar Pradesh,IN-25,208001,"ROOMA KANPUR, NH-2, KANPUR, KANPUR NAGAR, 208001, India",9415069950,premier124056@bpclretail.in,26.363381,80.432771,,"Automation, Pure_Sure, Air_Filling, Parking, TWO_FOUR_SEVEN",2026-09-02 16:15:18
0000123600,PURE AUTO FUELS BHARAT PETROLEUM DEALERS,PURE AUTO FUELS BHARAT PETROLEUM DEALERS,RUMAP.O. MAHARAJPURKANPUR,NH-2,KANPUR,KANPUR NAGAR,Uttar Pradesh,IN-25,208001,"RUMAP.O. MAHARAJPURKANPUR, NH-2, KANPUR, KANPUR NAGAR, 208001, India",9336210410,pure123600@bpclretail.in,26.348015,80.448395,"DIESEL, PETROL","Automation, Pure_Sure, Air_Filling, Parking, TWO_FOUR_SEVEN",2026-09-02 16:15:18
0000124058,RAJIV MOTORS CHAKARPUR BHARAT PETROLEUM DEALERS,RAJIV MOTORS CHAKARPUR BHARAT PETROLEUM DEALERS,"CHAKARPUR, KANPUR",,KANPUR,KANPUR NAGAR,Uttar Pradesh,IN-25,208001,"CHAKARPUR, KANPUR, , KANPUR, KANPUR NAGAR, 208001, India",,rajiv124058@bpclretail.in,26.447367,80.191484,,Air_Filling,2026-09-02 16:15:18
0000187185,RAM CHANDER FILLING STATION BHARAT PETROLEUM DEALERS,RAM CHANDER FILLING STATION BHARAT PETROLEUM DEALERS,VILL SYODI LALAIPUR,VILL SYODI LALAIPUR,KANPUR,KANPUR NAGAR,Uttar Pradesh,IN-25,208001,"VILL SYODI LALAIPUR, VILL SYODI LALAIPUR, KANPUR, KANPUR NAGAR, 208001, India",9415725783,ramchan187185@bpclretail.in,26.12369,80.16693,"DIESEL, PETROL","Automation, Pure_Sure, Air_Filling, TWO_FOUR_SEVEN",2026-09-02 16:15:18
0000212915,S R FILLING STATION BHARAT PETROLEUM DEALERS,S R FILLING STATION BHARAT PETROLEUM DEALERS,PLOT B-24,NEW TRANSPORT NAGAR PHASE 2,KANPUR,KANPUR NAGAR,Uttar Pradesh,IN-25,208020,"PLOT B-24, NEW TRANSPORT NAGAR PHASE 2, KANPUR, KANPUR NAGAR, 208020, India",9621586398,srfillin212915@bpclretail.in,26.4576,80.2216,"DIESEL, PETROL","Automation, Pure_Sure, Air_Filling, TWO_FOUR_SEVEN",2026-09-02 16:15:18
0000211803,SAINIK FILLING STATION BHARAT PETROLEUM DEALERS,SAINIK FILLING STATION BHARAT PETROLEUM DEALERS,PLOT NO. 3/ COM. - 1/21,"AWAS VIKAS 3, AMBEDKARPURAM",KANPUR,KANPUR NAGAR,Uttar Pradesh,IN-25,208017,"PLOT NO. 3/ COM. - 1/21, AWAS VIKAS 3, AMBEDKARPURAM, KANPUR, KANPUR NAGAR, 208017, India",8400602727,sainikfi211803@bpclretail.in,26.4863,80.2567,"DIESEL, PETROL","Automation, Pure_Sure, Air_Filling, TWO_FOUR_SEVEN",2026-09-02 16:15:18
0000238917,SANTOSH ASHOK BHADAURIYA FUELS BHARAT PETROLEUM DEALERS,SANTOSH ASHOK BHADAURIYA FUELS BHARAT PETROLEUM DEALERS,VILL- DAHELI SUJANPUR,ON SANIGAWAN ROAD,KANPUR,KANPUR NAGAR,Uttar Pradesh,IN-25,208021,"VILL- DAHELI SUJANPUR, ON SANIGAWAN ROAD, KANPUR, KANPUR NAGAR, 208021, India",7071979700,santosh238917@bpclretail.in,26.3895,80.3796,"DIESEL, PETROL","Pure_Sure, Air_Filling, TWO_FOUR_SEVEN",2026-09-02 16:15:18
0000216976,SAROVEER FILLING STATION BHARAT PETROLEUM DEALERS,SAROVEER FILLING STATION BHARAT PETROLEUM DEALERS,KHASRA NO. 17 & 18,TAUDAKHPUR,KANPUR,KANPUR NAGAR,Uttar Pradesh,IN-25,208021,"KHASRA NO. 17 & 18, TAUDAKHPUR, KANPUR, KANPUR NAGAR, 208021, India",9455586967,saroveerfs216976@bpclretail.in,26.379363,80.322093,"DIESEL, PETROL","Automation, Pure_Sure, Air_Filling, TWO_FOUR_SEVEN",2026-09-02 16:15:18
0000215066,SHANTI FILLING STATION BHARAT PETROLEUM DEALERS,SHANTI FILLING STATION BHARAT PETROLEUM DEALERS,KHASRA NO. 125,SAJARI,KANPUR,KANPUR NAGAR,Uttar Pradesh,IN-25,208021,"KHASRA NO. 125, SAJARI, KANPUR, KANPUR NAGAR, 208021, India",7007543874,shantifi215066@bpclretail.in,26.386887,80.388373,"DIESEL, PETROL","Automation, Pure_Sure, Air_Filling, TWO_FOUR_SEVEN",2026-09-02 16:15:18
0000230926,SHIVRAJ FUELS BHARAT PETROLEUM DEALERS,SHIVRAJ FUELS BHARAT PETROLEUM DEALERS,KHASRA NO. 1963MI,DAHELI SUJANPUR,KANPUR,KANPUR NAGAR,Uttar Pradesh,IN-25,208021,"KHASRA NO. 1963MI, DAHELI SUJANPUR, KANPUR, KANPUR NAGAR, 208021, India",9936153438,Shivraj230926@bpclretail.in,26.392652,80.365227,"DIESEL, PETROL","Pure_Sure, Air_Filling, TWO_FOUR_SEVEN",2026-09-02 16:15:18
0000173296,SHIVRAM AUTO SERVICE BHARAT PETROLEUM DEALERS,SHIVRAM AUTO SERVICE BHARAT PETROLEUM DEALERS,"759/W-2 BLOCK, JUHIKALAN",,KANPUR,KANPUR NAGAR,Uttar Pradesh,IN-25,208027,"759/W-2 BLOCK, JUHIKALAN, , KANPUR, KANPUR NAGAR, 208027, India",,shivram173296@bpclretail.in,26.426133,80.310628,,"Automation, Parking, Air_Filling",2026-09-02 16:15:18
0000212281,SINGH FUELS BHARAT PETROLEUM DEALERS,SINGH FUELS BHARAT PETROLEUM DEALERS,NEW TRANSPORT NAGAR PHASE 3,VIJAY NAGAR - PANKI BYE PASS,KANPUR,KANPUR NAGAR,Uttar Pradesh,IN-25,208020,"NEW TRANSPORT NAGAR PHASE 3, VIJAY NAGAR - PANKI BYE PASS, KANPUR, KANPUR NAGAR, 208020, India",8604194728,singhfue212281@bpclretail.in,26.4579,80.2324,"DIESEL, PETROL","Automation, Pure_Sure, Air_Filling, TWO_FOUR_SEVEN",2026-09-02 16:15:18
0000123608,SUNDER SERVICE STATION BHARAT PETROLEUM DEALERS,SUNDER SERVICE STATION BHARAT PETROLEUM DEALERS,VILLAGE RUMA P.O. MAHARAJPUR,KANPUR-FATEHPUR ROAD (NH-2),KANPUR,KANPUR NAGAR,Uttar Pradesh,IN-25,208001,"VILLAGE RUMA P.O. MAHARAJPUR, KANPUR-FATEHPUR ROAD (NH-2), KANPUR, KANPUR NAGAR, 208001, India",9235511004,sunder123608@bpclretail.in,26.3508,80.4473,"DIESEL, PETROL, SPEED","Automation, Pure_Sure, Air_Filling, Parking, TWO_FOUR_SEVEN",2026-09-02 16:15:18
0000170625,SUPREME PETROLEUM BHARAT PETROLEUM DEALERS,SUPREME PETROLEUM BHARAT PETROLEUM DEALERS,"28 &28 A, 2A (1A)","GAJUPURWA, JAJMAU",KANPUR,KANPUR NAGAR,Uttar Pradesh,IN-25,208010,"28 &28 A, 2A (1A), GAJUPURWA, JAJMAU, KANPUR, KANPUR NAGAR, 208010, India",9838626813,supreme170625@bpclretail.in,26.439203,80.393119,"DIESEL, PETROL, SPEED","Automation, Air_Filling",2026-09-02 16:15:18
0000139755,TATIAGANJ FILLING STATION BHARAT PETROLEUM DEALERS,TATIAGANJ FILLING STATION BHARAT PETROLEUM DEALERS,PLOT NO 117/H2/166.,PANDUNAGAR.,KANPUR,KANPUR NAGAR,Uttar Pradesh,IN-25,208025,"PLOT NO 117/H2/166., PANDUNAGAR., KANPUR, KANPUR NAGAR, 208025, India",9936101019,tatiaganj139755@bpclretail.in,26.473339,80.292935,"DIESEL, PETROL, SPEED","In_Out, Automation, Air_Filling",2026-09-02 16:15:18
0000123612,TOMAR FILLING STATION BHARAT PETROLEUM DEALERS,TOMAR FILLING STATION BHARAT PETROLEUM DEALERS,KANPUR-FATEHPUR ROADSAKATIAPURWA,KANPUR-FATEHPUR ROADSAKATIAPURWA,KANPUR,KANPUR NAGAR,Uttar Pradesh,IN-25,208001,"KANPUR-FATEHPUR ROADSAKATIAPURWA, KANPUR-FATEHPUR ROADSAKATIAPURWA, KANPUR, KANPUR NAGAR, 208001, India",9415126455,tomar123612@bpclretail.in,26.227085,80.518939,"DIESEL, PETROL","Automation, Pure_Sure, Air_Filling, TWO_FOUR_SEVEN",2026-09-02 16:15:18
0000123615,UBEROI AUTOMOBILES BHARAT PETROLEUM DEALERS,UBEROI AUTOMOBILES BHARAT PETROLEUM DEALERS,INFRONT OF HELLAT HOSPITAL KANPUR,INFRONT OF HELLAT HOSPITAL KANPUR,KANPUR,KANPUR NAGAR,Uttar Pradesh,IN-25,208001,"INFRONT OF HELLAT HOSPITAL KANPUR, INFRONT OF HELLAT HOSPITAL KANPUR, KANPUR, KANPUR NAGAR, 208001, India",9839029030,uberoi123615@bpclretail.in,26.479625,80.309374,"DIESEL, PETROL","Automation, Pure_Sure, Air_Filling, TWO_FOUR_SEVEN",2026-09-02 16:15:18
0000138822,VR FILLING STATION BHARAT PETROLEUM CORPORATION L,VR FILLING STATION BHARAT PETROLEUM CORPORATION L,"ARAZI NO 85, VILLAGE LAKHANPUR","VIKASNAGAR, GT ROAD",KANPUR,KANPUR NAGAR,Uttar Pradesh,IN-25,208025,"ARAZI NO 85, VILLAGE LAKHANPUR, VIKASNAGAR, GT ROAD, KANPUR, KANPUR NAGAR, 208025, India",9336572721,vr138822@bpclretail.in,26.4929,80.2811,"DIESEL, PETROL, SPEED","Automation, Pure_Sure, Air_Filling, TWO_FOUR_SEVEN",2026-09-02 16:15:18
0000257463,AMARNEER FUEL STATION BHARAT PETROLEUM DEALERS,AMARNEER FUEL STATION BHARAT PETROLEUM DEALERS,PART OF ARAZI NO. 259,VILLAGE PAKARI,KANPUR NAGAR,KANPUR NAGAR,Uttar Pradesh,IN-25,209304,"PART OF ARAZI NO. 259, VILLAGE PAKARI, KANPUR NAGAR, KANPUR NAGAR, 209304, India",8052777754,vij.sal2005@gmail.com,26.4190988,80.1463087,"DIESEL, PETROL","Pure_Sure, Air_Filling, TWO_FOUR_SEVEN",2026-09-02 16:15:18
0000253248,DOWNTOWN ENERGY STATION BHARAT PETROLEUM DEALERS,DOWNTOWN ENERGY STATION BHARAT PETROLEUM DEALERS,"PLOT NO-1, GRAM- KALYANPUR KALA",AZAD NAGAR,KANPUR NAGAR,KANPUR NAGAR,Uttar Pradesh,IN-25,208024,"PLOT NO-1, GRAM- KALYANPUR KALA, AZAD NAGAR, KANPUR NAGAR, KANPUR NAGAR, 208024, India",8299852717,drsunilverma699@gmail.com,26.499135,80.261667,"DIESEL, PETROL, SPEED","Pure_Sure, Air_Filling, TWO_FOUR_SEVEN",2026-09-02 16:15:18
0000255751,G.S ENERGY STATION BHARAT PETROLEUM DEALERS,G.S ENERGY STATION BHARAT PETROLEUM DEALERS,16/19A,CIVIL LINES,KANPUR NAGAR,KANPUR NAGAR,Uttar Pradesh,IN-25,208001,"16/19A, CIVIL LINES, KANPUR NAGAR, KANPUR NAGAR, 208001, India",9839122222,gaurav8200@yahoo.co.in,26.475847,80.3578,"DIESEL, PETROL, SPEED","Pure_Sure, Air_Filling, TWO_FOUR_SEVEN",2026-09-02 16:15:18
0000226184,LAKSHYA SCK FUELS BHARAT PETROLEUM DEALERS,LAKSHYA SCK FUELS BHARAT PETROLEUM DEALERS,GATA NO. 1695,VILLAGE SACHENDI,KANPUR NAGAR,KANPUR NAGAR,Uttar Pradesh,IN-25,209304,"GATA NO. 1695, VILLAGE SACHENDI, KANPUR NAGAR, KANPUR NAGAR, 209304, India",9918800232,lakshyasckfuels226184@bpclretail.in,26.4262,80.1598,"DIESEL, PETROL, SPEED","Automation, Pure_Sure, Air_Filling, TWO_FOUR_SEVEN",2026-09-02 16:15:18
0000231073,LAXMI FUELS BHARAT PETROLEUM DEALERS,LAXMI FUELS BHARAT PETROLEUM DEALERS,GATA NO. 674MI,VILLAGE CHACHENDI-SACHENDI 1,KANPUR NAGAR,KANPUR NAGAR,Uttar Pradesh,IN-25,209304,"GATA NO. 674MI, VILLAGE CHACHENDI-SACHENDI 1, KANPUR NAGAR, KANPUR NAGAR, 209304, India",7521950101,laxmifuels674@gmail.com,26.436106,80.176903,"DIESEL, PETROL","Pure_Sure, Air_Filling, TWO_FOUR_SEVEN",2026-09-02 16:15:18
0000217946,MAA KAMAKHYA FILLING STATION BHARAT PETROLEUM DEALERS,MAA KAMAKHYA FILLING STATION BHARAT PETROLEUM DEALERS,PANKI GANGAGANJ,RAM LILA MAIDAN - GAMBHIRPUR ROAD,KANPUR NAGAR,KANPUR NAGAR,Uttar Pradesh,IN-25,208020,"PANKI GANGAGANJ, RAM LILA MAIDAN - GAMBHIRPUR ROAD, KANPUR NAGAR, KANPUR NAGAR, 208020, India",9795002417,maakamakhyafs217946@bpclretail.in,26.48091,80.223775,"DIESEL, PETROL","Automation, Pure_Sure, Air_Filling, TWO_FOUR_SEVEN",2026-09-02 16:15:18
0000232999,MAA PETROLEUM BHARAT PETROLEUM DEALERS,MAA PETROLEUM BHARAT PETROLEUM DEALERS,GATA NO. 729,VILLAGE BAIKUNTHPUR,KANPUR NAGAR,KANPUR NAGAR,Uttar Pradesh,IN-25,209217,"GATA NO. 729, VILLAGE BAIKUNTHPUR, KANPUR NAGAR, KANPUR NAGAR, 209217, India",9839776225,maa232999@bpclretail.in,26.5519,80.2528,"DIESEL, PETROL","Pure_Sure, Air_Filling, TWO_FOUR_SEVEN",2026-09-02 16:15:18
0000213628,MARJAN PETROLEUM BHARAT PETROLEUM DEALERS,MARJAN PETROLEUM BHARAT PETROLEUM DEALERS,"KHASRA NO. 1160, PLOT NO.1,3,4,9,10",DAHELI SUJANPUR,KANPUR NAGAR,KANPUR NAGAR,Uttar Pradesh,IN-25,208013,"KHASRA NO. 1160, PLOT NO.1,3,4,9,10, DAHELI SUJANPUR, KANPUR NAGAR, KANPUR NAGAR, 208013, India",9821632786,marjanpe213628@bpclretail.in,26.4041538,80.3580267,"DIESEL, PETROL, SPEED","Automation, Pure_Sure, Air_Filling, TWO_FOUR_SEVEN",2026-09-02 16:15:18
0000242689,RAJA RAM FILLING STATION BHARAT PETROLEUM DEALERS,RAJA RAM FILLING STATION BHARAT PETROLEUM DEALERS,"GATA NO.964, GAHATAMPUR ROAD","PATARA, KANPUR NAGAR",KANPUR NAGAR,KANPUR NAGAR,Uttar Pradesh,IN-25,209308,"GATA NO.964, GAHATAMPUR ROAD, PATARA, KANPUR NAGAR, KANPUR NAGAR, KANPUR NAGAR, 209308, India",9559297108,abc@gmail.com,26.241055,80.203877,"DIESEL, PETROL","Pure_Sure, Air_Filling, TWO_FOUR_SEVEN",2026-09-02 16:15:18
0000190655,S.G. FUEL STATION BHARAT PETROLEUM DEALERS,S.G. FUEL STATION BHARAT PETROLEUM DEALERS,MAINAWATI MARG,,KANPUR NAGAR,KANPUR NAGAR,Uttar Pradesh,IN-25,208001,"MAINAWATI MARG, , KANPUR NAGAR, KANPUR NAGAR, 208001, India",9935440954,sgfuel190655@bpclretail.in,26.5101,80.2865,"DIESEL, PETROL","Automation, Pure_Sure, Air_Filling, TWO_FOUR_SEVEN",2026-09-02 16:15:18
0000220343,SHIVAY FILLING STATION BHARAT PETROLEUM DEALERS,SHIVAY FILLING STATION BHARAT PETROLEUM DEALERS,"PLOT NO. 4 & 5, MIG SCHEME",VISAYAKPUR BANGAR,KANPUR NAGAR,KANPUR NAGAR,Uttar Pradesh,IN-25,208016,"PLOT NO. 4 & 5, MIG SCHEME, VISAYAKPUR BANGAR, KANPUR NAGAR, KANPUR NAGAR, 208016, India",9935533713,shivayfs220343@bpclretail.in,26.505646,80.279343,"DIESEL, PETROL","Automation, Pure_Sure, Air_Filling, TWO_FOUR_SEVEN",2026-09-02 16:15:18
0000248129,SHRI OM PETROLEUM BHARAT PETROLEUM DEALERS,SHRI OM PETROLEUM BHARAT PETROLEUM DEALERS,"438 MI, BARASIROHI",NEW SHIVALI ROAD,KANPUR NAGAR,KANPUR NAGAR,Uttar Pradesh,IN-25,208016,"438 MI, BARASIROHI, NEW SHIVALI ROAD, KANPUR NAGAR, KANPUR NAGAR, 208016, India",9450128596,rakesh94501@gmail.com,26.503911,80.216403,"DIESEL, PETROL","Pure_Sure, Air_Filling, TWO_FOUR_SEVEN",2026-09-02 16:15:18
0000193377,SHYAM AUTO FUELS BHARAT PETROLEUM DEALERS,SHYAM AUTO FUELS BHARAT PETROLEUM DEALERS,"PLOT NO. 48, 49, BLOCK - K","SCHEME-1, GOVIND NAGAR",KANPUR NAGAR,KANPUR NAGAR,Uttar Pradesh,IN-25,208010,"PLOT NO. 48, 49, BLOCK - K, SCHEME-1, GOVIND NAGAR, KANPUR NAGAR, KANPUR NAGAR, 208010, India",9415043886,shyam193377@bpclretail.in,26.4474,80.3133,"DIESEL, PETROL","Automation, Pure_Sure, Air_Filling, TWO_FOUR_SEVEN",2026-09-02 16:15:18
0000192124,SHYAM FILLING STATION BHARAT PETROLEUM DEALERS,SHYAM FILLING STATION BHARAT PETROLEUM DEALERS,BARRA BYPASS,BARRA BYPASS,KANPUR NAGAR,KANPUR NAGAR,Uttar Pradesh,IN-25,208011,"BARRA BYPASS, BARRA BYPASS, KANPUR NAGAR, KANPUR NAGAR, 208011, India",9415485335,shyam192124@bpclretail.in,26.4271,80.3064,"DIESEL, PETROL, SPEED","Automation, Pure_Sure, Air_Filling, TWO_FOUR_SEVEN",2026-09-02 16:15:18
0000218114,SHYAM RATAN FUELS BHARAT PETROLEUM DEALERS,SHYAM RATAN FUELS BHARAT PETROLEUM DEALERS,KHASRA N0.116 MI,VILLAGE SHAHPUR MAJHAWAN,KANPUR NAGAR,KANPUR NAGAR,Uttar Pradesh,IN-25,209214,"KHASRA N0.116 MI, VILLAGE SHAHPUR MAJHAWAN, KANPUR NAGAR, KANPUR NAGAR, 209214, India",8574046940,shyamratanfuels218114@bpclretail.in,26.3176,80.3105,"DIESEL, PETROL","Automation, Pure_Sure, Air_Filling, TWO_FOUR_SEVEN",2026-09-02 16:15:18
0000226239,SRD PETROLEUM BHARAT PETROLEUM DEALERS,SRD PETROLEUM BHARAT PETROLEUM DEALERS,"KHASRA NO. 871MI, BUDPUR MACHHARIA",YASHODHA NAGAR,KANPUR NAGAR,KANPUR NAGAR,Uttar Pradesh,IN-25,208011,"KHASRA NO. 871MI, BUDPUR MACHHARIA, YASHODHA NAGAR, KANPUR NAGAR, KANPUR NAGAR, 208011, India",9670777711,srdpe226239@bpclretail.in,26.4033,80.3372,"DIESEL, PETROL, SPEED","Automation, Pure_Sure, Air_Filling, TWO_FOUR_SEVEN",2026-09-02 16:15:18
0000253249,TANISHK FILLING STATION BHARAT PETROLEUM DEALERS,TANISHK FILLING STATION BHARAT PETROLEUM DEALERS,KHASRA NO 569,VILLAGE DINKARPUR,KANPUR NAGAR,KANPUR NAGAR,Uttar Pradesh,IN-25,209205,"KHASRA NO 569, VILLAGE DINKARPUR, KANPUR NAGAR, KANPUR NAGAR, 209205, India",9936891378,tanishkkatiyar007@gmail.com,26.687618,80.112213,"DIESEL, PETROL","Pure_Sure, Air_Filling, TWO_FOUR_SEVEN",2026-09-02 16:15:18
0000189965,VEDWATI FILLING STATION BHARAT PETROLEUM DEALERS,VEDWATI FILLING STATION BHARAT PETROLEUM DEALERS,MAKSOODABAD,MAKSOODABAD,KANPUR NAGAR,KANPUR NAGAR,Uttar Pradesh,IN-25,208017,"MAKSOODABAD, MAKSOODABAD, KANPUR NAGAR, KANPUR NAGAR, 208017, India",9628149000,vedwati189965@bpclretail.in,26.5035,80.2128,"DIESEL, PETROL","Automation, Pure_Sure, Air_Filling, TWO_FOUR_SEVEN",2026-09-02 16:15:18
0000123618,VISHNU SERVICE STATION BHARAT PETROLEUM DEALERS,VISHNU SERVICE STATION BHARAT PETROLEUM DEALERS,RITOOPUR BABUPURWATRANSPORT NGR,KANPUR CITY,KANPUR NAGAR,KANPUR NAGAR,Uttar Pradesh,IN-25,208004,"RITOOPUR BABUPURWATRANSPORT NGR, KANPUR CITY, KANPUR NAGAR, KANPUR NAGAR, 208004, India",9336597887,vishnu123618@bpclretail.in,26.446126,80.332736,"DIESEL, PETROL","Automation, Pure_Sure, Air_Filling, TWO_FOUR_SEVEN",2026-09-02 16:15:18
0000123581,KULWANT MOTORS BHARAT PETROLEUM DEALERS,KULWANT MOTORS BHARAT PETROLEUM DEALERS,NARAMAU KANPUR,NARAMAU KANPUR,KANPUR SADAR,KANPUR NAGAR,Uttar Pradesh,IN-25,209217,"NARAMAU KANPUR, NARAMAU KANPUR, KANPUR SADAR, KANPUR NAGAR, 209217, India",9839114033,kulwant123581@bpclretail.in,26.527175,80.23548,"DIESEL, PETROL","Automation, Pure_Sure, Air_Filling, Parking, TWO_FOUR_SEVEN",2026-09-02 16:15:18
0000251564,SHIV SANTOSH (SS) FUELS CENTRE BHARAT PETROLEUM DEALERS,SHIV SANTOSH (SS) FUELS CENTRE BHARAT PETROLEUM DEALERS,KHASRA NO 29,VILL- KHARAGPUR,KHARAGPUR,KANPUR NAGAR,Uttar Pradesh,IN-25,208021,"KHASRA NO 29, VILL- KHARAGPUR, KHARAGPUR, KANPUR NAGAR, 208021, India",9839304153,sudhircbmr@gmail.com,26.374382,80.327854,"DIESEL, PETROL","Pure_Sure, Air_Filling, TWO_FOUR_SEVEN",2026-09-02 16:15:18
0000138327,GM FILLING STATION BHARAT PETROLEUM CORPORATION L,GM FILLING STATION BHARAT PETROLEUM CORPORATION L,"PLOT NO 1290 & 1339, Y BLOCK","KIDWAINAGAR, YASHODANAGAR BYEPASS",KIDWAI NAGAR,KANPUR NAGAR,Uttar Pradesh,IN-25,208011,"PLOT NO 1290 & 1339, Y BLOCK, KIDWAINAGAR, YASHODANAGAR BYEPASS, KIDWAI NAGAR, KANPUR NAGAR, 208011, India",9336086999,gm138327@bpclretail.in,26.419556,80.329116,"DIESEL, PETROL, SPEED","In_Out, Automation, Air_Filling",2026-09-02 16:15:18
0000255074,SHRI BABA BRAHMDEO FUEL STATIO BHARAT PETROLEUM DEALERS,SHRI BABA BRAHMDEO FUEL STATIO BHARAT PETROLEUM DEALERS,PART OF ARAZI NO.115,LODHAR ROAD,LODHAR,KANPUR NAGAR,Uttar Pradesh,IN-25,209217,"PART OF ARAZI NO.115, LODHAR ROAD, LODHAR, KANPUR NAGAR, 209217, India",9415487846,harishankerg00@gmail.com,26.518231,80.212103,"DIESEL, PETROL","Pure_Sure, Air_Filling, TWO_FOUR_SEVEN",2026-09-02 16:15:18
0000230277,KRISHNA FUELS BHARAT PETROLEUM DEALERS,KRISHNA FUELS BHARAT PETROLEUM DEALERS,GATA NO. 742,VILLAGE NARWAL,NARWAL,KANPUR NAGAR,Uttar Pradesh,IN-25,209401,"GATA NO. 742, VILLAGE NARWAL, NARWAL, KANPUR NAGAR, 209401, India",7678848181,suyashpandey725@gmail.com,26.2337,80.4365,"DIESEL, PETROL","Pure_Sure, Air_Filling, TWO_FOUR_SEVEN",2026-09-02 16:15:18
0000238096,SARASWATI FILLING STATION BHARAT PETROLEUM DEALERS,SARASWATI FILLING STATION BHARAT PETROLEUM DEALERS,VILL- PHUPHUWARSUITHOK,KHASRA NO.- 1569,NARWAL,KANPUR NAGAR,Uttar Pradesh,IN-25,209402,"VILL- PHUPHUWARSUITHOK, KHASRA NO.- 1569, NARWAL, KANPUR NAGAR, 209402, India",9935709935,saraswati238096@bpclretail.in,26.293337,80.457647,"DIESEL, PETROL","Pure_Sure, Air_Filling, TWO_FOUR_SEVEN",2026-09-02 16:15:18
0000123558,BENIPRASAD RAMNARAYAN KANPUR BHARAT PETROLEUM DEALERS,BENIPRASAD RAMNARAYAN KANPUR BHARAT PETROLEUM DEALERS,HAMIRPUR ROAD,NH-34 (OLD NH-86),RAMAIPUR,KANPUR NAGAR,Uttar Pradesh,IN-25,208001,"HAMIRPUR ROAD, NH-34 (OLD NH-86), RAMAIPUR, KANPUR NAGAR, 208001, India",9919888777,beni123558@bpclretail.in,26.36625,80.305901,"DIESEL, PETROL, SPEED","Automation, Pure_Sure, Air_Filling, Parking, TWO_FOUR_SEVEN",2026-09-02 16:15:18
0000207770,ARAFAT PETROLEUM BHARAT PETROLEUM DEALERS,ARAFAT PETROLEUM BHARAT PETROLEUM DEALERS,"12 C, NEW JAJMAU ROAD",JAJMAU,"WAZIDPUR, KANPUR CITY",KANPUR NAGAR,Uttar Pradesh,IN-25,208001,"12 C, NEW JAJMAU ROAD, JAJMAU, WAZIDPUR, KANPUR CITY, KANPUR NAGAR, 208001, India",9839666099,arafatpe207770@bpclretail.in,26.4247,80.4087,"DIESEL, PETROL","Automation, Pure_Sure, Air_Filling, TWO_FOUR_SEVEN",2026-09-02 16:15:18
0000145522,HIRALAL ENTERPRISES BHARAT PETROLEUM DEALERS,HIRALAL ENTERPRISES BHARAT PETROLEUM DEALERS,"931/3, B BLOCK","KALPI ROAD, PANKI",KANPUR,KANPUR NAGAR UP,Uttar Pradesh,IN-25,208020,"931/3, B BLOCK, KALPI ROAD, PANKI, KANPUR, KANPUR NAGAR UP, 208020, India",9839068855,hiralal145522@bpclretail.in,26.460243,80.259193,"DIESEL, PETROL","Automation, Pure_Sure, Air_Filling, TWO_FOUR_SEVEN",2026-09-02 16:15:18
0000123576,KAKA RAM SIRI RAM BHARAT PETROLEUM DEALERS,KAKA RAM SIRI RAM BHARAT PETROLEUM DEALERS,KALPI ROAD FAZALGANJ KANPUR,KANPUR,KANPUR,KANPUR NAGAR UP,Uttar Pradesh,IN-25,208001,"KALPI ROAD FAZALGANJ KANPUR, KANPUR, KANPUR, KANPUR NAGAR UP, 208001, India",9839090919,kakaram123576@bpclretail.in,26.462666,80.309214,"DIESEL, PETROL, SPEED","Automation, Air_Filling",2026-09-02 16:15:18
0000186951,PURE AUTO(ADHOC) BHARAT PETROLEUM DEALERS,PURE AUTO(ADHOC) BHARAT PETROLEUM DEALERS,"KHALASI LINES, ALLENGANJ",,KANPUR,KANPUR NAGAR UP,Uttar Pradesh,IN-25,208001,"KHALASI LINES, ALLENGANJ, , KANPUR, KANPUR NAGAR UP, 208001, India",,pureaut186951@bpclretail.in,26.485564,80.3241777,,Air_Filling,2026-09-02 16:15:18
0000123602,RAM LAL & SONS BHARAT PETROLEUM DEALERS,RAM LAL & SONS BHARAT PETROLEUM DEALERS,DY. KA PADAO,KALPI ROAD,KANPUR,KANPUR NAGAR UP,Uttar Pradesh,IN-25,208001,"DY. KA PADAO, KALPI ROAD, KANPUR, KANPUR NAGAR UP, 208001, India",9415045445,ramlal123602@bpclretail.in,26.462222,80.337497,"DIESEL, PETROL","Automation, Pure_Sure, Air_Filling, TWO_FOUR_SEVEN",2026-09-02 16:15:18
0000190030,RAMLAL & SONS ADHOC BHARAT PETROLEUM DEALERS,RAMLAL & SONS ADHOC BHARAT PETROLEUM DEALERS,KIDWAI NAGAR,,KANPUR,KANPUR NAGAR UP,Uttar Pradesh,IN-25,208025,"KIDWAI NAGAR, , KANPUR, KANPUR NAGAR UP, 208025, India",,rajprem55@yahoo.com,26.493236,80.27843,,Air_Filling,2026-09-02 16:15:18
0000140358,RAJIV MOTORS-ADHOC BHARAT PETROLEUM DEALERS,RAJIV MOTORS-ADHOC BHARAT PETROLEUM DEALERS,"10/500, KHALASILINES, ALLENGANJ",,KANPUR,"KANPUR, UTTAR PRADESH",Uttar Pradesh,IN-25,208001,"10/500, KHALASILINES, ALLENGANJ, , KANPUR, KANPUR, UTTAR PRADESH, 208001, India",,hanish15@yahoo.com,26.485564,80.3241777,,Air_Filling,2026-09-02 16:15:18
0000142210,SACHAN FILLING STATION BHARAT PETROLEUM DEALERS,SACHAN FILLING STATION BHARAT PETROLEUM DEALERS,"PLOT NO 621/41,  W BLOCK, JUHI",GOVINDNAGAR-BARRA ROAD,KANPUR,"KANPUR, UTTAR PRADESH",Uttar Pradesh,IN-25,208005,"PLOT NO 621/41,  W BLOCK, JUHI, GOVINDNAGAR-BARRA ROAD, KANPUR, KANPUR, UTTAR PRADESH, 208005, India",9838711704,sachan142210@bpclretail.in,26.431484,80.308163,"DIESEL, PETROL, SPEED","In_Out, Automation, Pure_Sure, Air_Filling, ATM, TWO_FOUR_SEVEN",2026-09-02 16:15:18
0000218029,SHRI RAM SWAROOP FILLING STATI BHARAT PETROLEUM DEALERS,SHRI RAM SWAROOP FILLING STATI BHARAT PETROLEUM DEALERS,"600/319 PLOT NO-3A, 3B","KANAHIYA MADHOPUR, FAREEDIPUR",226001,LUCKNOW,Uttar Pradesh,IN-25,226022,"600/319 PLOT NO-3A, 3B, KANAHIYA MADHOPUR, FAREEDIPUR, 226001, LUCKNOW, 226022, India",9621860000,rohitsingh.yadav23@gmail.com,26.866455,80.862541,"DIESEL, PETROL","Pure_Sure, Air_Filling, TWO_FOUR_SEVEN",2026-09-02 16:15:18
0000161375,RAINBOW FILLING STATION BHARAT PETROLEUM DEALERS,RAINBOW FILLING STATION BHARAT PETROLEUM DEALERS,"200 ,ADIL NAGAR",MUNSHIPLUIA TEDHIPULIA,ADILNAGAR,LUCKNOW,Uttar Pradesh,IN-25,226001,"200 ,ADIL NAGAR, MUNSHIPLUIA TEDHIPULIA, ADILNAGAR, LUCKNOW, 226001, India",9838937070,rainbow161375@bpclretail.in,26.906114,80.960277,"DIESEL, PETROL, SPEED","Automation, Air_Filling",2026-09-02 16:15:18
0000123573,GOEL KOHLI & SONS BHARAT PETROLEUM DEALERS,GOEL KOHLI & SONS BHARAT PETROLEUM DEALERS,ALAMBAGH,,ALAMBAG,LUCKNOW,Uttar Pradesh,IN-25,226005,"ALAMBAGH, , ALAMBAG, LUCKNOW, 226005, India",9415003652,goel123573@bpclretail.in,26.815338,80.904452,"DIESEL, PETROL, SPEED","Automation, Pure_Sure, Air_Filling, ATM, TWO_FOUR_SEVEN",2026-09-02 16:15:18
0000264230,SHAGUN FILLING STATION BHARAT PETROLEUM DEALERS,SHAGUN FILLING STATION BHARAT PETROLEUM DEALERS,KHASRA NO.765,AMRAI GAON,"AMRAI GAON, LUCKNOW",LUCKNOW,Uttar Pradesh,IN-25,226028,"KHASRA NO.765, AMRAI GAON, AMRAI GAON, LUCKNOW, LUCKNOW, 226028, India",9452575000,shagunfilling2026@gmail.com,26.908271,81.019537,"DIESEL, PETROL, SPEED",Air_Filling,2026-09-02 16:15:18
0000197568,BP ASHIANA BHARAT PETROLEUM DEALERS,BP ASHIANA BHARAT PETROLEUM DEALERS,ASHIANA,NEAR PAKRI KA PUL,ASHIANA,LUCKNOW,Uttar Pradesh,IN-25,226001,"ASHIANA, NEAR PAKRI KA PUL, ASHIANA, LUCKNOW, 226001, India",9436012300,bpashiana197568@bpclretail.in,26.798903,80.9141,"DIESEL, PETROL, SPEED, SPEED 100 BS IV","Automation, Pure_Sure, Air_Filling, TWO_FOUR_SEVEN",2026-09-02 16:15:18
0000143152,CHANDRA FILLING CENTER BHARAT PETROLEUM DEALERS,CHANDRA FILLING CENTER BHARAT PETROLEUM DEALERS,"PLOT NO. CP-7,LDA COLONY,SECTOR-I,",KANPUR ROAD YOJNA,ASHIANA,LUCKNOW,Uttar Pradesh,IN-25,226001,"PLOT NO. CP-7,LDA COLONY,SECTOR-I,, KANPUR ROAD YOJNA, ASHIANA, LUCKNOW, 226001, India",,chandra143152@bpclretail.in,26.798903,80.9141,,Air_Filling,2026-09-02 16:15:18
0000183082,A.N. FILLING STATION BHARAT PETROLEUM DEALERS,A.N. FILLING STATION BHARAT PETROLEUM DEALERS,BAKSHI KA TALAB,NH-24,BAKSHI KA TALAB,LUCKNOW,Uttar Pradesh,IN-25,226201,"BAKSHI KA TALAB, NH-24, BAKSHI KA TALAB, LUCKNOW, 226201, India",9415111635,anfillin183082@bpclretail.in,27.031004,80.908942,"DIESEL, PETROL","Automation, Pure_Sure, Air_Filling, Parking, ATM, TWO_FOUR_SEVEN",2026-09-02 16:15:18
0000123586,LUCKNOW AUTO FILLING CENTRE BHARAT PETROLEUM DEALERS,LUCKNOW AUTO FILLING CENTRE BHARAT PETROLEUM DEALERS,BANILUCKNOW-KANPUR ROAD,BANTHRA,BANI,LUCKNOW,Uttar Pradesh,IN-25,226008,"BANILUCKNOW-KANPUR ROAD, BANTHRA, BANI, LUCKNOW, 226008, India",9838078592,lucknow123586@bpclretail.in,26.655399,80.79956,"DIESEL, PETROL","Automation, Pure_Sure, Air_Filling, Parking, TWO_FOUR_SEVEN",2026-09-02 16:15:18
0000197217,BP-CANTT. BHARAT PETROLEUM DEALERS,BP-CANTT. BHARAT PETROLEUM DEALERS,M.G.ROAD,CANT,CANTT,LUCKNOW,Uttar Pradesh,IN-25,226001,"M.G.ROAD, CANT, CANTT, LUCKNOW, 226001, India",8381931768,bpcantt197217@bpclretail.in,26.830309,80.950615,"DIESEL, PETROL, SPEED","Automation, Pure_Sure, Air_Filling, TWO_FOUR_SEVEN",2026-09-02 16:15:18
0000123604,SHEO NARAIN & SONS BHARAT PETROLEUM DEALERS,SHEO NARAIN & SONS BHARAT PETROLEUM DEALERS,NEAR RLYCROSSING,,CANTT,LUCKNOW,Uttar Pradesh,IN-25,226001,"NEAR RLYCROSSING, , CANTT, LUCKNOW, 226001, India",,sheo123604@bpclretail.in,26.830309,80.950615,,Air_Filling,2026-09-02 16:15:18
0000236307,BP-CHARBAGH BHARAT PETROLEUM DEALERS,BP-CHARBAGH BHARAT PETROLEUM DEALERS,KKC COLLEGE,CHARBAGH,CHARBAGH,LUCKNOW,Uttar Pradesh,IN-25,226001,"KKC COLLEGE, CHARBAGH, CHARBAGH, LUCKNOW, 226001, India",7571974606,chandreshshukla@bharatpetroleum.in,26.832671,80.931014,"DIESEL, PETROL, SPEED","Automation, Pure_Sure, Air_Filling, TWO_FOUR_SEVEN",2026-09-02 16:15:18
0000123588,NATIONAL FILLING STATION BHARAT PETROLEUM DEALERS,NATIONAL FILLING STATION BHARAT PETROLEUM DEALERS,CHARBAGHLUCKNOW,,CHARBAGH,LUCKNOW,Uttar Pradesh,IN-25,226001,"CHARBAGHLUCKNOW, , CHARBAGH, LUCKNOW, 226001, India",9336621735,national123588@bpclretail.in,26.832671,80.931014,"DIESEL, PETROL, SPEED","Automation, Pure_Sure, Air_Filling, TWO_FOUR_SEVEN",2026-09-02 16:15:18
0000197216,BP-AWADH BHARAT PETROLEUM DEALERS,BP-AWADH BHARAT PETROLEUM DEALERS,PURANIA CHAURAHA,SITAPUR ROAD,DALIGANJ,LUCKNOW,Uttar Pradesh,IN-25,226020,"PURANIA CHAURAHA, SITAPUR ROAD, DALIGANJ, LUCKNOW, 226020, India",8808867664,bpawadh197216@bpclretail.in,26.895282,80.936161,"DIESEL, PETROL, SPEED","Automation, Pure_Sure, Air_Filling, TWO_FOUR_SEVEN",2026-09-02 16:15:18
0000197218,BP-DALIGANJ BHARAT PETROLEUM DEALERS,BP-DALIGANJ BHARAT PETROLEUM DEALERS,SITAPUR ROAD,DALIGANJ CROSSING,DALIGANJ,LUCKNOW,Uttar Pradesh,IN-25,226003,"SITAPUR ROAD, DALIGANJ CROSSING, DALIGANJ, LUCKNOW, 226003, India",8604747617,bpdalig197218@bpclretail.in,26.88137,80.931754,"DIESEL, PETROL, SPEED","Automation, Air_Filling",2026-09-02 16:15:18
0000123582,"LALTA PRASAD VAISH& SONS,SITAP BHARAT PETROLEUM DEALER","LALTA PRASAD VAISH& SONS,SITAP BHARAT PETROLEUM DEALER",SITAPUR ROADLUCKNOW,,DALIGANJ,LUCKNOW,Uttar Pradesh,IN-25,226003,"SITAPUR ROADLUCKNOW, , DALIGANJ, LUCKNOW, 226003, India",,lalta123582@bpclretail.in,26.88137,80.931754,,Air_Filling,2026-09-02 16:15:18
0000167874,MAAN FILLING STATION BHARAT PETROLEUM DEALERS,MAAN FILLING STATION BHARAT PETROLEUM DEALERS,"KHASRA NO. 86 (PART), NH-24",VILLAGE PURANIA,DALIGANJ,LUCKNOW,Uttar Pradesh,IN-25,226020,"KHASRA NO. 86 (PART), NH-24, VILLAGE PURANIA, DALIGANJ, LUCKNOW, 226020, India",,maan167874@bpclretail.in,26.895282,80.936161,,Air_Filling,2026-09-02 16:15:18
0000171289,STAR PETROLEUM BHARAT PETROLEUM DEALERS,STAR PETROLEUM BHARAT PETROLEUM DEALERS,PLOT/KHASRA NO. 277,VILLAGE CHHANDOIYA,DUBAGGA CROSSING,LUCKNOW,Uttar Pradesh,IN-25,226001,"PLOT/KHASRA NO. 277, VILLAGE CHHANDOIYA, DUBAGGA CROSSING, LUCKNOW, 226001, India",9415046111,star171289@bpclretail.in,26.87674,80.852616,"DIESEL, PETROL","Automation, Pure_Sure, Air_Filling, TWO_FOUR_SEVEN",2026-09-02 16:15:18
0000178606,INDRA FILLING STATION BHARAT PETROLEUM DEALERS,INDRA FILLING STATION BHARAT PETROLEUM DEALERS,GARHI CHUNAUTI,BANTHRA,GARHI CHUNAUTI,LUCKNOW,Uttar Pradesh,IN-25,226401,"GARHI CHUNAUTI, BANTHRA, GARHI CHUNAUTI, LUCKNOW, 226401, India",9793388224,indra178606@bpclretail.in,26.710587,80.789838,"DIESEL, PETROL, SPEED","Automation, Pure_Sure, Air_Filling, TWO_FOUR_SEVEN",2026-09-02 16:15:18
0000123607,SOBITA SERVICE STATION BPCL DEALER,SOBITA SERVICE STATION BPCL DEALER,"NEAR OLD CITY RLY STATION, GOLAGANJ",LUCKNOW,GOLAGANJ,LUCKNOW,Uttar Pradesh,IN-25,226003,"NEAR OLD CITY RLY STATION, GOLAGANJ, LUCKNOW, GOLAGANJ, LUCKNOW, 226003, India",8303238553,sobita123607@bpclretail.in,26.857984,80.919736,"DIESEL, PETROL","Automation, Pure_Sure, Air_Filling, TWO_FOUR_SEVEN",2026-09-02 16:15:18
0000123548,BRIJ AUTO CARE BHARAT PETROLEUM DEALERS,BRIJ AUTO CARE BHARAT PETROLEUM DEALERS,NEAR GOMTI BARRAGE GOMTI NAGAR,,GOMTI NAGAR,LUCKNOW,Uttar Pradesh,IN-25,226001,"NEAR GOMTI BARRAGE GOMTI NAGAR, , GOMTI NAGAR, LUCKNOW, 226001, India",,brij123548@bpclretail.in,26.856793,80.972907,,"Automation, Pure_Sure, Air_Filling, Parking, TWO_FOUR_SEVEN",2026-09-02 16:15:18
0000148218,MAJOR AMIY TRIPATHI FILLING ST BHARAT PETROLEUM DEALERS,MAJOR AMIY TRIPATHI FILLING ST BHARAT PETROLEUM DEALERS,"CP3 / 1 , VASTU KHAND",GOMTI NAGAR,GOMTI NAGAR,LUCKNOW,Uttar Pradesh,IN-25,226010,"CP3 / 1 , VASTU KHAND, GOMTI NAGAR, GOMTI NAGAR, LUCKNOW, 226010, India",8051496600,amiy148218@bpclretail.in,26.86555,81.024814,"DIESEL, PETROL, SPEED","In_Out, Automation, Air_Filling",2026-09-02 16:15:18
0000123552,AMETHI F STATION BHARAT PETROLEUM DEALERS,AMETHI F STATION BHARAT PETROLEUM DEALERS,KUDRAPOST AMETHI,KUDRAPOST AMETHI,GOSAIGANJ,LUCKNOW,Uttar Pradesh,IN-25,226501,"KUDRAPOST AMETHI, KUDRAPOST AMETHI, GOSAIGANJ, LUCKNOW, 226501, India",9935965644,amethif123552@bpclretail.in,26.756225,81.139205,"DIESEL, PETROL, SPEED","Automation, Pure_Sure, Air_Filling, Parking, TWO_FOUR_SEVEN",2026-09-02 16:15:18
0000143213,SANKALP FILLING STATION BHARAT PETROLEUM DEALERS,SANKALP FILLING STATION BHARAT PETROLEUM DEALERS,"KHASARA NO. 475 & 476,","VILLAGE SADAR PUR KARORA, GOSAIGANJ",GOSAIGANJ,LUCKNOW,Uttar Pradesh,IN-25,226501,"KHASARA NO. 475 & 476,, VILLAGE SADAR PUR KARORA, GOSAIGANJ, GOSAIGANJ, LUCKNOW, 226501, India",9919227000,sankalp143213@bpclretail.in,26.76434,81.124063,"DIESEL, PETROL, SPEED","Automation, Pure_Sure, Air_Filling, Parking, ATM, TWO_FOUR_SEVEN",2026-09-02 16:15:18
0000123611,TALWAR MOTORS PVT LTD BHARAT PETROLEUM DEALERS,TALWAR MOTORS PVT LTD BHARAT PETROLEUM DEALERS,9 ASHOK MARG,,HAZRATGANJ,LUCKNOW,Uttar Pradesh,IN-25,226001,"9 ASHOK MARG, , HAZRATGANJ, LUCKNOW, 226001, India",9839070366,talwar123611@bpclretail.in,26.848277,80.947357,"DIESEL, PETROL","Automation, Air_Filling",2026-09-02 16:15:18
0000123614,U. P. PETROL SERVICE STATION BHARAT PETROLEUM DEALERS,U. P. PETROL SERVICE STATION BHARAT PETROLEUM DEALERS,NEAR CAPITOL CINEMA,HAZRATGANJ,HAZRATGANJ,LUCKNOW,Uttar Pradesh,IN-25,226001,"NEAR CAPITOL CINEMA, HAZRATGANJ, HAZRATGANJ, LUCKNOW, 226001, India",9307297332,up123614@bpclretail.in,26.846159,80.945557,"DIESEL, PETROL, SPEED, SPEED 100 BS IV","Automation, Pure_Sure, Air_Filling, TWO_FOUR_SEVEN",2026-09-02 16:15:18
0000183459,BANSHIDHAR FUELS BHARAT PETROLEUM DEALERS,BANSHIDHAR FUELS BHARAT PETROLEUM DEALERS,VILLAGE CHANPUR KHANIPUR,NH-30,"ITAUNJA,LUCKNOW",LUCKNOW,Uttar Pradesh,IN-25,226203,"VILLAGE CHANPUR KHANIPUR, NH-30, ITAUNJA,LUCKNOW, LUCKNOW, 226203, India",8004952002,banshidh183459@bpclretail.in,27.06169,80.897504,"DIESEL, PETROL","Automation, Pure_Sure, Air_Filling, Parking, TWO_FOUR_SEVEN",2026-09-02 16:15:18
0000178607,SHIVAM FILLING CENTRE BHARAT PETROLEUM DEALERS,SHIVAM FILLING CENTRE BHARAT PETROLEUM DEALERS,JAITIKHERA,MOHANLALGANJ-BANI ROAD,JAITIKHERA,LUCKNOW,Uttar Pradesh,IN-25,226301,"JAITIKHERA, MOHANLALGANJ-BANI ROAD, JAITIKHERA, LUCKNOW, 226301, India",9415262052,shivam178607@bpclretail.in,26.665228,80.924483,"DIESEL, PETROL","Automation, Pure_Sure, Air_Filling, TWO_FOUR_SEVEN",2026-09-02 16:15:18
0000177405,SHRI HARI SARITA ENTERPRIISES BHARAT PETROLEUM DEALERS,SHRI HARI SARITA ENTERPRIISES BHARAT PETROLEUM DEALERS,VILLAGE - JUGGAUR,LUCKNOW,JUGGAUR,LUCKNOW,Uttar Pradesh,IN-25,226028,"VILLAGE - JUGGAUR, LUCKNOW, JUGGAUR, LUCKNOW, 226028, India",9839058119,hari177405@bpclretail.in,26.870292,81.08634,"DIESEL, PETROL","Automation, Pure_Sure, Air_Filling, TWO_FOUR_SEVEN",2026-09-02 16:15:18
0000172271,ARIHANT FUELS BHARAT PETROLEUM DEALERS,ARIHANT FUELS BHARAT PETROLEUM DEALERS,KHASRA NO. 648 KHA VILL. KANKAHA,RAR. NIGOHAN TEH. MOHANLLGANJ,KANKAHA,LUCKNOW,Uttar Pradesh,IN-25,226001,"KHASRA NO. 648 KHA VILL. KANKAHA, RAR. NIGOHAN TEH. MOHANLLGANJ, KANKAHA, LUCKNOW, 226001, India",8840586206,arihant172271@bpclretail.in,26.605372,81.01152,"DIESEL, PETROL","Automation, Pure_Sure, Air_Filling, Parking, TWO_FOUR_SEVEN",2026-09-02 16:15:18
0000158206,NRL KURSI ROAD ENERGY STATION NRL KURSI ROAD ENERGY STATION,NRL KURSI ROAD ENERGY STATION NRL KURSI ROAD ENERGY STATION,KURSI ROAD,,KURSI ROAD,LUCKNOW,Uttar Pradesh,IN-25,226022,"KURSI ROAD, , KURSI ROAD, LUCKNOW, 226022, India",9889197914,nrlkursi158206@bpclretail.in,26.912386,80.959784,"DIESEL, PETROL, SPEED, SPEED 100 BS IV","Automation, Pure_Sure, Air_Filling, TWO_FOUR_SEVEN",2026-09-02 16:15:18
0000177082,VINAYAK FILLING STATION BHARAT PETROLEUM DEALERS,VINAYAK FILLING STATION BHARAT PETROLEUM DEALERS,,,LATIFNAGAR,LUCKNOW,Uttar Pradesh,IN-25,227101,", , LATIFNAGAR, LUCKNOW, 227101, India",,vinayak177082@bpclretail.in,26.687955,80.767313,,Air_Filling,2026-09-02 16:15:18
0000223615,AASHIRWAD FILLING STATION BHARAT PETROLEUM DEALERS,AASHIRWAD FILLING STATION BHARAT PETROLEUM DEALERS,VILLAGE KATHWARA,LUCKNOW,LUCKNOW,LUCKNOW,Uttar Pradesh,IN-25,226202,"VILLAGE KATHWARA, LUCKNOW, LUCKNOW, LUCKNOW, 226202, India",9450019870,aashirwadfs223615@bpclretail.in,27.014025,80.855995,"DIESEL, PETROL","Pure_Sure, Air_Filling, TWO_FOUR_SEVEN",2026-09-02 16:15:18
0000238352,B K FILLING STATION BHARAT PETROLEUM DEALERS,B K FILLING STATION BHARAT PETROLEUM DEALERS,LUCKNOW RAE BAREILLY ROAD,LALPUR,LUCKNOW,LUCKNOW,Uttar Pradesh,IN-25,226302,"LUCKNOW RAE BAREILLY ROAD, LALPUR, LUCKNOW, LUCKNOW, 226302, India",9838682313,bk238352@bpclretail.in,26.5409,81.0517,"DIESEL, PETROL",Air_Filling,2026-09-02 16:15:18
0000193606,BABA SHIV FILLING STATION BHARAT PETROLEUM DEALERS,BABA SHIV FILLING STATION BHARAT PETROLEUM DEALERS,PLOT NO 102,HARAUNI,LUCKNOW,LUCKNOW,Uttar Pradesh,IN-25,226401,"PLOT NO 102, HARAUNI, LUCKNOW, LUCKNOW, 226401, India",9839083726,shilpichauhan1988@gmail.com,26.702256,80.75221813,"DIESEL, PETROL","Automation, Pure_Sure, Air_Filling, TWO_FOUR_SEVEN",2026-09-02 16:15:18
0000180189,BP LUCKNOW BHARAT PETROLEUM DEALERS,BP LUCKNOW BHARAT PETROLEUM DEALERS,RATANKHAND,SHARDA NAGAR YOJANA,LUCKNOW,LUCKNOW,Uttar Pradesh,IN-25,226012,"RATANKHAND, SHARDA NAGAR YOJANA, LUCKNOW, LUCKNOW, 226012, India",9161343589,bpluckn180189@bpclretail.in,26.7814955,80.9152434,"DIESEL, PETROL, SPEED","Automation, Air_Filling",2026-09-02 16:15:18
0000203230,BP VRINDAVAN BHARAT PETROLEUM DEALERS,BP VRINDAVAN BHARAT PETROLEUM DEALERS,SECTOR 6A,VRINDAVAN YOJNA,LUCKNOW,LUCKNOW,Uttar Pradesh,IN-25,226029,"SECTOR 6A, VRINDAVAN YOJNA, LUCKNOW, LUCKNOW, 226029, India",8299314566,bpvrind203230@bpclretail.in,26.775029,80.94818,"DIESEL, PETROL, SPEED","Automation, Pure_Sure, Air_Filling, TWO_FOUR_SEVEN",2026-09-02 16:15:18
0000220832,BRIJ AUTO FUELS BHARAT PETROLEUM DEALERS,BRIJ AUTO FUELS BHARAT PETROLEUM DEALERS,MEHMOODNAGAR,LUCKNOW,LUCKNOW,LUCKNOW,Uttar Pradesh,IN-25,226102,"MEHMOODNAGAR, LUCKNOW, LUCKNOW, LUCKNOW, 226102, India",7007915648,brijautof220832@bpclretail.in,26.906276,80.742476,"DIESEL, PETROL, SPEED","Automation, Pure_Sure, Air_Filling, TWO_FOUR_SEVEN",2026-09-02 16:15:18
0000213704,D & D FILLING STATION BHARAT PETROLEUM DEALERS,D & D FILLING STATION BHARAT PETROLEUM DEALERS,"GATA NO- 894, WARD- RAJA BIJLI","BIJNOR ROAD, SAROJINI NAGAR TEHSIL",LUCKNOW,LUCKNOW,Uttar Pradesh,IN-25,226016,"GATA NO- 894, WARD- RAJA BIJLI, BIJNOR ROAD, SAROJINI NAGAR TEHSIL, LUCKNOW, LUCKNOW, 226016, India",9454550602,ddfillin213704@bpclretail.in,26.756202,80.910885,"DIESEL, PETROL","Pure_Sure, Air_Filling, TWO_FOUR_SEVEN",2026-09-02 16:15:18
0000239016,DARSHAN ENERGY STATION BHARAT PETROLEUM DEALERS,DARSHAN ENERGY STATION BHARAT PETROLEUM DEALERS,BHADUA MOD,SALEMPUR,LUCKNOW,LUCKNOW,Uttar Pradesh,IN-25,226501,"BHADUA MOD, SALEMPUR, LUCKNOW, LUCKNOW, 226501, India",9005437987,darshan239016@bpclretail.in,26.71903,81.202454,"DIESEL, PETROL",Air_Filling,2026-09-02 16:15:18
0000218647,DESHPREMI FILLING STATION BHARAT PETROLEUM DEALERS,DESHPREMI FILLING STATION BHARAT PETROLEUM DEALERS,BORUMAU,ON SAIRPUR TO LUDHMAU ROAD,LUCKNOW,LUCKNOW,Uttar Pradesh,IN-25,226201,"BORUMAU, ON SAIRPUR TO LUDHMAU ROAD, LUCKNOW, LUCKNOW, 226201, India",9415427708,deshpremifs218647@bpclretail.in,26.96290016,80.8451004,"DIESEL, PETROL","Pure_Sure, Air_Filling, TWO_FOUR_SEVEN",2026-09-02 16:15:18
0000215803,DEVKINANDAN FUEL STATION BHARAT PETROLEUM DEALERS,DEVKINANDAN FUEL STATION BHARAT PETROLEUM DEALERS,512/546,LUCKNOW,LUCKNOW,LUCKNOW,Uttar Pradesh,IN-25,226021,"512/546, LUCKNOW, LUCKNOW, LUCKNOW, 226021, India",7905457301,devkinandanfs215803@bpclretail.in,26.925814,80.942413,"DIESEL, PETROL, SPEED","Pure_Sure, Air_Filling, TWO_FOUR_SEVEN",2026-09-02 16:15:18
0000214382,G.D.FILLING STATION BHARAT PETROLEUM DEALERS,G.D.FILLING STATION BHARAT PETROLEUM DEALERS,HANSKHEDA,PARA ROAD,LUCKNOW,LUCKNOW,Uttar Pradesh,IN-25,226022,"HANSKHEDA, PARA ROAD, LUCKNOW, LUCKNOW, 226022, India",9415962574,dheeraj0512olympia@gmail.com,26.82040024,80.86340332,"DIESEL, PETROL","Pure_Sure, Air_Filling, TWO_FOUR_SEVEN",2026-09-02 16:15:18
0000211872,GEETA FILLING STATION BHARAT PETROLEUM DEALERS,GEETA FILLING STATION BHARAT PETROLEUM DEALERS,VILLAGE BELI,MOGANLALGANJ- GOSAIGANJ ROAD,LUCKNOW,LUCKNOW,Uttar Pradesh,IN-25,226501,"VILLAGE BELI, MOGANLALGANJ- GOSAIGANJ ROAD, LUCKNOW, LUCKNOW, 226501, India",9559277117,geetafs211872@bpclretail.in,26.74080086,81.07189941,"DIESEL, PETROL","Automation, Pure_Sure, Air_Filling, TWO_FOUR_SEVEN",2026-09-02 16:15:18
0000218191,GULMOHOR FUEL STATION BHARAT PETROLEUM DEALERS,GULMOHOR FUEL STATION BHARAT PETROLEUM DEALERS,BUDDHESHWAR CHAURAHA,BHAPTAMAU,LUCKNOW,LUCKNOW,Uttar Pradesh,IN-25,226017,"BUDDHESHWAR CHAURAHA, BHAPTAMAU, LUCKNOW, LUCKNOW, 226017, India",7905208561,gulmoharfs218191@bpclretail.in,26.841214,80.853434,"DIESEL, PETROL, SPEED","Pure_Sure, Air_Filling, TWO_FOUR_SEVEN",2026-09-02 16:15:18
0000250390,KANAK PETROLEUM BHARAT PETROLEUM DEALERS,KANAK PETROLEUM BHARAT PETROLEUM DEALERS,VILLAGE MALL ON MALL-JEHTA ROAD,"JEHTA MALL ROAD,",LUCKNOW,LUCKNOW,Uttar Pradesh,IN-25,226004,"VILLAGE MALL ON MALL-JEHTA ROAD, JEHTA MALL ROAD,, LUCKNOW, LUCKNOW, 226004, India",7007799338,ptewari70@gmail.com,27.019222,80.74842,"DIESEL, PETROL","Pure_Sure, Air_Filling, TWO_FOUR_SEVEN",2026-09-02 16:15:18
0000246407,LUCKNOW ENERGY POINT BHARAT PETROLEUM DEALERS,LUCKNOW ENERGY POINT BHARAT PETROLEUM DEALERS,VILLAGE CHANDRAVAL,SISENDI ROAD,LUCKNOW,LUCKNOW,Uttar Pradesh,IN-25,226008,"VILLAGE CHANDRAVAL, SISENDI ROAD, LUCKNOW, LUCKNOW, 226008, India",8400402021,REKHAYADAV3344@GMAIL.COM,26.720245,80.889008,,Air_Filling,2026-09-02 16:15:18
0000268207,M H FUEL ENERGY BHARAT PETROLEUM DEALERS,M H FUEL ENERGY BHARAT PETROLEUM DEALERS,"22, IIM ROAD",VILLAGE ALLUNAGAR DIGURIA,LUCKNOW,LUCKNOW,Uttar Pradesh,IN-25,226013,"22, IIM ROAD, VILLAGE ALLUNAGAR DIGURIA, LUCKNOW, LUCKNOW, 226013, India",9415561378,mhfuelenergy@gmail.com,26.93051,80.933958,"DIESEL, PETROL",Air_Filling,2026-09-02 16:15:18
0000219516,MAHESHWARI FUELS STATION BHARAT PETROLEUM DEALERS,MAHESHWARI FUELS STATION BHARAT PETROLEUM DEALERS,VILLAGE DEVRAI KALA,LUCKNOW,LUCKNOW,LUCKNOW,Uttar Pradesh,IN-25,226201,"VILLAGE DEVRAI KALA, LUCKNOW, LUCKNOW, LUCKNOW, 226201, India",8423310000,maheswarifs219516@bpclretail.in,26.9945,80.90656,"DIESEL, PETROL","Pure_Sure, Air_Filling, TWO_FOUR_SEVEN",2026-09-02 16:15:18
0000228477,MALTI PRAKASH FUEL HUB BHARAT PETROLEUM DEALERS,MALTI PRAKASH FUEL HUB BHARAT PETROLEUM DEALERS,PLOT NO. 82/74C,GURU GOVIND SINGH MARG,LUCKNOW,LUCKNOW,Uttar Pradesh,IN-25,226018,"PLOT NO. 82/74C, GURU GOVIND SINGH MARG, LUCKNOW, LUCKNOW, 226018, India",9415102993,maltiprakash228477@bpclretail.in,26.838691,80.931147,"DIESEL, PETROL, SPEED","Automation, Pure_Sure, Air_Filling, TWO_FOUR_SEVEN",2026-09-02 16:15:18
0000225563,MANSAROVAR FILLING STATION BHARAT PETROLEUM DEALERS,MANSAROVAR FILLING STATION BHARAT PETROLEUM DEALERS,GOMTI NAGAR,LUCKNOW,LUCKNOW,LUCKNOW,Uttar Pradesh,IN-25,226008,"GOMTI NAGAR, LUCKNOW, LUCKNOW, LUCKNOW, 226008, India",8601805087,mansarovar225563@bpclretail.in,26.770362,80.901917,"DIESEL, PETROL, SPEED, SPEED 100 BS IV","Pure_Sure, Air_Filling, TWO_FOUR_SEVEN",2026-09-02 16:15:18
0000221410,P C AWASTHI BHARAT PETROLEUM DEALERS,P C AWASTHI BHARAT PETROLEUM DEALERS,MOHANLALGANJ MAURAWAN ROAD,VILLAGE MEENAPUR,LUCKNOW,LUCKNOW,Uttar Pradesh,IN-25,226301,"MOHANLALGANJ MAURAWAN ROAD, VILLAGE MEENAPUR, LUCKNOW, LUCKNOW, 226301, India",9935873737,pcawasthi221410@bpclretail.in,26.5958004,80.91459656,"DIESEL, PETROL","Pure_Sure, Air_Filling, TWO_FOUR_SEVEN",2026-09-02 16:15:18
0000218819,PALACIO FUELS BHARAT PETROLEUM DEALERS,PALACIO FUELS BHARAT PETROLEUM DEALERS,137KA MOHARI KALAN,MOHANLALGANJ,LUCKNOW,LUCKNOW,Uttar Pradesh,IN-25,226301,"137KA MOHARI KALAN, MOHANLALGANJ, LUCKNOW, LUCKNOW, 226301, India",9335913189,palaciofuels218819@bpclretail.in,26.728647,81.059277,"DIESEL, PETROL","Pure_Sure, Air_Filling, TWO_FOUR_SEVEN",2026-09-02 16:15:18
0000237706,PRAKASH FILLING STATION BHARAT PETROLEUM DEALERS,PRAKASH FILLING STATION BHARAT PETROLEUM DEALERS,VILLAGE BARWAN KALAN,ON IIM ROAD,LUCKNOW,LUCKNOW,Uttar Pradesh,IN-25,226021,"VILLAGE BARWAN KALAN, ON IIM ROAD, LUCKNOW, LUCKNOW, 226021, India",9936990001,Prakash237706@bpclretail.in,26.9010318,80.8704503,"DIESEL, PETROL","Pure_Sure, Air_Filling, TWO_FOUR_SEVEN",2026-09-02 16:15:18
0000229680,RADHA FILLING STATION BHARAT PETROLEUM DEALERS,RADHA FILLING STATION BHARAT PETROLEUM DEALERS,VILLAGE PAHARPUR,ON KUMRHAWAN-BABAGANJ ROAD,LUCKNOW,LUCKNOW,Uttar Pradesh,IN-25,226021,"VILLAGE PAHARPUR, ON KUMRHAWAN-BABAGANJ ROAD, LUCKNOW, LUCKNOW, 226021, India",9936584000,anuj9690396096@gmail.com,27.0413838,80.9377243,"DIESEL, PETROL","Pure_Sure, Air_Filling, TWO_FOUR_SEVEN",2026-09-02 16:15:18
0000225138,RAM KRISHNA FILLING STATION BHARAT PETROLEUM DEALERS,RAM KRISHNA FILLING STATION BHARAT PETROLEUM DEALERS,"BASHA, KURSI ROAD",LUCKNOW,LUCKNOW,LUCKNOW,Uttar Pradesh,IN-25,226026,"BASHA, KURSI ROAD, LUCKNOW, LUCKNOW, LUCKNOW, 226026, India",9415110732,ramkrishnafs225138@bpclretail.in,26.952452,80.99327,"DIESEL, PETROL, SPEED","Pure_Sure, Air_Filling, TWO_FOUR_SEVEN",2026-09-02 16:15:18
0000222457,SAANVI FILLING CENTRE BHARAT PETROLEUM DEALERS,SAANVI FILLING CENTRE BHARAT PETROLEUM DEALERS,AURANGABAD JAGIR,RAJA BIJLI PASI WARD,LUCKNOW,LUCKNOW,Uttar Pradesh,IN-25,226012,"AURANGABAD JAGIR, RAJA BIJLI PASI WARD, LUCKNOW, LUCKNOW, 226012, India",9935535108,saanvifs222457@bpclretail.in,26.768027,80.910397,"DIESEL, PETROL","Automation, Pure_Sure, Air_Filling, TWO_FOUR_SEVEN",2026-09-02 16:15:18
0000255796,SANGAM FILLING STATION BHARAT PETROLEUM DEALERS,SANGAM FILLING STATION BHARAT PETROLEUM DEALERS,VILLAGE BARWALIYA,BARWALIYA SISENDI ROAD,LUCKNOW,LUCKNOW,Uttar Pradesh,IN-25,229202,"VILLAGE BARWALIYA, BARWALIYA SISENDI ROAD, LUCKNOW, LUCKNOW, 229202, India",9026898474,shivani9026898474@gmail.com,26.579327,80.966292,"DIESEL, PETROL","Pure_Sure, Air_Filling, TWO_FOUR_SEVEN",2026-09-02 16:15:18
0000192767,SANTOSH FILLING STATION BHARAT PETROLEUM DEALERS,SANTOSH FILLING STATION BHARAT PETROLEUM DEALERS,VILLAGE MATI,TEHSIL SAROJINI NAGAR,LUCKNOW,LUCKNOW,Uttar Pradesh,IN-25,226002,"VILLAGE MATI, TEHSIL SAROJINI NAGAR, LUCKNOW, LUCKNOW, 226002, India",9198003888,durgesh.hlyitm@gmail.com,26.722861,80.903875,"DIESEL, PETROL","Automation, Pure_Sure, Air_Filling, TWO_FOUR_SEVEN",2026-09-02 16:15:18
0000218641,SAVITRI MISHRA FILLING STATION BHARAT PETROLEUM DEALERS,SAVITRI MISHRA FILLING STATION BHARAT PETROLEUM DEALERS,KHASRA NO- 78&88,"MADARPUR, LUCKNOW",LUCKNOW,LUCKNOW,Uttar Pradesh,IN-25,226003,"KHASRA NO- 78&88, MADARPUR, LUCKNOW, LUCKNOW, LUCKNOW, 226003, India",9919770777,savitrimishrafs218641@bpclretail.in,26.799956,80.74353,"DIESEL, PETROL","Pure_Sure, Air_Filling, TWO_FOUR_SEVEN",2026-09-02 16:15:18
0000244176,SHEES FILLING STATION BHARAT PETROLEUM DEALERS,SHEES FILLING STATION BHARAT PETROLEUM DEALERS,"VILLAGE MADIYAON,",JANKIPURAM,LUCKNOW,LUCKNOW,Uttar Pradesh,IN-25,226021,"VILLAGE MADIYAON,, JANKIPURAM, LUCKNOW, LUCKNOW, 226021, India",8787265136,Shees244176@bpclretail.in,26.937456,80.948425,"DIESEL, PETROL, SPEED","Pure_Sure, Air_Filling, TWO_FOUR_SEVEN",2026-09-02 16:15:18
0000210267,SHIVAAY FILLING STATION BHARAT PETROLEUM DEALERS,SHIVAAY FILLING STATION BHARAT PETROLEUM DEALERS,RAHIMNAGAR PADIYANA,RAHIMNAGAR PADIYANA,LUCKNOW,LUCKNOW,Uttar Pradesh,IN-25,226401,"RAHIMNAGAR PADIYANA, RAHIMNAGAR PADIYANA, LUCKNOW, LUCKNOW, 226401, India",9956955928,shivaay210267@bpclretail.in,26.671722,80.738418,"DIESEL, PETROL","Automation, Pure_Sure, Air_Filling, TWO_FOUR_SEVEN",2026-09-02 16:15:18
0000214995,SHIVAM FILLING STATION BHARAT PETROLEUM DEALERS,SHIVAM FILLING STATION BHARAT PETROLEUM DEALERS,"KHASRA NO-286, BIJNAUR","VILLAGE-BEHTAWA, SAROJINI NAGAR",LUCKNOW,LUCKNOW,Uttar Pradesh,IN-25,226008,"KHASRA NO-286, BIJNAUR, VILLAGE-BEHTAWA, SAROJINI NAGAR, LUCKNOW, LUCKNOW, 226008, India",9454131312,shivamfs214995@bpclretail.in,26.77599907,80.85019684,"DIESEL, PETROL","Pure_Sure, Air_Filling, TWO_FOUR_SEVEN",2026-09-02 16:15:18
0000237213,SHREE BALAJI FILLING STATION BHARAT PETROLEUM DEALERS,SHREE BALAJI FILLING STATION BHARAT PETROLEUM DEALERS,NEELMATHA,IBRAHIMPUR,LUCKNOW,LUCKNOW,Uttar Pradesh,IN-25,226002,"NEELMATHA, IBRAHIMPUR, LUCKNOW, LUCKNOW, 226002, India",8707404994,shribalaji237213@bpclretail.in,26.788009,80.972498,"DIESEL, PETROL, SPEED","Automation, Pure_Sure, Air_Filling, TWO_FOUR_SEVEN",2026-09-02 16:15:18
0000219514,SHREE VISHNU FILLING STATION BHARAT PETROLEUM DEALERS,SHREE VISHNU FILLING STATION BHARAT PETROLEUM DEALERS,VILLAGE NATKUR,LUCKNOW,LUCKNOW,LUCKNOW,Uttar Pradesh,IN-25,226008,"VILLAGE NATKUR, LUCKNOW, LUCKNOW, LUCKNOW, 226008, India",9415311405,shrivfs219514@bpclretail.in,26.737051,80.878945,"DIESEL, PETROL","Pure_Sure, Air_Filling, TWO_FOUR_SEVEN",2026-09-02 16:15:18
0000252536,SHRI RADHA KRISHNA FILLING STA BHARAT PETROLEUM DEALERS,SHRI RADHA KRISHNA FILLING STA BHARAT PETROLEUM DEALERS,VILLAGE DEVARIYA,TEHSIL MOHANLALGANJ,LUCKNOW,LUCKNOW,Uttar Pradesh,IN-25,274001,"VILLAGE DEVARIYA, TEHSIL MOHANLALGANJ, LUCKNOW, LUCKNOW, 274001, India",9415460079,grguptapcs@gmail.com,26.598033,80.952848,"DIESEL, PETROL","Pure_Sure, Air_Filling, TWO_FOUR_SEVEN",2026-09-02 16:15:18
0000216028,SHYAM FILLING STATION BHARAT PETROLEUM DEALERS,SHYAM FILLING STATION BHARAT PETROLEUM DEALERS,MARUI BAZAR BHAUDRI,MOHANLALGANJ,LUCKNOW,LUCKNOW,Uttar Pradesh,IN-25,226301,"MARUI BAZAR BHAUDRI, MOHANLALGANJ, LUCKNOW, LUCKNOW, 226301, India",9415054849,shyamfs216028@bpclretail.in,26.6495532,80.907348,"DIESEL, PETROL","Automation, Pure_Sure, Air_Filling, TWO_FOUR_SEVEN",2026-09-02 16:15:18
0000200684,SHYAMA GAURI FILLING STATION BHARAT PETROLEUM DEALERS,SHYAMA GAURI FILLING STATION BHARAT PETROLEUM DEALERS,MALL- DUBAGGA ROAD,VILLAGE MAURA,LUCKNOW,LUCKNOW,Uttar Pradesh,IN-25,226027,"MALL- DUBAGGA ROAD, VILLAGE MAURA, LUCKNOW, LUCKNOW, 226027, India",8052224000,shyamag200684@bpclretail.in,26.910833,80.85207,"DIESEL, PETROL","Automation, Pure_Sure, Air_Filling, TWO_FOUR_SEVEN",2026-09-02 16:15:18
0000229030,SR FILLING STATION BHARAT PETROLEUM DEALERS,SR FILLING STATION BHARAT PETROLEUM DEALERS,VILLAGE GUDAMBA,ON KURSI ROAD,LUCKNOW,LUCKNOW,Uttar Pradesh,IN-25,226026,"VILLAGE GUDAMBA, ON KURSI ROAD, LUCKNOW, LUCKNOW, 226026, India",7007374469,srfillingstation229030@bpclretail.in,26.931677,80.977531,"DIESEL, PETROL, SPEED","Pure_Sure, Air_Filling, TWO_FOUR_SEVEN",2026-09-02 16:15:18
0000222603,SYNERGY FUELS BHARAT PETROLEUM DEALERS,SYNERGY FUELS BHARAT PETROLEUM DEALERS,BALAGANJ,KANHAIYA MADHOPUR,LUCKNOW,LUCKNOW,Uttar Pradesh,IN-25,226003,"BALAGANJ, KANHAIYA MADHOPUR, LUCKNOW, LUCKNOW, 226003, India",9839022626,synergy222603@bpclretail.in,26.8725451,80.8757391,"DIESEL, PETROL, SPEED","Pure_Sure, Air_Filling, TWO_FOUR_SEVEN",2026-09-02 16:15:18
0000232749,UTKRISHT FILLING STATION BHARAT PETROLEUM DEALERS,UTKRISHT FILLING STATION BHARAT PETROLEUM DEALERS,PLOT NO 268,VILLAGE DHAWAPUR,LUCKNOW,LUCKNOW,Uttar Pradesh,IN-25,226401,"PLOT NO 268, VILLAGE DHAWAPUR, LUCKNOW, LUCKNOW, 226401, India",9454710051,utkrishtfillingstation@gmail.com,26.670708,80.849668,"DIESEL, PETROL","Pure_Sure, Air_Filling, TWO_FOUR_SEVEN",2026-09-02 16:15:18
0000265959,VANYA FILLING STATION BHARAT PETROLEUM DEALERS,VANYA FILLING STATION BHARAT PETROLEUM DEALERS,KHASRA NO. 21,PLOT NO. 2 15 16 17,LUCKNOW,LUCKNOW,Uttar Pradesh,IN-25,226013,"KHASRA NO. 21, PLOT NO. 2 15 16 17, LUCKNOW, LUCKNOW, 226013, India",9450431126,iammadhulikapal@gmail.com,26.908683,80.910724,"DIESEL, PETROL",Air_Filling,2026-09-02 16:15:18
0000123617,VIJAY AUTOMOBILES BHARAT PETROLEUM DEALERS,VIJAY AUTOMOBILES BHARAT PETROLEUM DEALERS,28ASHOK MARG,,LUCKNOW,LUCKNOW,Uttar Pradesh,IN-25,226001,"28ASHOK MARG, , LUCKNOW, LUCKNOW, 226001, India",,vijay123617@bpclretail.in,26.858935,80.953908,,"In_Out, Automation, Pure_Sure, Air_Filling, TWO_FOUR_SEVEN",2026-09-02 16:15:18
0000123555,ARORA AUTO CENTRE BHARAT PETROLEUM DEALERS,ARORA AUTO CENTRE BHARAT PETROLEUM DEALERS,OPP LEKH RAJ MARKETINDIRA NAGAR,LKO-FAIZABAD ROAD,MAHANAGAR,LUCKNOW,Uttar Pradesh,IN-25,226016,"OPP LEKH RAJ MARKETINDIRA NAGAR, LKO-FAIZABAD ROAD, MAHANAGAR, LUCKNOW, 226016, India",7054302121,arora123555@bpclretail.in,26.871625,80.977858,,"Automation, Parking, Air_Filling",2026-09-02 16:15:18
0000237838,MAYA FILLING STATION BHARAT PETROLEUM DEALERS,MAYA FILLING STATION BHARAT PETROLEUM DEALERS,VILLAGE GAGAN BARAULI,POST MALIHABAD,MALIHABAD,LUCKNOW,Uttar Pradesh,IN-25,226104,"VILLAGE GAGAN BARAULI, POST MALIHABAD, MALIHABAD, LUCKNOW, 226104, India",8299433808,maya237838@bpclretail.in,27.013695,80.735261,"DIESEL, PETROL","Pure_Sure, Air_Filling, TWO_FOUR_SEVEN",2026-09-02 16:15:18
0000123584,"LALTA PRASAD VAISH&SONS,MEDICA BHARAT PETROLEUM DEALERS","LALTA PRASAD VAISH&SONS,MEDICA BHARAT PETROLEUM DEALERS",MEDICAL COLLEGE CROSSING,LUCKNOW,"MEDICAL COLLEGE,",LUCKNOW,Uttar Pradesh,IN-25,226003,"MEDICAL COLLEGE CROSSING, LUCKNOW, MEDICAL COLLEGE,, LUCKNOW, 226003, India",,lalta123584@bpclretail.in,26.881797,80.931827,,"Automation, Pure_Sure, Air_Filling, TWO_FOUR_SEVEN",2026-09-02 16:15:18
0000174075,BALAJI FUELS BHARAT PETROLEUM DEALERS,BALAJI FUELS BHARAT PETROLEUM DEALERS,VILLAGE SAROSA BHAROSA,MOHAN ROAD,MOHAN ROAD,LUCKNOW,Uttar Pradesh,IN-25,226004,"VILLAGE SAROSA BHAROSA, MOHAN ROAD, MOHAN ROAD, LUCKNOW, 226004, India",9919991664,balaji174075@bpclretail.in,26.832826,80.822483,"DIESEL, PETROL, SPEED","Automation, Pure_Sure, Air_Filling, TWO_FOUR_SEVEN",2026-09-02 16:15:18
0000144701,SHASHI FILLING STATION BHARAT PETROLEUM DEALERS,SHASHI FILLING STATION BHARAT PETROLEUM DEALERS,RAI BAREILLY ROAD,,MOHANLALGANJ,LUCKNOW,Uttar Pradesh,IN-25,226001,"RAI BAREILLY ROAD, , MOHANLALGANJ, LUCKNOW, 226001, India",9415795511,shashi144701@bpclretail.in,26.684152,80.981941,"DIESEL, PETROL, SPEED","Automation, Pure_Sure, Air_Filling, Parking, ATM, TWO_FOUR_SEVEN",2026-09-02 16:15:18
0000145949,RAJ GANGA AUTOMOBILES BHARAT PETROLEUM DEALERS,RAJ GANGA AUTOMOBILES BHARAT PETROLEUM DEALERS,AISHBAGH ROAD,NAKA HINDOLA,"NAKAHINDOLA,STATION ROAD",LUCKNOW,Uttar Pradesh,IN-25,226001,"AISHBAGH ROAD, NAKA HINDOLA, NAKAHINDOLA,STATION ROAD, LUCKNOW, 226001, India",9935375383,raj145949@bpclretail.in,26.838441,80.918309,"DIESEL, PETROL, SPEED","Automation, Pure_Sure, Air_Filling, TWO_FOUR_SEVEN",2026-09-02 16:15:18
0000174532,DEV FUELS BHARAT PETROLEUM DEALERS,DEV FUELS BHARAT PETROLEUM DEALERS,VILLAGE NEWA,,NEWA,LUCKNOW,Uttar Pradesh,IN-25,226301,"VILLAGE NEWA, , NEWA, LUCKNOW, 226301, India",9451993000,dev174532@bpclretail.in,26.667574,80.874008,"DIESEL, PETROL","Automation, Pure_Sure, Air_Filling, Parking, TWO_FOUR_SEVEN",2026-09-02 16:15:18
0000123647,RAM KUMAR AGGARWAL &SONS BHARAT PETROLEUM DEALERS,RAM KUMAR AGGARWAL &SONS BHARAT PETROLEUM DEALERS,PARA,PARA,PARA,LUCKNOW,Uttar Pradesh,IN-25,226003,"PARA, PARA, PARA, LUCKNOW, 226003, India",9792516709,ramkumar123647@bpclretail.in,26.830403,80.86094,DIESEL,"Automation, Pure_Sure, Air_Filling, TWO_FOUR_SEVEN",2026-09-02 16:15:18
0000123545,RAMKUMAR AGGARWAL & SONS BHARAT PETROLEUM DEALERS,RAMKUMAR AGGARWAL & SONS BHARAT PETROLEUM DEALERS,KAISERBAGH LUCKNOW,,QAISERBAGH,LUCKNOW,Uttar Pradesh,IN-25,226001,"KAISERBAGH LUCKNOW, , QAISERBAGH, LUCKNOW, 226001, India",9415087872,ramkumar123545@bpclretail.in,26.849787,80.932178,"DIESEL, PETROL, SPEED, SPEED 100 BS IV","Automation, Pure_Sure, Air_Filling, Parking, ATM, TWO_FOUR_SEVEN",2026-09-02 16:15:18
0000268206,VERMA RP FILLING STATION BHARAT PETROLEUM DEALERS,VERMA RP FILLING STATION BHARAT PETROLEUM DEALERS,"GATA NO. 3259, VILLAGE SAMESI",MOHANLALGANJ,SAMESI,LUCKNOW,Uttar Pradesh,IN-25,226303,"GATA NO. 3259, VILLAGE SAMESI, MOHANLALGANJ, SAMESI, LUCKNOW, 226303, India",9839539445,triptiverma229@gmail.com,26.607104,81.099032,"DIESEL, PETROL",Air_Filling,2026-09-02 16:15:18
0000237182,B K FILLING STATION BHARAT PETROLEUM DEALERS,B K FILLING STATION BHARAT PETROLEUM DEALERS,MAUNDA,MAUNDA,SAROJINI NAGAR,LUCKNOW,Uttar Pradesh,IN-25,226008,"MAUNDA, MAUNDA, SAROJINI NAGAR, LUCKNOW, 226008, India",8318705350,bkfilling237182@bpclretail.in,26.79400063,80.82630157,"DIESEL, PETROL","Automation, Pure_Sure, Air_Filling, TWO_FOUR_SEVEN",2026-09-02 16:15:18
0000140444,R K AWASTHI BHARAT PETROLEUM DEALERS,R K AWASTHI BHARAT PETROLEUM DEALERS,"PLOT NO. PP1, BLOCK B,","SOUTH CITY COLONY, RAI BAREILLY RD",SOUTH CITY,LUCKNOW,Uttar Pradesh,IN-25,226001,"PLOT NO. PP1, BLOCK B,, SOUTH CITY COLONY, RAI BAREILLY RD, SOUTH CITY, LUCKNOW, 226001, India",9935091150,rkawasthi140444@bpclretail.in,26.772102,80.944068,"DIESEL, PETROL, SPEED","In_Out, Automation, Air_Filling, ATM",2026-09-02 16:15:18
0000203796,BP CHOWK BHARAT PETROLEUM DEALERS,BP CHOWK BHARAT PETROLEUM DEALERS,HARDOI ROAD,THAKURGANJ,THAKURGANJ,LUCKNOW,Uttar Pradesh,IN-25,226003,"HARDOI ROAD, THAKURGANJ, THAKURGANJ, LUCKNOW, 226003, India",7607195314,bpchowk203796@bpclretail.in,26.870184,80.904336,"DIESEL, PETROL, SPEED","Automation, Pure_Sure, Air_Filling, TWO_FOUR_SEVEN",2026-09-02 16:15:18
0000123585,LUCKNOW  FILLING STATION BHARAT PETROLEUM DEALERS,LUCKNOW  FILLING STATION BHARAT PETROLEUM DEALERS,THAKURGANJHARDOI ROAD,,THAKURGANJ,LUCKNOW,Uttar Pradesh,IN-25,226003,"THAKURGANJHARDOI ROAD, , THAKURGANJ, LUCKNOW, 226003, India",,lucknow123585@bpclretail.in,26.870184,80.904336,,Air_Filling,2026-09-02 16:15:18
0000145546,PPS DISTRIBUTORS BHARAT PETROLEUM DEALERS,PPS DISTRIBUTORS BHARAT PETROLEUM DEALERS,OPPOSITE STATE BANK OF INDIA,AISHBAGH MILL ROAD,VIKAS NAGAR,LUCKNOW,Uttar Pradesh,IN-25,226004,"OPPOSITE STATE BANK OF INDIA, AISHBAGH MILL ROAD, VIKAS NAGAR, LUCKNOW, 226004, India",9415004747,pps145546@bpclretail.in,26.838041,80.897586,"DIESEL, PETROL","Automation, Pure_Sure, Air_Filling, TWO_FOUR_SEVEN",2026-09-02 16:15:18
0000174690,RAINBOW FILLING STATION -ADHOC BHARAT PETROLEUM DEALERS,RAINBOW FILLING STATION -ADHOC BHARAT PETROLEUM DEALERS,NH 24,SITAPUR ROAD,LUCKNOW,LUCKNOW UTTAR PRADES,Uttar Pradesh,IN-25,226001,"NH 24, SITAPUR ROAD, LUCKNOW, LUCKNOW UTTAR PRADES, 226001, India",,rainbow174690@bpclretail.in,27.031004,80.908942,,Air_Filling,2026-09-02 16:15:18
0000176845,SHRI GIRIRAJ FILLING STATION A BHARAT PETROLEUM DEALERS,SHRI GIRIRAJ FILLING STATION A BHARAT PETROLEUM DEALERS,MATHURA-SADABAD ROAD,BISAWAR,BISAWAR,"MAHAMAYA NAGAR, U.P.",Uttar Pradesh,IN-25,281306,"MATHURA-SADABAD ROAD, BISAWAR, BISAWAR, MAHAMAYA NAGAR, U.P., 281306, India",0000000000,giriraj176845@bpclretail.in,27.402785,77.924652,,Air_Filling,2026-09-02 16:15:17
0000258655,SHREE RAM JI FILLING POINT BHARAT PETROLEUM DEALERS,SHREE RAM JI FILLING POINT BHARAT PETROLEUM DEALERS,KHASRA NO 2027,ON SH142,CHITTAR SINGH NAGLA,MATHURA,Uttar Pradesh,IN-25,281122,"KHASRA NO 2027, ON SH142, CHITTAR SINGH NAGLA, MATHURA, 281122, India",8126323100,cc258655@bpclretail.in,27.26978,77.677858,"DIESEL, PETROL","Pure_Sure, Air_Filling, TWO_FOUR_SEVEN",2026-09-02 16:15:17
0000262544,PT. NINUARAM SHIKSHA SAMITI BHARAT PETROLEUM DEALERS,PT. NINUARAM SHIKSHA SAMITI BHARAT PETROLEUM DEALERS,KHASRA NO 624,VILLAGE DAULATPUR,DAULATPUR,MATHURA,Uttar Pradesh,IN-25,281301,"KHASRA NO 624, VILLAGE DAULATPUR, DAULATPUR, MATHURA, 281301, India",9997650152,ptaksharma2025@gmail.com,27.31015278,77.7496389,"DIESEL, PETROL","Pure_Sure, Air_Filling, TWO_FOUR_SEVEN",2026-09-02 16:15:17
0000118778,AUTO AID BHARAT PETROLEUM DEALERS,AUTO AID BHARAT PETROLEUM DEALERS,CHHATIKARA,MATHURA,MATHURA,MATHURA,Uttar Pradesh,IN-25,281001,"CHHATIKARA, MATHURA, MATHURA, MATHURA, 281001, India",9808066366,autoaid118778@bpclretail.in,27.53164,77.657847,"DIESEL, PETROL, SPEED","Automation, Pure_Sure, Air_Filling, ATM, TWO_FOUR_SEVEN",2026-09-02 16:15:17
0000143672,BHAGWATI FUELS BHARAT PETROLEUM DEALERS,BHAGWATI FUELS BHARAT PETROLEUM DEALERS,OPP. M/S JAMUNAPAR FLG. STN.,"LOHAVAN, MATHURA-RAYA ROAD (SH-33)",MATHURA,MATHURA,Uttar Pradesh,IN-25,281204,"OPP. M/S JAMUNAPAR FLG. STN., LOHAVAN, MATHURA-RAYA ROAD (SH-33), MATHURA, MATHURA, 281204, India",9837449181,bhagwati143672@bpclretail.in,27.519588,77.725765,"DIESEL, PETROL","Automation, Pure_Sure, Air_Filling, TWO_FOUR_SEVEN",2026-09-02 16:15:17
0000204383,BP GOKUL BARRAGE BHARAT PETROLEUM DEALERS,BP GOKUL BARRAGE BHARAT PETROLEUM DEALERS,"AURANGABAD, GOKUL BARRAGE ROAD",,MATHURA,MATHURA,Uttar Pradesh,IN-25,281006,"AURANGABAD, GOKUL BARRAGE ROAD, , MATHURA, MATHURA, 281006, India",,vishalkumar001@bharatpetroleum.in,27.434739,77.702456,,Air_Filling,2026-09-02 16:15:17
0000118784,BP-MATHURA BHARAT PETROLEUM CORPORATION L,BP-MATHURA BHARAT PETROLEUM CORPORATION L,OPP. MATHURA REFINERY,MATHURA,MATHURA,MATHURA,Uttar Pradesh,IN-25,281005,"OPP. MATHURA REFINERY, MATHURA, MATHURA, MATHURA, 281005, India",7743883522,bp118784@bpclretail.in,27.3790209,77.692114,"DIESEL, PETROL, SPEED, SPEED 100 BS IV","Automation, Pure_Sure, Air_Filling, Parking, ATM, TWO_FOUR_SEVEN",2026-09-02 16:15:17
0000245456,BRIJ FUELS BHARAT PETROLEUM DEALERS,BRIJ FUELS BHARAT PETROLEUM DEALERS,KHASRA NO. 2498 MI VILLAGE BAAD,NH19 DELHI AGRA ROAD,MATHURA,MATHURA,Uttar Pradesh,IN-25,281005,"KHASRA NO. 2498 MI VILLAGE BAAD, NH19 DELHI AGRA ROAD, MATHURA, MATHURA, 281005, India",9319119600,Brij245456@bpclretail.in,27.4028928,77.6938752,"DIESEL, PETROL","Pure_Sure, Air_Filling, TWO_FOUR_SEVEN",2026-09-02 16:15:17
0000118787,CHATURVEDI AUTOMOBILES BHARAT PETROLEUM DEALERS,CHATURVEDI AUTOMOBILES BHARAT PETROLEUM DEALERS,JAI GURDEV BYPASS ROAD,MATHURA,MATHURA,MATHURA,Uttar Pradesh,IN-25,281001,"JAI GURDEV BYPASS ROAD, MATHURA, MATHURA, MATHURA, 281001, India",7906978161,chaturvedi118787@bpclretail.in,27.468334,77.660177,"DIESEL, PETROL, SPEED","In_Out, Automation, Pure_Sure, Air_Filling, Parking, ATM, TWO_FOUR_SEVEN",2026-09-02 16:15:17
0000118794,DWARAKA DASS JAGNNATH DAS BHARAT PETROLEUM DEALERS,DWARAKA DASS JAGNNATH DAS BHARAT PETROLEUM DEALERS,BHUTESWAR,MATHURA,MATHURA,MATHURA,Uttar Pradesh,IN-25,281001,"BHUTESWAR, MATHURA, MATHURA, MATHURA, 281001, India",9837223998,dwarakadass118794@bpclretail.in,27.498875,77.66937,"DIESEL, PETROL, SPEED","Automation, Pure_Sure, Air_Filling, Parking, ATM, TWO_FOUR_SEVEN",2026-09-02 16:15:17
0000211088,GOKUL BARRAGE FILLING STATION BHARAT PETROLEUM DEALERS,GOKUL BARRAGE FILLING STATION BHARAT PETROLEUM DEALERS,"AURANGABAD, GOKUL BARRAGE","AURANGABAD, GOKUL BARRAGE",MATHURA,MATHURA,Uttar Pradesh,IN-25,281006,"AURANGABAD, GOKUL BARRAGE, AURANGABAD, GOKUL BARRAGE, MATHURA, MATHURA, 281006, India",8279625199,gokulbar211088@bpclretail.in,27.434739,77.702456,"DIESEL, PETROL, SPEED","Automation, Pure_Sure, Air_Filling, TWO_FOUR_SEVEN",2026-09-02 16:15:17
0000256232,JAYA FILLING STATION BHARAT PETROLEUM DEALERS,JAYA FILLING STATION BHARAT PETROLEUM DEALERS,KHASRA NO. 106,MATHURA BHARATPUR ROAD,MATHURA,MATHURA,Uttar Pradesh,IN-25,282001,"KHASRA NO. 106, MATHURA BHARATPUR ROAD, MATHURA, MATHURA, 282001, India",7738098766,cc256232@bpclretail.in,27.436294,77.650018,"DIESEL, PETROL","Pure_Sure, Air_Filling, TWO_FOUR_SEVEN",2026-09-02 16:15:17
0000118846,RATAN CHAND & SONS BHARAT PETROLEUM DEALERS,RATAN CHAND & SONS BHARAT PETROLEUM DEALERS,PUNJABI PETCH,MATHURA,MATHURA,MATHURA,Uttar Pradesh,IN-25,281001,"PUNJABI PETCH, MATHURA, MATHURA, MATHURA, 281001, India",9760465545,ratanchand118846@bpclretail.in,27.494319,77.676647,"DIESEL, PETROL, SPEED","Automation, Air_Filling",2026-09-02 16:15:17
0000188380,SHRI BADAM SINGH FILLING STATI BHARAT PETROLEUM DEALERS,SHRI BADAM SINGH FILLING STATI BHARAT PETROLEUM DEALERS,,,MATHURA,MATHURA,Uttar Pradesh,IN-25,281301,", , MATHURA, MATHURA, 281301, India",9719090767,shribad188380@bpclretail.in,27.415801,77.819709,"DIESEL, PETROL, SPEED","Automation, Pure_Sure, Air_Filling, TWO_FOUR_SEVEN",2026-09-02 16:15:17
0000139445,SRINATHJI PETRO TRADERS BHARAT PETROLEUM DEALERS,SRINATHJI PETRO TRADERS BHARAT PETROLEUM DEALERS,"GOKUL BARRAGE ROAD,",,MATHURA,MATHURA,Uttar Pradesh,IN-25,281006,"GOKUL BARRAGE ROAD,, , MATHURA, MATHURA, 281006, India",9412727284,srinathji139445@bpclretail.in,27.434739,77.702456,,Air_Filling,2026-09-02 16:15:17
0000118871,VIJAY FILLING STATION BHARAT PETROLEUM DEALERS,VIJAY FILLING STATION BHARAT PETROLEUM DEALERS,"10, CIVIL LINES",MATHURA,MATHURA,MATHURA,Uttar Pradesh,IN-25,281001,"10, CIVIL LINES, MATHURA, MATHURA, MATHURA, 281001, India",9412280194,vijay118871@bpclretail.in,27.475829,77.693543,"DIESEL, PETROL, SPEED","Automation, Pure_Sure, Air_Filling, TWO_FOUR_SEVEN",2026-09-02 16:15:17
0000211262,SHRI BANKEY BIHARI FUEL POINT BHARAT PETROLEUM DEALERS,SHRI BANKEY BIHARI FUEL POINT BHARAT PETROLEUM DEALERS,"VIL. ANORA, TEH. MAHAVAN,","RAYA-SADABAD ROAD, DIST. MATHURA",NEAR RAYA,MATHURA,Uttar Pradesh,IN-25,281308,"VIL. ANORA, TEH. MAHAVAN,, RAYA-SADABAD ROAD, DIST. MATHURA, NEAR RAYA, MATHURA, 281308, India",9449046068,shribank211262@bpclretail.in,27.506229,77.880229,"DIESEL, PETROL","Automation, Pure_Sure, Air_Filling, TWO_FOUR_SEVEN",2026-09-02 16:15:17
0000261777,OM SHRI HARI FILLING STATION BHARAT PETROLEUM DEALERS,OM SHRI HARI FILLING STATION BHARAT PETROLEUM DEALERS,KHASRA NO 2137,"VILLAGE OL, TEHSIL SADAR",OL,MATHURA,Uttar Pradesh,IN-25,281122,"KHASRA NO 2137, VILLAGE OL, TEHSIL SADAR, OL, MATHURA, 281122, India",9837625793,hariomagrawal4250@gmail.com,27.28047,77.616097,"DIESEL, PETROL","Pure_Sure, Air_Filling, TWO_FOUR_SEVEN",2026-09-02 16:15:17
0000214157,J. P. FILLING STATION BHARAT PETROLEUM DEALERS,J. P. FILLING STATION BHARAT PETROLEUM DEALERS,"KHASRA NO. 149, VILLAGE-RAUSINGA,",RAYA-SADABAD RD. DIST. MATHURA,RAUSINGA  RAYA,MATHURA,Uttar Pradesh,IN-25,281204,"KHASRA NO. 149, VILLAGE-RAUSINGA,, RAYA-SADABAD RD. DIST. MATHURA, RAUSINGA  RAYA, MATHURA, 281204, India",9412279875,j.p.fil214157@bpclretail.in,27.532592,77.831596,"DIESEL, PETROL","Automation, Pure_Sure, Air_Filling, TWO_FOUR_SEVEN",2026-09-02 16:15:17
0000238235,SITARAM FILLING STATION BHARAT PETROLEUM DEALERS,SITARAM FILLING STATION BHARAT PETROLEUM DEALERS,VILLAGE SALEMPUR ON SONKH ROAD,MATHURA,SALEMPUR,MATHURA,Uttar Pradesh,IN-25,281004,"VILLAGE SALEMPUR ON SONKH ROAD, MATHURA, SALEMPUR, MATHURA, 281004, India",7017100712,Sitaram238235@bpclretail.in,27.471484,77.632938,"DIESEL, PETROL, SPEED","Pure_Sure, Air_Filling, TWO_FOUR_SEVEN",2026-09-02 16:15:17
0000268199,OM FUEL POINT BHARAT PETROLEUM DEALERS,OM FUEL POINT BHARAT PETROLEUM DEALERS,VILL- DHANA JIVNA,FARAH,SHAHJADPUR GUJAR,MATHURA,Uttar Pradesh,IN-25,281122,"VILL- DHANA JIVNA, FARAH, SHAHJADPUR GUJAR, MATHURA, 281122, India",9720321629,kavdhesh066@gmail.com,27.280829,77.66733,"DIESEL, PETROL",Air_Filling,2026-09-02 16:15:17
0000221696,BR FUEL SERVICES BHARAT PETROLEUM DEALERS,BR FUEL SERVICES BHARAT PETROLEUM DEALERS,VILLAGE IKLA,VILLAGE IKLA,MEERUT,MEERUT,Uttar Pradesh,IN-25,250205,"VILLAGE IKLA, VILLAGE IKLA, MEERUT, MEERUT, 250205, India",9927767667,brfuels221696@bpclretail.in,28.891278,77.6083861,"DIESEL, PETROL","Pure_Sure, Air_Filling, TWO_FOUR_SEVEN",2026-09-02 16:15:14
0000253874,MATA VAISHNO DEVI FILLING STAT BHARAT PETROLEUM DEALERS,MATA VAISHNO DEVI FILLING STAT BHARAT PETROLEUM DEALERS,"VILLAGE KAILI, MEERUT","VILLAGE KAILI, MEERUT",MEERUT,MEERUT,Uttar Pradesh,IN-25,245206,"VILLAGE KAILI, MEERUT, VILLAGE KAILI, MEERUT, MEERUT, MEERUT, 245206, India",9927188503,varungarg4490@gmail.com,28.785721,77.760498,"DIESEL, PETROL","Automation, Pure_Sure, Air_Filling, TWO_FOUR_SEVEN",2026-09-02 16:15:15
0000176853,N C R FUEL BHARAT PETROLEUM DEALERS,N C R FUEL BHARAT PETROLEUM DEALERS,VILLAGE KITHOLI,BAGHPAT ROAD,MEERUT,MEERUT,Uttar Pradesh,IN-25,250002,"VILLAGE KITHOLI, BAGHPAT ROAD, MEERUT, MEERUT, 250002, India",7060572664,ncr176853@bpclretail.in,28.965503,77.591184,"DIESEL, PETROL, SPEED","Automation, Pure_Sure, Air_Filling, Parking, TWO_FOUR_SEVEN",2026-09-02 16:15:14
0000199943,NAMBARDAR OIL COMPANY BHARAT PETROLEUM DEALERS,NAMBARDAR OIL COMPANY BHARAT PETROLEUM DEALERS,VILLAGE BIJOLI,"NH334, HAPUR ROAD",MEERUT,MEERUT,Uttar Pradesh,IN-25,245206,"VILLAGE BIJOLI, NH334, HAPUR ROAD, MEERUT, MEERUT, 245206, India",9258001786,nambarda199943@bpclretail.in,28.861729,77.741858,,"Automation, Pure_Sure, Air_Filling, TWO_FOUR_SEVEN",2026-09-02 16:15:15
0000237171,OM DHARAM BEST FUEL POINT BHARAT PETROLEUM DEALERS,OM DHARAM BEST FUEL POINT BHARAT PETROLEUM DEALERS,VILLAGE BHAVI,VILLAGE BHAVI,MEERUT,MEERUT,Uttar Pradesh,IN-25,250002,"VILLAGE BHAVI, VILLAGE BHAVI, MEERUT, MEERUT, 250002, India",9719054042,CC237171@bpclretail.in,28.9071515,77.4950352,"DIESEL, PETROL","Automation, Pure_Sure, Air_Filling, TWO_FOUR_SEVEN",2026-09-02 16:15:14
0000256786,SHRI KRISHNA FUELS BHARAT PETROLEUM DEALERS,SHRI KRISHNA FUELS BHARAT PETROLEUM DEALERS,KHASRA NO.437,DHILAURA,MEERUT,MEERUT,Uttar Pradesh,IN-25,250625,"KHASRA NO.437, DHILAURA, MEERUT, MEERUT, 250625, India",9368801800,shrikrishnafuels21@gmail.com,28.960926,77.486275,"DIESEL, PETROL","Automation, Pure_Sure, Air_Filling, TWO_FOUR_SEVEN",2026-09-02 16:15:14
0000142588,DINESH AUTO FUELS BHARAT PETROLEUM DEALERS,DINESH AUTO FUELS BHARAT PETROLEUM DEALERS,ADALHAT,BARADIH,ADALHAT,MIRZAPUR,Uttar Pradesh,IN-25,231302,"ADALHAT, BARADIH, ADALHAT, MIRZAPUR, 231302, India",9453006078,dinesh142588@bpclretail.in,25.157139,83.035696,"DIESEL, PETROL, SPEED","Automation, Pure_Sure, Air_Filling, TWO_FOUR_SEVEN",2026-09-02 16:15:18
0000255200,RADHEYSHYAM FILING STATION BHARAT PETROLEUM DEALERS,RADHEYSHYAM FILING STATION BHARAT PETROLEUM DEALERS,VILL HARDA SAHEJNAI MIRZAPUR,JAMALPUR MIRZAPUR,ADALHAT,MIRZAPUR,Uttar Pradesh,IN-25,231302,"VILL HARDA SAHEJNAI MIRZAPUR, JAMALPUR MIRZAPUR, ADALHAT, MIRZAPUR, 231302, India",9936506865,KESHARIMONU.1987@GMAIL.COM,25.15897,83.079638,"DIESEL, PETROL","Pure_Sure, Air_Filling, TWO_FOUR_SEVEN",2026-09-02 16:15:18
0000241678,SHREE MISHRA OIL & ENERGIES BHARAT PETROLEUM DEALERS,SHREE MISHRA OIL & ENERGIES BHARAT PETROLEUM DEALERS,VILL SONPUR TEH CHUNAR,MIRZAPUR ON AHRAURA JAMUI MARG,AHRAURA,MIRZAPUR,Uttar Pradesh,IN-25,231304,"VILL SONPUR TEH CHUNAR, MIRZAPUR ON AHRAURA JAMUI MARG, AHRAURA, MIRZAPUR, 231304, India",9452792432,shreemishraoilenergies@gmail.com,25.047787,82.997779,"DIESEL, PETROL","Automation, Pure_Sure, Air_Filling, TWO_FOUR_SEVEN",2026-09-02 16:15:18
0000156113,JAI BAJRANG ROADLINES BHARAT PETROLEUM DEALERS,JAI BAJRANG ROADLINES BHARAT PETROLEUM DEALERS,VILLAGE - KAURIAKALAN,"NEAR AHROURA, SH-5A",AHROURA,MIRZAPUR,Uttar Pradesh,IN-25,231301,"VILLAGE - KAURIAKALAN, NEAR AHROURA, SH-5A, AHROURA, MIRZAPUR, 231301, India",,jaibajrang156113@bpclretail.in,25.08462,83.03401,,"Automation, Air_Filling",2026-09-02 16:15:18
0000244775,KATKA FILLING STATION BHARAT PETROLEUM DEALERS,KATKA FILLING STATION BHARAT PETROLEUM DEALERS,"VILL KATKA,NH19",NEAR KATKA STATION,AURAI,MIRZAPUR,Uttar Pradesh,IN-25,221301,"VILL KATKA,NH19, NEAR KATKA STATION, AURAI, MIRZAPUR, 221301, India",8637039272,HARISH3.4.90@GMAIL.COM,25.258931,82.657658,"DIESEL, PETROL","Automation, Pure_Sure, Air_Filling, TWO_FOUR_SEVEN",2026-09-02 16:15:18
0000231830,JANVI FILING CENTER BHARAT PETROLEUM DEALERS,JANVI FILING CENTER BHARAT PETROLEUM DEALERS,VILLAGE CHAUKIA,JAMUI AHARAURA ROAD,CHAUKIA,MIRZAPUR,Uttar Pradesh,IN-25,231303,"VILLAGE CHAUKIA, JAMUI AHARAURA ROAD, CHAUKIA, MIRZAPUR, 231303, India",9455169808,Janvifillingcenter@gmail.com,25.085271,82.945065,"DIESEL, PETROL","Pure_Sure, Air_Filling, TWO_FOUR_SEVEN",2026-09-02 16:15:18
0000217853,AMIT FILLING STATTION BHARAT PETROLEUM DEALERS,AMIT FILLING STATTION BHARAT PETROLEUM DEALERS,"SH-5A, VILLAGE - SIKIA, TEHSIL - CH","NARAYANPUR, MIRZAPUR, MIRZAPUR, UTT",CHUNAR,MIRZAPUR,Uttar Pradesh,IN-25,231305,"SH-5A, VILLAGE - SIKIA, TEHSIL - CH, NARAYANPUR, MIRZAPUR, MIRZAPUR, UTT, CHUNAR, MIRZAPUR, 231305, India",9793800400,amitsingh555597@gmail.com,25.189533,83.030601,"DIESEL, PETROL","Pure_Sure, Air_Filling, TWO_FOUR_SEVEN",2026-09-02 16:15:18
0000253468,HINDUSTAN HIGHWAY ENERGY BHARAT PETROLEUM DEALERS,HINDUSTAN HIGHWAY ENERGY BHARAT PETROLEUM DEALERS,KOLUND,NH 35 KOLUND,CHUNAR,MIRZAPUR,Uttar Pradesh,IN-25,231305,"KOLUND, NH 35 KOLUND, CHUNAR, MIRZAPUR, 231305, India",9369167617,SERAJSIDDIQUI82@GMAIL.COM,25.195337,83.003298,"DIESEL, PETROL","Automation, Pure_Sure, Air_Filling, TWO_FOUR_SEVEN",2026-09-02 16:15:18
0000121583,JAGDISH PRASAD  & SONS BHARAT PETROLEUM DEALERS,JAGDISH PRASAD  & SONS BHARAT PETROLEUM DEALERS,CHUNAR NH-7,,CHUNAR,MIRZAPUR,Uttar Pradesh,IN-25,231304,"CHUNAR NH-7, , CHUNAR, MIRZAPUR, 231304, India",9956232694,jagdish121583@bpclretail.in,25.102503,82.867567,"DIESEL, PETROL","Automation, Pure_Sure, Air_Filling, TWO_FOUR_SEVEN",2026-09-02 16:15:18
0000228584,JAGDISH PRASAD & SONS BHARAT PETROLEUM DEALERS,JAGDISH PRASAD & SONS BHARAT PETROLEUM DEALERS,"VILLAGE -SAMASPUR, NH-35(OLD NH-7)",TEHSIL CHUNAR,CHUNAR,MIRZAPUR,Uttar Pradesh,IN-25,231304,"VILLAGE -SAMASPUR, NH-35(OLD NH-7), TEHSIL CHUNAR, CHUNAR, MIRZAPUR, 231304, India",9956232694,jagdish121583@bpclretail.in,25.099978,82.84333,"DIESEL, PETROL","Pure_Sure, Air_Filling, TWO_FOUR_SEVEN",2026-09-02 16:15:18
0000227544,MAA RAJESHWARI&SONS FILLING ST BHARAT PETROLEUM DEALERS,MAA RAJESHWARI&SONS FILLING ST BHARAT PETROLEUM DEALERS,"GOSAIPUR, CHUNAR, CHUNAR RAJGARH RO","MIRZAPUR,",CHUNAR,MIRZAPUR,Uttar Pradesh,IN-25,231301,"GOSAIPUR, CHUNAR, CHUNAR RAJGARH RO, MIRZAPUR,, CHUNAR, MIRZAPUR, 231301, India",8169245091,aconsnikhilassociates@gmail.com,25.077486,82.860269,"DIESEL, PETROL","Pure_Sure, Air_Filling, TWO_FOUR_SEVEN",2026-09-02 16:15:18
0000211079,MAURYA FILLING STATION BHARAT PETROLEUM DEALERS,MAURYA FILLING STATION BHARAT PETROLEUM DEALERS,VILLAGE PAGAMBARPUR,AHARAURA MIRZAPUR,CHUNAR,MIRZAPUR,Uttar Pradesh,IN-25,231301,"VILLAGE PAGAMBARPUR, AHARAURA MIRZAPUR, CHUNAR, MIRZAPUR, 231301, India",9936204938,mauryafi211079@bpclretail.in,25.02171,83.050465,"DIESEL, PETROL","Pure_Sure, Air_Filling, TWO_FOUR_SEVEN",2026-09-02 16:15:18
0000256953,MAURYA FUEL STATION BHARAT PETROLEUM DEALERS,MAURYA FUEL STATION BHARAT PETROLEUM DEALERS,KHANJADIPUR,CHUNAR MIRZAPUR,CHUNAR,MIRZAPUR,Uttar Pradesh,IN-25,231304,"KHANJADIPUR, CHUNAR MIRZAPUR, CHUNAR, MIRZAPUR, 231304, India",9794710788,mauryafuelstation@gmail.com,25.097482,82.935258,"DIESEL, PETROL","Pure_Sure, Air_Filling, TWO_FOUR_SEVEN",2026-09-02 16:15:18
0000184546,MOHANLAL AND SONS FILLING STAT BHARAT PETROLEUM DEALERS,MOHANLAL AND SONS FILLING STAT BHARAT PETROLEUM DEALERS,"KAMAPUR, TEHSIL - CHUNAR",MIRZAPUR,CHUNAR,MIRZAPUR,Uttar Pradesh,IN-25,231304,"KAMAPUR, TEHSIL - CHUNAR, MIRZAPUR, CHUNAR, MIRZAPUR, 231304, India",9450816024,mohanlal184546@bpclretail.in,25.125106,82.885665,"DIESEL, PETROL","Automation, Pure_Sure, Air_Filling, TWO_FOUR_SEVEN",2026-09-02 16:15:18
0000217316,SITA PANCHAM FILLING STATION BHARAT PETROLEUM DEALERS,SITA PANCHAM FILLING STATION BHARAT PETROLEUM DEALERS,VILLAGE RUPAUNDHA,TEHSIL-CHUNAR,CHUNAR,MIRZAPUR,Uttar Pradesh,IN-25,231305,"VILLAGE RUPAUNDHA, TEHSIL-CHUNAR, CHUNAR, MIRZAPUR, 231305, India",9839082988,yash98390@gmail.com,25.167923,83.006259,"DIESEL, PETROL","Pure_Sure, Air_Filling, TWO_FOUR_SEVEN",2026-09-02 16:15:18
0000187171,RANJAN FILLING STATION BHARAT PETROLEUM DEALERS,RANJAN FILLING STATION BHARAT PETROLEUM DEALERS,ARAZI 520MI PHAT 2. NR JAMUA BAZAAR,KACHWA-JAMUA RAJATALAAB ROAD,KACHHWA,MIRZAPUR,Uttar Pradesh,IN-25,231314,"ARAZI 520MI PHAT 2. NR JAMUA BAZAAR, KACHWA-JAMUA RAJATALAAB ROAD, KACHHWA, MIRZAPUR, 231314, India",9161802000,ranjanf187171@bpclretail.in,25.247331,82.812338,"DIESEL, PETROL","Automation, Pure_Sure, Air_Filling, TWO_FOUR_SEVEN",2026-09-02 16:15:18
0000251900,LAVKUSH AUTOMOBILES BHARAT PETROLEUM DEALERS,LAVKUSH AUTOMOBILES BHARAT PETROLEUM DEALERS,VILL KATKA POST KACHHAWAN,MIRZAPUR,KATKA,MIRZAPUR,Uttar Pradesh,IN-25,231305,"VILL KATKA POST KACHHAWAN, MIRZAPUR, KATKA, MIRZAPUR, 231305, India",9839907160,lavkushtripathi101@gmail.com,25.257947,82.653833,"DIESEL, PETROL, SPEED","Automation, Pure_Sure, Air_Filling, TWO_FOUR_SEVEN",2026-09-02 16:15:18
0000221788,BALMANI FILLING STATION BHARAT PETROLEUM DEALERS,BALMANI FILLING STATION BHARAT PETROLEUM DEALERS,"MAGARAHA, MAGARAHA, MIRZAPUR,","MIRZAPUR, UP",MAGRAHA,MIRZAPUR,Uttar Pradesh,IN-25,231306,"MAGARAHA, MAGARAHA, MIRZAPUR,, MIRZAPUR, UP, MAGRAHA, MIRZAPUR, 231306, India",7458868663,sunilkecc@gmail.com,25.1497703,82.835111,"DIESEL, PETROL","Pure_Sure, Air_Filling, TWO_FOUR_SEVEN",2026-09-02 16:15:18
0000188342,PRATAP FUEL CENTRE BHARAT PETROLEUM DEALERS,PRATAP FUEL CENTRE BHARAT PETROLEUM DEALERS,"ARAZI 106,107 VILL MAJHWANI","SH5, KM STN 329, ROBRTSGNJ-MIRZAPR",MAJHWANI,MIRZAPUR,Uttar Pradesh,IN-25,231001,"ARAZI 106,107 VILL MAJHWANI, SH5, KM STN 329, ROBRTSGNJ-MIRZAPR, MAJHWANI, MIRZAPUR, 231001, India",8932959000,pratapf188342@bpclretail.in,25.019058,82.604618,"DIESEL, PETROL","Automation, Pure_Sure, Air_Filling, TWO_FOUR_SEVEN",2026-09-02 16:15:18
0000209086,ASHISH FUEL STATION BHARAT PETROLEUM DEALERS,ASHISH FUEL STATION BHARAT PETROLEUM DEALERS,KACHWA VARANASI MARG,SH-74,MIRZAPUR,MIRZAPUR,Uttar Pradesh,IN-25,231501,"KACHWA VARANASI MARG, SH-74, MIRZAPUR, MIRZAPUR, 231501, India",9125384907,sunilkecc@gmail.com,25.199674,82.739847,"DIESEL, PETROL","Pure_Sure, Air_Filling, TWO_FOUR_SEVEN",2026-09-02 16:15:18
0000174363,BALWANT FUEL CENTER BHARAT PETROLEUM DEALERS,BALWANT FUEL CENTER BHARAT PETROLEUM DEALERS,GOBARDAHA,CHUNAR SAKTESGARH ROAD,MIRZAPUR,MIRZAPUR,Uttar Pradesh,IN-25,231304,"GOBARDAHA, CHUNAR SAKTESGARH ROAD, MIRZAPUR, MIRZAPUR, 231304, India",9140422855,balwant174363@bpclretail.in,25.0076,82.831565,"DIESEL, PETROL","Automation, Pure_Sure, Air_Filling, TWO_FOUR_SEVEN",2026-09-02 16:15:18
0000223338,GOPAL G FILLING STATION BHARAT PETROLEUM DEALERS,GOPAL G FILLING STATION BHARAT PETROLEUM DEALERS,VILLAGE GURSANDI,BHATAULI GHAT ROAD,MIRZAPUR,MIRZAPUR,Uttar Pradesh,IN-25,231501,"VILLAGE GURSANDI, BHATAULI GHAT ROAD, MIRZAPUR, MIRZAPUR, 231501, India",7607075300,prashantkumarpandey66@gmail.com,25.186219,82.633136,"DIESEL, PETROL","Pure_Sure, Air_Filling, TWO_FOUR_SEVEN",2026-09-02 16:15:18
0000256328,MAA VINDHYAVASINI FILLING STAT BHARAT PETROLEUM DEALERS,MAA VINDHYAVASINI FILLING STAT BHARAT PETROLEUM DEALERS,AGHWAR,SADAR MIRZAPUR,MIRZAPUR,MIRZAPUR,Uttar Pradesh,IN-25,231001,"AGHWAR, SADAR MIRZAPUR, MIRZAPUR, MIRZAPUR, 231001, India",9125072020,arunjaiswal912507@gmail.com,25.1212367,82.6136924,"DIESEL, PETROL","Pure_Sure, Air_Filling, TWO_FOUR_SEVEN",2026-09-02 16:15:18
0000264235,R.K. FUEL STATION BHARAT PETROLEUM DEALERS,R.K. FUEL STATION BHARAT PETROLEUM DEALERS,RAMPUR SHAKTESHGARH,MIRZAPUR,MIRZAPUR,MIRZAPUR,Uttar Pradesh,IN-25,231304,"RAMPUR SHAKTESHGARH, MIRZAPUR, MIRZAPUR, MIRZAPUR, 231304, India",9695130004,rkashish7799@gmail.com,24.9798,82.83681,"DIESEL, PETROL",Air_Filling,2026-09-02 16:15:18
0000135772,RAVINDER NIRANTER TEL SEVA BHARAT PETROLEUM DEALER,RAVINDER NIRANTER TEL SEVA BHARAT PETROLEUM DEALER,"NH-7, VILLAGE - KAPSORE","POST PADRI, TEHSIL - SADAR",MIRZAPUR,MIRZAPUR,Uttar Pradesh,IN-25,231001,"NH-7, VILLAGE - KAPSORE, POST PADRI, TEHSIL - SADAR, MIRZAPUR, MIRZAPUR, 231001, India",9452776161,ravinder135772@bpclretail.in,25.086743,82.730533,"DIESEL, PETROL, SPEED","Automation, Pure_Sure, Air_Filling, TWO_FOUR_SEVEN",2026-09-02 16:15:18
0000226906,SATYAM PETRO POINT BHARAT PETROLEUM DEALERS,SATYAM PETRO POINT BHARAT PETROLEUM DEALERS,"BHARUHANA, TEHASIL- SADAR","MIRZAPUR, UTTAR PRADESH, 231001",MIRZAPUR,MIRZAPUR,Uttar Pradesh,IN-25,231001,"BHARUHANA, TEHASIL- SADAR, MIRZAPUR, UTTAR PRADESH, 231001, MIRZAPUR, MIRZAPUR, 231001, India",9670252265,manilesh91@gmail.com,25.137083,82.582892,"DIESEL, PETROL, SPEED","Pure_Sure, Air_Filling, TWO_FOUR_SEVEN",2026-09-02 16:15:18
0000231804,SHYAMA HIGHWAY FUEL MART BHARAT PETROLEUM DEALERS,SHYAMA HIGHWAY FUEL MART BHARAT PETROLEUM DEALERS,VILLAGE UMARIA,TEHSIL SADAR,MIRZAPUR,MIRZAPUR,Uttar Pradesh,IN-25,231304,"VILLAGE UMARIA, TEHSIL SADAR, MIRZAPUR, MIRZAPUR, 231304, India",9838186507,spchaturvedimzp@gmail.com,25.101712,82.69563,"DIESEL, PETROL","Pure_Sure, Air_Filling, TWO_FOUR_SEVEN",2026-09-02 16:15:18
0000203340,UMA FILLING STATION BHARAT PETROLEUM DEALERS,UMA FILLING STATION BHARAT PETROLEUM DEALERS,GODTUTWA,MIRZAPUR,MIRZAPUR,MIRZAPUR,Uttar Pradesh,IN-25,231001,"GODTUTWA, MIRZAPUR, MIRZAPUR, MIRZAPUR, 231001, India",9450316635,devrajsinghpadariya2014@gmail.com,25.043346,82.590963,"DIESEL, PETROL, SPEED","Automation, Pure_Sure, Air_Filling, TWO_FOUR_SEVEN",2026-09-02 16:15:18
0000253527,ARAV HIGHWAY ENERGY BHARAT PETROLEUM DEALERS,ARAV HIGHWAY ENERGY BHARAT PETROLEUM DEALERS,KHASRA NO.211,NH35,MIRZAPUR KHURD,MIRZAPUR,Uttar Pradesh,IN-25,231001,"KHASRA NO.211, NH35, MIRZAPUR KHURD, MIRZAPUR, 231001, India",8756507734,aravhighway@gmail.com,25.23675,83.036086,"DIESEL, PETROL, SPEED","Pure_Sure, Air_Filling, TWO_FOUR_SEVEN",2026-09-02 16:15:18
0000181815,ASHIRWAD FILLING STATION BHARAT PETROLEUM DEALERS,ASHIRWAD FILLING STATION BHARAT PETROLEUM DEALERS,"ARAZI NO 145/2 , VILLAGE PATIHATA",JAMUI AHRAURA ROAD,PATIHATA,MIRZAPUR,Uttar Pradesh,IN-25,231304,"ARAZI NO 145/2 , VILLAGE PATIHATA, JAMUI AHRAURA ROAD, PATIHATA, MIRZAPUR, 231304, India",9415205912,ashirwad181815@bpclretail.in,25.057837,82.966284,"DIESEL, PETROL","Automation, Pure_Sure, Air_Filling, TWO_FOUR_SEVEN",2026-09-02 16:15:18
0000140436,N.K.PANDAY & CO.(ADHOC) BHARAT PETROLEUM DEALERS,N.K.PANDAY & CO.(ADHOC) BHARAT PETROLEUM DEALERS,"CHHOTA-MIRZAPUR, NH-7",MIRZAPUR-KHURD,MIRZAPUR,MIRZAPUR UTTAR PRADE,Uttar Pradesh,IN-25,231305,"CHHOTA-MIRZAPUR, NH-7, MIRZAPUR-KHURD, MIRZAPUR, MIRZAPUR UTTAR PRADE, 231305, India",9415226878,nkpanday140436@bpclretail.in,25.238002,83.036839,"DIESEL, PETROL, SPEED","Automation, Pure_Sure, Air_Filling, TWO_FOUR_SEVEN",2026-09-02 16:15:18
0000264991,RATHI FUELS BHARAT PETROLEUM DEALERS,RATHI FUELS BHARAT PETROLEUM DEALERS,"KHASRA NO.393,VILLAGE FALLODA","NH334,ROORKEE ROAD",MUZAFFARNAGAR,MUZAFFARNAGAR,Uttar Pradesh,IN-25,251307,"KHASRA NO.393,VILLAGE FALLODA, NH334,ROORKEE ROAD, MUZAFFARNAGAR, MUZAFFARNAGAR, 251307, India",9690888800,rathi.fuelsNH58@gmail.com,29.622083,77.804798,"DIESEL, PETROL","In_Out, Air_Filling",2026-09-02 16:15:17
0000116415,KISAN SEVA KENDRA BHARAT PETROLEUM DEALERS,KISAN SEVA KENDRA BHARAT PETROLEUM DEALERS,PURKAZI,PURKAZI,PURKAZI,MUZAFFARNAGAR,Uttar Pradesh,IN-25,251327,"PURKAZI, PURKAZI, PURKAZI, MUZAFFARNAGAR, 251327, India",9412214004,kisanseva116415@bpclretail.in,29.668084,77.845486,"DIESEL, PETROL","Automation, Pure_Sure, Air_Filling, TWO_FOUR_SEVEN",2026-09-02 16:15:17
0000172726,K.B.C. FILLING CENTRE BHARAT PETROLEUM DEALERS,K.B.C. FILLING CENTRE BHARAT PETROLEUM DEALERS,"BHAWANIGARH CHOURAHA, POST- SHIVGAR","SH-13,BACHRAWAN-HAIDERGARH ROAD",BHAWANIGARH CHOURAHA,RAE BAREILLY U.P.,Uttar Pradesh,IN-25,229308,"BHAWANIGARH CHOURAHA, POST- SHIVGAR, SH-13,BACHRAWAN-HAIDERGARH ROAD, BHAWANIGARH CHOURAHA, RAE BAREILLY U.P., 229308, India",,kbc172726@bpclretail.in,26.543563,81.223608,"DIESEL, PETROL","Pure_Sure, Air_Filling, TWO_FOUR_SEVEN",2026-09-02 16:15:18
0000238115,NASIRABAD ENERGY POINT ADHOC BHARAT PETROLEUM DEALERS,NASIRABAD ENERGY POINT ADHOC BHARAT PETROLEUM DEALERS,BACHRAWAN-HAIDERGARH ROAD,RAEBARELI,BHAWANIGARH CHOURAHA,RAE-BAREILLY,Uttar Pradesh,IN-25,229308,"BACHRAWAN-HAIDERGARH ROAD, RAEBARELI, BHAWANIGARH CHOURAHA, RAE-BAREILLY, 229308, India",9792241995,nasirabad177328@bpclretail.in,26.5389458,81.2408689,,"Automation, Pure_Sure, Air_Filling, TWO_FOUR_SEVEN",2026-09-02 16:15:18
0000211022,SHREE BALHESHWAR ADHOC BHARAT PETROLEUM DEALERS,SHREE BALHESHWAR ADHOC BHARAT PETROLEUM DEALERS,,,BHAWANIGARH CHOURAHA,RAE-BAREILLY,Uttar Pradesh,IN-25,229308,", , BHAWANIGARH CHOURAHA, RAE-BAREILLY, 229308, India",7275570429,shreebal211022@bpclretail.in,26.543563,81.223608,"DIESEL, PETROL","Pure_Sure, Air_Filling, TWO_FOUR_SEVEN",2026-09-02 16:15:18
0000219915,SHREE FUEL STATION ADHOC BHARAT PETROLEUM DEALERS,SHREE FUEL STATION ADHOC BHARAT PETROLEUM DEALERS,BHAWANIGARH,RAEBARELI,BHAWANIGARH CHOURAHA,RAE-BAREILLY,Uttar Pradesh,IN-25,229308,"BHAWANIGARH, RAEBARELI, BHAWANIGARH CHOURAHA, RAE-BAREILLY, 229308, India",7275570429,mmuuddiitt123@gmail.com,26.5389458,81.2408689,"DIESEL, PETROL",Air_Filling,2026-09-02 16:15:18
0000252234,SRM FUELS ADHOC BHARAT PETROLEUM DEALERS,SRM FUELS ADHOC BHARAT PETROLEUM DEALERS,BACHRAWAN - HAIDERGARH ROAD,VILLAGE BHAWANIGARH,BHAWANIGARH CHOURAHA,RAE-BAREILLY,Uttar Pradesh,IN-25,229308,"BACHRAWAN - HAIDERGARH ROAD, VILLAGE BHAWANIGARH, BHAWANIGARH CHOURAHA, RAE-BAREILLY, 229308, India",9919366372,hsmaurya99@gmail.com,26.543563,81.223608,"DIESEL, PETROL","Pure_Sure, Air_Filling, TWO_FOUR_SEVEN",2026-09-02 16:15:18
0000121675,DEEH F. STN. ALLAHABAD LUCKNOW ROAD,DEEH F. STN. ALLAHABAD LUCKNOW ROAD,CHURWA BORDER,NEAR HANUMAN TEMPLE,CHURWA,RAE-BAREILLY,Uttar Pradesh,IN-25,229311,"CHURWA BORDER, NEAR HANUMAN TEMPLE, CHURWA, RAE-BAREILLY, 229311, India",,deeh121675@bpclretail.in,26.513052,81.074715,DIESEL,"Pure_Sure, Air_Filling, TWO_FOUR_SEVEN",2026-09-02 16:15:18
0000260681,K P FILLING STATION - ADHOC BHARAT PETROLEUM DEALERS,K P FILLING STATION - ADHOC BHARAT PETROLEUM DEALERS,CHURWA,NH 30,CHURWA,RAE-BAREILLY,Uttar Pradesh,IN-25,229304,"CHURWA, NH 30, CHURWA, RAE-BAREILLY, 229304, India",7607472477,golutrivedi57@gmail.com,26.513052,81.074715,"DIESEL, PETROL","In_Out, Automation, Pure_Sure, Air_Filling, TWO_FOUR_SEVEN",2026-09-02 16:15:18
0000210991,MAA VINDHYAWASINI ADHOC BHARAT PETROLEUM DEALERS,MAA VINDHYAWASINI ADHOC BHARAT PETROLEUM DEALERS,VILLAGE CHURWA,NH-30 LKO TO RBL,CHURWA,RAE-BAREILLY,Uttar Pradesh,IN-25,229304,"VILLAGE CHURWA, NH-30 LKO TO RBL, CHURWA, RAE-BAREILLY, 229304, India",9648218515,maavindh210267@bpclretail.in,26.513052,81.074715,"DIESEL, PETROL","Pure_Sure, Air_Filling, TWO_FOUR_SEVEN",2026-09-02 16:15:18
0000219913,OM SAI ENERGY FUELS ADHOC BHARAT PETROLEUM DEALERS,OM SAI ENERGY FUELS ADHOC BHARAT PETROLEUM DEALERS,CHURWA,RAEBARELI,CHURWA,RAE-BAREILLY,Uttar Pradesh,IN-25,229304,"CHURWA, RAEBARELI, CHURWA, RAE-BAREILLY, 229304, India",8318782512,amit.shuklabcn@gmail.com,26.493928,81.096954,,Air_Filling,2026-09-02 16:15:18
0000238008,SHREE FUEL STATION ADHOC BHARAT PETROLEUM DEALERS,SHREE FUEL STATION ADHOC BHARAT PETROLEUM DEALERS,NH-30,RAEBARELI,CHURWA,RAE-BAREILLY,Uttar Pradesh,IN-25,229304,"NH-30, RAEBARELI, CHURWA, RAE-BAREILLY, 229304, India",9792289045,shreefuel196428@bpclretail.in,26.513052,81.074715,"DIESEL, PETROL","Automation, Pure_Sure, Air_Filling, TWO_FOUR_SEVEN",2026-09-02 16:15:18
0000232002,P C AWASTHI BHARAT PETROLEUM DEALERS,P C AWASTHI BHARAT PETROLEUM DEALERS,VILLAGE ISIA,BACHHRAWAN BYPASS ROAD RAEBARELI,RAEBARELI,RAE-BAREILLY,Uttar Pradesh,IN-25,229301,"VILLAGE ISIA, BACHHRAWAN BYPASS ROAD RAEBARELI, RAEBARELI, RAE-BAREILLY, 229301, India",9621073737,pcawasthiisia@gmail.com,26.4883983,81.0570857,"DIESEL, PETROL","Pure_Sure, Air_Filling, TWO_FOUR_SEVEN",2026-09-02 16:15:18
0000224715,DIVYA RAJ FILLING STATION BHARAT PETROLEUM DEALERS,DIVYA RAJ FILLING STATION BHARAT PETROLEUM DEALERS,VILL KAMALPUR SAHARANPUR,VILL KAMALPUR SAHARANPUR,BEHAT,SAHARANPUR,Uttar Pradesh,IN-25,247662,"VILL KAMALPUR SAHARANPUR, VILL KAMALPUR SAHARANPUR, BEHAT, SAHARANPUR, 247662, India",9457648859,divyarajfs224715@bpclretail.in,30.06582,77.75217,"DIESEL, PETROL","Pure_Sure, Air_Filling, TWO_FOUR_SEVEN",2026-09-02 16:15:16
0000228218,RATHOURE FILLING STATION BHARAT PETROLEUM DEALERS,RATHOURE FILLING STATION BHARAT PETROLEUM DEALERS,MIRZAPURPUR POLE BEHAT,"MIRZAPURPUR POLE, BEHAT",BEHAT,SAHARANPUR,Uttar Pradesh,IN-25,247121,"MIRZAPURPUR POLE BEHAT, MIRZAPURPUR POLE, BEHAT, BEHAT, SAHARANPUR, 247121, India",7017940541,rathourefs228218@bpclretail.in,30.2498228,77.6267552,"DIESEL, PETROL","Pure_Sure, Air_Filling, TWO_FOUR_SEVEN",2026-09-02 16:15:16
0000116419,CHUTMALPUR PET. SER. STN. BHARAT PETROLEUM DEALERS,CHUTMALPUR PET. SER. STN. BHARAT PETROLEUM DEALERS,CHUTMALPUR,CHUTMALPUR,CHUTMALPUR,SAHARANPUR,Uttar Pradesh,IN-25,247662,"CHUTMALPUR, CHUTMALPUR, CHUTMALPUR, SAHARANPUR, 247662, India",9358307283,chutmalpur116419@bpclretail.in,30.036628,77.752862,"DIESEL, PETROL, SPEED","Automation, Pure_Sure, Air_Filling, TWO_FOUR_SEVEN",2026-09-02 16:15:16
0000206752,ASHOK FILLING STATION(ADHOC) BHARAT PETROLEUM DEALERS,ASHOK FILLING STATION(ADHOC) BHARAT PETROLEUM DEALERS,VILL GUNNA,BEHAT ROAD,GUNNA,SAHARANPUR,Uttar Pradesh,IN-25,247001,"VILL GUNNA, BEHAT ROAD, GUNNA, SAHARANPUR, 247001, India",,ashok.fs@rediffmail.com,30.14156,77.617947,,Air_Filling,2026-09-02 16:15:16
0000135422,ASHOK FILLING STATION - ADHOC BHARAT PETROLEUM DEALERS,ASHOK FILLING STATION - ADHOC BHARAT PETROLEUM DEALERS,VILL GHUNNA OPP. PNB GHUNNA BRANCH,SH-57,MAHESHWARI,SAHARANPUR,Uttar Pradesh,IN-25,247001,"VILL GHUNNA OPP. PNB GHUNNA BRANCH, SH-57, MAHESHWARI, SAHARANPUR, 247001, India",,ashok135422@bpclretail.in,30.14156,77.617947,,Air_Filling,2026-09-02 16:15:16
0000256566,HITECH ENERGY POINT FUEL STATI BHARAT PETROLEUM DEALERS,HITECH ENERGY POINT FUEL STATI BHARAT PETROLEUM DEALERS,SAHARANPUR DEHRADUN ROAD,SAHARANPUR DEHRADUN ROAD,SAHARANPUR,SAHARANPUR,Uttar Pradesh,IN-25,247662,"SAHARANPUR DEHRADUN ROAD, SAHARANPUR DEHRADUN ROAD, SAHARANPUR, SAHARANPUR, 247662, India",9027127570,hitechenergypointfuelstation@gmail.com,30.11764,77.845352,"DIESEL, PETROL","Pure_Sure, Air_Filling, TWO_FOUR_SEVEN",2026-09-02 16:15:16
0000219436,MAA JAGDAMBA FILLING STATION BHARAT PETROLEUM DEALERS,MAA JAGDAMBA FILLING STATION BHARAT PETROLEUM DEALERS,"GRAM KAROUNDI, MUZFARABAD","GRAM KAROUNDI, MUZFARABAD",SAHARANPUR,SAHARANPUR,Uttar Pradesh,IN-25,247120,"GRAM KAROUNDI, MUZFARABAD, GRAM KAROUNDI, MUZFARABAD, SAHARANPUR, SAHARANPUR, 247120, India",9012002332,maajagdambafs219436@bpclretail.in,30.0807741,77.6523871,"DIESEL, PETROL","Pure_Sure, Air_Filling, TWO_FOUR_SEVEN",2026-09-02 16:15:16
0000225868,SADHI & SONS ENTERPRISES BHARAT PETROLEUM DEALERS,SADHI & SONS ENTERPRISES BHARAT PETROLEUM DEALERS,MAHMOODPUR TIWAI,MAHMOODPUR TIWAI,SAHARANPUR,SAHARANPUR,Uttar Pradesh,IN-25,247669,"MAHMOODPUR TIWAI, MAHMOODPUR TIWAI, SAHARANPUR, SAHARANPUR, 247669, India",9759260547,sadhiandsonsent225868@bpclretail.in,29.9960405,77.6983585,"DIESEL, PETROL, SPEED","Automation, Pure_Sure, Air_Filling, TWO_FOUR_SEVEN",2026-09-02 16:15:16
0000245471,SUPER FUELS BHARAT PETROLEUM DEALERS,SUPER FUELS BHARAT PETROLEUM DEALERS,"VILL. MAKKABANS,SAHARANPUR","VILL. MAKKABANS,SAHARANPUR",SAHARANPUR,SAHARANPUR,Uttar Pradesh,IN-25,247669,"VILL. MAKKABANS,SAHARANPUR, VILL. MAKKABANS,SAHARANPUR, SAHARANPUR, SAHARANPUR, 247669, India",9045222231,CC245471@bpclretail.in,29.971162,77.672564,"DIESEL, PETROL","Pure_Sure, Air_Filling, TWO_FOUR_SEVEN",2026-09-02 16:15:16
0000258684,SWATI FILLING STATION BHARAT PETROLEUM DEALERS,SWATI FILLING STATION BHARAT PETROLEUM DEALERS,KHASRANO.234 JASMOR-BIHARIGARH ROAD,BEHAT TALUKA,SAHARANPUR,SAHARANPUR,Uttar Pradesh,IN-25,247129,"KHASRANO.234 JASMOR-BIHARIGARH ROAD, BEHAT TALUKA, SAHARANPUR, SAHARANPUR, 247129, India",8899209000,bp76189@gmail.com,30.1704907,77.7404293,"DIESEL, PETROL","Pure_Sure, Air_Filling, TWO_FOUR_SEVEN",2026-09-02 16:15:16
0000178163,KAMBOJ TRANSPORT COMPANY BHARAT PETROLEUM DEALERS,KAMBOJ TRANSPORT COMPANY BHARAT PETROLEUM DEALERS,VILLAGE -THAPUL ISMAILPUR,NH-72A,BIHARIGARH,SAHARANPUR UTTAR PRA,Uttar Pradesh,IN-25,247662,"VILLAGE -THAPUL ISMAILPUR, NH-72A, BIHARIGARH, SAHARANPUR UTTAR PRA, 247662, India",,kamboj178163@bpclretail.in,30.1027012,77.8824596,,Air_Filling,2026-09-02 16:15:16
0000254111,AGRAHARI FILLING STATION BHARAT PETROLEUM DEALERS,AGRAHARI FILLING STATION BHARAT PETROLEUM DEALERS,VILL TIURI,AURAI,AURAI,SANT RAVI DAS NAGAR,Uttar Pradesh,IN-25,221314,"VILL TIURI, AURAI, AURAI, SANT RAVI DAS NAGAR, 221314, India",9838208541,agraharifillingstation@gmail.com,25.257234,82.602598,"DIESEL, PETROL, SPEED","Pure_Sure, Air_Filling, TWO_FOUR_SEVEN",2026-09-02 16:15:18
0000210491,BHARAT AUTO FUEL BHARAT PETROLEUM DEALERS,BHARAT AUTO FUEL BHARAT PETROLEUM DEALERS,RO AT VARANASI-BHADOHI ROAD,SH-87,BHADOHI,SANT RAVI DAS NAGAR,Uttar Pradesh,IN-25,221409,"RO AT VARANASI-BHADOHI ROAD, SH-87, BHADOHI, SANT RAVI DAS NAGAR, 221409, India",9559606330,bharatau210491@bpclretail.in,25.379535,82.609848,"DIESEL, PETROL, SPEED","Automation, Pure_Sure, Air_Filling, TWO_FOUR_SEVEN",2026-09-02 16:15:18
0000224712,RALHI FUELS SERVICES BHARAT PETROLEUM DEALERS,RALHI FUELS SERVICES BHARAT PETROLEUM DEALERS,VILLAGE - KOTHRA,TEHSIL AURAI,BHADOHI,SANT RAVI DAS NAGAR,Uttar Pradesh,IN-25,221301,"VILLAGE - KOTHRA, TEHSIL AURAI, BHADOHI, SANT RAVI DAS NAGAR, 221301, India",9559975958,ralhioffice@gmail.com,25.261245,82.58321,"DIESEL, PETROL","Pure_Sure, Air_Filling, TWO_FOUR_SEVEN",2026-09-02 16:15:18
0000222308,SHAKUMBHARI FUEL JUNCTION BHARAT PETROLEUM DEALERS,SHAKUMBHARI FUEL JUNCTION BHARAT PETROLEUM DEALERS,VILLAGE TITRAHI,TEHSIL AURAI,BHADOHI,SANT RAVI DAS NAGAR,Uttar Pradesh,IN-25,221314,"VILLAGE TITRAHI, TEHSIL AURAI, BHADOHI, SANT RAVI DAS NAGAR, 221314, India",7007710668,anand5544awasthi@gmail.com,25.255177,82.621837,"DIESEL, PETROL","Pure_Sure, Air_Filling, TWO_FOUR_SEVEN",2026-09-02 16:15:18
0000218120,CHOLAPUR AUTO SALES ADHOC BHARAT PETROLEUM DEALERS,CHOLAPUR AUTO SALES ADHOC BHARAT PETROLEUM DEALERS,"VILLAGE KOTHRA, TEHSIL AURAI ,",NH2,KOTHRA,SANT RAVI DAS NAGAR,Uttar Pradesh,IN-25,221301,"VILLAGE KOTHRA, TEHSIL AURAI ,, NH2, KOTHRA, SANT RAVI DAS NAGAR, 221301, India",9721273346,cholapur121562@bpclretail.in,25.260785,82.58035,,Air_Filling,2026-09-02 16:15:18
0000182939,JAHNVI HIGHWAY FUEL(AD HOC) BHARAT PETROLEUM DEALERS,JAHNVI HIGHWAY FUEL(AD HOC) BHARAT PETROLEUM DEALERS,"ARAZI NO. 314-315 , 317-323","VILLAGE KOTHRA, NH-2,TEHSIL AURAI",KOTHRA,"SANT RAVI NAGAR,U.P.",Uttar Pradesh,IN-25,221301,"ARAZI NO. 314-315 , 317-323, VILLAGE KOTHRA, NH-2,TEHSIL AURAI, KOTHRA, SANT RAVI NAGAR,U.P., 221301, India",,jahnvihighway@gmail.com,25.260785,82.58035,,Air_Filling,2026-09-02 16:15:18
0000170428,VIKRAM FUELS BHARAT PETROLEUM DEALERS,VIKRAM FUELS BHARAT PETROLEUM DEALERS,"VILLAGE KOTHRA, TEHSIL AURAI ,",NH2,KOTHRA,"SANT RAVI NAGAR,U.P.",Uttar Pradesh,IN-25,221301,"VILLAGE KOTHRA, TEHSIL AURAI ,, NH2, KOTHRA, SANT RAVI NAGAR,U.P., 221301, India",,vikram170428@bpclretail.in,25.260785,82.58035,,Air_Filling,2026-09-02 16:15:18
0000123474,SHIV FILLING STATION BHARAT PETROLEUM DEALERS,SHIV FILLING STATION BHARAT PETROLEUM DEALERS,ATARIA,NH-24,ATARIA,SITAPUR,Uttar Pradesh,IN-25,261001,"ATARIA, NH-24, ATARIA, SITAPUR, 261001, India",9415018428,shiv123474@bpclretail.in,27.15948,80.864214,,"Automation, Air_Filling",2026-09-02 16:15:18
0000123591,PADAM SERVICE STATION BHARAT PETROLEUM DEALERS,PADAM SERVICE STATION BHARAT PETROLEUM DEALERS,UNNAO BYE PASS,UNNAO,ACHALGANJ,UNNAO,Uttar Pradesh,IN-25,209801,"UNNAO BYE PASS, UNNAO, ACHALGANJ, UNNAO, 209801, India",9580197470,padam123591@bpclretail.in,26.514876,80.482007,"DIESEL, PETROL","Automation, Pure_Sure, Air_Filling, TWO_FOUR_SEVEN",2026-09-02 16:15:18
0000174155,CHATURBHUJ FILLING CENTRE BHARAT PETROLEUM DEALERS,CHATURBHUJ FILLING CENTRE BHARAT PETROLEUM DEALERS,MOHALLA- AKRAMPUR,ON SH-58,AKRAMPUR,UNNAO,Uttar Pradesh,IN-25,209801,"MOHALLA- AKRAMPUR, ON SH-58, AKRAMPUR, UNNAO, 209801, India",9415330365,chaturbhuj174155@bpclretail.in,26.522016,80.446646,"DIESEL, PETROL","Automation, Pure_Sure, Air_Filling, TWO_FOUR_SEVEN",2026-09-02 16:15:18
0000191327,DHARMENDRA FILLING STATION BHARAT PETROLEUM DEALERS,DHARMENDRA FILLING STATION BHARAT PETROLEUM DEALERS,UNNAO,UNNAO,BARAMBOLA,UNNAO,Uttar Pradesh,IN-25,209871,"UNNAO, UNNAO, BARAMBOLA, UNNAO, 209871, India",7234968040,dharmendra191327@bpclretail.in,26.67653719,80.40371119,"DIESEL, PETROL","Automation, Pure_Sure, Air_Filling, TWO_FOUR_SEVEN",2026-09-02 16:15:18
0000191656,GAGAN FILLING STATION BHARAT PETROLEUM DEALERS,GAGAN FILLING STATION BHARAT PETROLEUM DEALERS,,,BHOLAKHEDA,UNNAO,Uttar Pradesh,IN-25,209821,", , BHOLAKHEDA, UNNAO, 209821, India",7080851717,gagan191656@bpclretail.in,26.56364829,80.90666679,"DIESEL, PETROL","Automation, Pure_Sure, Air_Filling, TWO_FOUR_SEVEN",2026-09-02 16:15:18
0000123551,AMAR HIGHWAY SERVICE STATION BHARAT PETROLEUM DEALERS,AMAR HIGHWAY SERVICE STATION BHARAT PETROLEUM DEALERS,VILL. GADAN KHERAUNNAO BYE PASS,UNNAO,GADAN KHERA,UNNAO,Uttar Pradesh,IN-25,209801,"VILL. GADAN KHERAUNNAO BYE PASS, UNNAO, GADAN KHERA, UNNAO, 209801, India",9793330033,amar123551@bpclretail.in,26.516859,80.485835,"DIESEL, PETROL, SPEED","Automation, Pure_Sure, Air_Filling, Parking, TWO_FOUR_SEVEN",2026-09-02 16:15:18
0000123575,HIGHWAY TRUCK SERVICE CENTRE BHARAT PETROLEUM DEALERS,HIGHWAY TRUCK SERVICE CENTRE BHARAT PETROLEUM DEALERS,UNNAO BYE PASSUNNAO,UNNAO,GADAN KHERA,UNNAO,Uttar Pradesh,IN-25,209801,"UNNAO BYE PASSUNNAO, UNNAO, GADAN KHERA, UNNAO, 209801, India",9455586252,truck123575@bpclretail.in,26.502438,80.461119,"DIESEL, PETROL","Automation, Pure_Sure, Air_Filling, Parking, TWO_FOUR_SEVEN",2026-09-02 16:15:18
0000167985,GANGA SHREE PETROLEUM BHARAT PETROLEUM DEALERS,GANGA SHREE PETROLEUM BHARAT PETROLEUM DEALERS,VILLAGE-KATRI PEEPER KHERA,UNNAO,JAJMAU CROSSING,UNNAO,Uttar Pradesh,IN-25,209801,"VILLAGE-KATRI PEEPER KHERA, UNNAO, JAJMAU CROSSING, UNNAO, 209801, India",9235701098,gangashree167985@bpclretail.in,26.446768,80.419135,"DIESEL, PETROL","Automation, Pure_Sure, Air_Filling, Parking, TWO_FOUR_SEVEN",2026-09-02 16:15:18
0000196244,D P FILLING STATION BHARAT PETROLEUM DEALERS,D P FILLING STATION BHARAT PETROLEUM DEALERS,VILL - KATRA TARAUNA,TEHSIL - HASANGANJ,KATRA TARAUNA,UNNAO,Uttar Pradesh,IN-25,209870,"VILL - KATRA TARAUNA, TEHSIL - HASANGANJ, KATRA TARAUNA, UNNAO, 209870, India",9935160111,snarendra944@gmail.com,26.9881466,80.5959052,"DIESEL, PETROL","Automation, Pure_Sure, Air_Filling, TWO_FOUR_SEVEN",2026-09-02 16:15:18
0000174486,SUBHADRA FILLING STATION BHARAT PETROLEUM DEALERS,SUBHADRA FILLING STATION BHARAT PETROLEUM DEALERS,VILLAGE NEVERNA,PADRI ROAD,NIVERNA,UNNAO,Uttar Pradesh,IN-25,209801,"VILLAGE NEVERNA, PADRI ROAD, NIVERNA, UNNAO, 209801, India",9415135011,subhadra174486@bpclretail.in,26.485946,80.617879,"DIESEL, PETROL","Automation, Pure_Sure, Air_Filling, TWO_FOUR_SEVEN",2026-09-02 16:15:18
0000191328,BHAGWATI FILLING STATION BHARAT PETROLEUM DEALERS,BHAGWATI FILLING STATION BHARAT PETROLEUM DEALERS,PARIAR,PRIAR CHAKALVANSHI ROAD,PARIAR,UNNAO,Uttar Pradesh,IN-25,209871,"PARIAR, PRIAR CHAKALVANSHI ROAD, PARIAR, UNNAO, 209871, India",9415135243,bhagwati191328@bpclretail.in,26.6379657,80.322181,"DIESEL, PETROL","Automation, Pure_Sure, Air_Filling, TWO_FOUR_SEVEN",2026-09-02 16:15:18
0000178687,SHIV DEVI TRIPATHI FILLING CEN BHARAT PETROLEUM DEALERS,SHIV DEVI TRIPATHI FILLING CEN BHARAT PETROLEUM DEALERS,PATHAKPUR,UNNAO,PATHAKPUR,UNNAO,Uttar Pradesh,IN-25,209801,"PATHAKPUR, UNNAO, PATHAKPUR, UNNAO, 209801, India",9936846455,shivdevi178687@bpclretail.in,26.590173,80.825112,"DIESEL, PETROL","Automation, Pure_Sure, Air_Filling, Parking, TWO_FOUR_SEVEN",2026-09-02 16:15:18
0000179669,RADHIKA FILLING BHARAT PETROLEUM DEALERS,RADHIKA FILLING BHARAT PETROLEUM DEALERS,DAHICHAUKI-PURWA ROAD,DAHICHAUKI-PURWA ROAD,PURWA,UNNAO,Uttar Pradesh,IN-25,226016,"DAHICHAUKI-PURWA ROAD, DAHICHAUKI-PURWA ROAD, PURWA, UNNAO, 226016, India",9936955441,radhika179669@bpclretail.in,26.530034,80.654567,"DIESEL, PETROL","Automation, Pure_Sure, Air_Filling, Parking, TWO_FOUR_SEVEN",2026-09-02 16:15:18
0000123574,HIND SERVICE STATION BHARAT PETROLEUM DEALERS,HIND SERVICE STATION BHARAT PETROLEUM DEALERS,SHUKLAGANJ,,SHUKLAGANJ,UNNAO,Uttar Pradesh,IN-25,209801,"SHUKLAGANJ, , SHUKLAGANJ, UNNAO, 209801, India",9839103535,hind123574@bpclretail.in,26.483329,80.38992,"DIESEL, PETROL, SPEED","Automation, Pure_Sure, Air_Filling, TWO_FOUR_SEVEN",2026-09-02 16:15:18
0000174553,GANGA MAA FILLING STATION BHARAT PETROLEUM DEALERS,GANGA MAA FILLING STATION BHARAT PETROLEUM DEALERS,VILLAGE: UNCHGAON,BHAGWANT NAGAR ROAD,UNCHGAON,UNNAO,Uttar Pradesh,IN-25,209863,"VILLAGE: UNCHGAON, BHAGWANT NAGAR ROAD, UNCHGAON, UNNAO, 209863, India",9415746903,gangama174553@bpclretail.in,26.18025,80.701175,"DIESEL, PETROL","Pure_Sure, Air_Filling, TWO_FOUR_SEVEN",2026-09-02 16:15:18
0000226961,ADITRI FILLING STATION BHARAT PETROLEUM DEALERS,ADITRI FILLING STATION BHARAT PETROLEUM DEALERS,VILLAGE BUXAR,BIHAR ROAD TEHSEEL BIGHAPUR,UNNAO,UNNAO,Uttar Pradesh,IN-25,209863,"VILLAGE BUXAR, BIHAR ROAD TEHSEEL BIGHAPUR, UNNAO, UNNAO, 209863, India",9651117723,aditrifs226961@bpclretail.in,26.142614,80.666519,"DIESEL, PETROL","Pure_Sure, Air_Filling, TWO_FOUR_SEVEN",2026-09-02 16:15:18
0000255841,AMBIKA FILLING STATION BHARAT PETROLEUM DEALERS,AMBIKA FILLING STATION BHARAT PETROLEUM DEALERS,VILLAGE AERA BHADIYAR,UNNAO,UNNAO,UNNAO,Uttar Pradesh,IN-25,209871,"VILLAGE AERA BHADIYAR, UNNAO, UNNAO, UNNAO, 209871, India",9450847933,sundertiwari200@gmail.com,26.612734,80.391373,"DIESEL, PETROL","Pure_Sure, Air_Filling, TWO_FOUR_SEVEN",2026-09-02 16:15:18
0000219430,ARYAN FILLING STATION BHARAT PETROLEUM DEALERS,ARYAN FILLING STATION BHARAT PETROLEUM DEALERS,VILLAGE AKBARPUR DABAULI,TEHSIL SAFIPUR DISTRICT UNNAO,UNNAO,UNNAO,Uttar Pradesh,IN-25,209801,"VILLAGE AKBARPUR DABAULI, TEHSIL SAFIPUR DISTRICT UNNAO, UNNAO, UNNAO, 209801, India",9919800187,krishnayamaha@rediffmail.com,26.618093,80.453148,"DIESEL, PETROL, SPEED","Automation, Pure_Sure, Air_Filling, TWO_FOUR_SEVEN",2026-09-02 16:15:18
0000265184,BP-GANGA 423 UNNAO BHARAT PETROLEUM DEALERS,BP-GANGA 423 UNNAO BHARAT PETROLEUM DEALERS,ON GANGA EXPRESSWAY,VILLAGE ORAHAR,UNNAO,UNNAO,Uttar Pradesh,IN-25,209825,"ON GANGA EXPRESSWAY, VILLAGE ORAHAR, UNNAO, UNNAO, 209825, India",8808867664,sm27695@gmail.com,26.559981,80.578413,"DIESEL, PETROL, SPEED",Air_Filling,2026-09-02 16:15:18
0000191326,GOKUL FILLING STATION BHARAT PETROLEUM DEALERS,GOKUL FILLING STATION BHARAT PETROLEUM DEALERS,CHAMRAULI ON LUCKNOW KANPUR ROAD,UNNAO,UNNAO,UNNAO,Uttar Pradesh,IN-25,226023,"CHAMRAULI ON LUCKNOW KANPUR ROAD, UNNAO, UNNAO, UNNAO, 226023, India",7266994115,gokul191326@bpclretail.in,26.5966044,80.5945171,"DIESEL, PETROL","Automation, Pure_Sure, Air_Filling, TWO_FOUR_SEVEN",2026-09-02 16:15:18
0000202845,H.M.ENTERPRISES BHARAT PETROLEUM DEALERS,H.M.ENTERPRISES BHARAT PETROLEUM DEALERS,477,ADARSH NAGAR,UNNAO,UNNAO,Uttar Pradesh,IN-25,209801,"477, ADARSH NAGAR, UNNAO, UNNAO, 209801, India",9935022870,rajey9@gmail.com,26.534143,80.477768,"DIESEL, PETROL","Automation, Pure_Sure, Air_Filling, TWO_FOUR_SEVEN",2026-09-02 16:15:18
0000240293,HANUMANT FILLING STATION BHARAT PETROLEUM DEALERS,HANUMANT FILLING STATION BHARAT PETROLEUM DEALERS,VILLAGE LOHCHA,TEHSIL UNNAO,UNNAO,UNNAO,Uttar Pradesh,IN-25,209801,"VILLAGE LOHCHA, TEHSIL UNNAO, UNNAO, UNNAO, 209801, India",8400164981,meshrantasha@gmail.com,26.4478124,80.5279442,"DIESEL, PETROL","Pure_Sure, Air_Filling, TWO_FOUR_SEVEN",2026-09-02 16:15:18
0000242264,JAI MAA DURGA FILLING STATION BHARAT PETROLEUM DEALERS,JAI MAA DURGA FILLING STATION BHARAT PETROLEUM DEALERS,VILLAGE MIRZPUR,TEHSIL HASANGANJ,UNNAO,UNNAO,Uttar Pradesh,IN-25,209870,"VILLAGE MIRZPUR, TEHSIL HASANGANJ, UNNAO, UNNAO, 209870, India",7275562696,ajay.ipec2508@gmail.com,26.7221917,80.4547983,"DIESEL, PETROL","Pure_Sure, Air_Filling, TWO_FOUR_SEVEN",2026-09-02 16:15:18
0000227669,KANAK FILLING STATION BHARAT PETROLEUM DEALERS,KANAK FILLING STATION BHARAT PETROLEUM DEALERS,VILLAGE BARENDA,TEHSIL PURWA,UNNAO,UNNAO,Uttar Pradesh,IN-25,209821,"VILLAGE BARENDA, TEHSIL PURWA, UNNAO, UNNAO, 209821, India",9415747094,shuklap9648@gmail.com,26.521931,80.994896,"DIESEL, PETROL","Pure_Sure, Air_Filling, TWO_FOUR_SEVEN",2026-09-02 16:15:18
0000226663,KANHA FILLING STATION BHARAT PETROLEUM DEALERS,KANHA FILLING STATION BHARAT PETROLEUM DEALERS,"GHATAMPUR KALAN , GHATAMPUR","BIGHAPUR , UNNAO",UNNAO,UNNAO,Uttar Pradesh,IN-25,209865,"GHATAMPUR KALAN , GHATAMPUR, BIGHAPUR , UNNAO, UNNAO, UNNAO, 209865, India",6386090407,rohitsrivastava9@gmail.com,26.32789,80.646347,"DIESEL, PETROL","Pure_Sure, Air_Filling, TWO_FOUR_SEVEN",2026-09-02 16:15:18
0000246805,KARTIK FILLING STATION BHARAT PETROLEUM DEALERS,KARTIK FILLING STATION BHARAT PETROLEUM DEALERS,VILLAGE MURTZANAGAR,MDR 52C,UNNAO,UNNAO,Uttar Pradesh,IN-25,208002,"VILLAGE MURTZANAGAR, MDR 52C, UNNAO, UNNAO, 208002, India",9935102433,,26.563004,80.574945,,Air_Filling,2026-09-02 16:15:18
0000230539,M.S FILLING STATION BHARAT PETROLEUM DEALERS,M.S FILLING STATION BHARAT PETROLEUM DEALERS,CHAK DHAURHARA,TEHSIL BIGHAPUR UNNAO,UNNAO,UNNAO,Uttar Pradesh,IN-25,209865,"CHAK DHAURHARA, TEHSIL BIGHAPUR UNNAO, UNNAO, UNNAO, 209865, India",9936358972,munishsingh710@gmail.com,26.3375162,80.6423955,"DIESEL, PETROL","Pure_Sure, Air_Filling, TWO_FOUR_SEVEN",2026-09-02 16:15:18
0000239659,MAA BHAGWATI PETROLEUM BHARAT PETROLEUM DEALERS,MAA BHAGWATI PETROLEUM BHARAT PETROLEUM DEALERS,VILLAGE RAUKARNA,TEHSIL UNNAO,UNNAO,UNNAO,Uttar Pradesh,IN-25,209801,"VILLAGE RAUKARNA, TEHSIL UNNAO, UNNAO, UNNAO, 209801, India",9919767100,manuj7894@gmail.com,26.650125,80.453061,"DIESEL, PETROL","Pure_Sure, Air_Filling, TWO_FOUR_SEVEN",2026-09-02 16:15:18
0000213956,MAA GAYATRI PETROLEUM BHARAT PETROLEUM DEALERS,MAA GAYATRI PETROLEUM BHARAT PETROLEUM DEALERS,VILLAGE AKHTIYARPUR,TEHSIL SAFIPUR DISTRICT UNNAO,UNNAO,UNNAO,Uttar Pradesh,IN-25,209871,"VILLAGE AKHTIYARPUR, TEHSIL SAFIPUR DISTRICT UNNAO, UNNAO, UNNAO, 209871, India",9838638379,Preetygtm20@gmail.com,26.777098,80.243507,"DIESEL, PETROL","Pure_Sure, Air_Filling, TWO_FOUR_SEVEN",2026-09-02 16:15:18
0000229778,MH ENTERPRISES BHARAT PETROLEUM DEALERS,MH ENTERPRISES BHARAT PETROLEUM DEALERS,"GHURAMAU , HASANGANJ","MOHAN , UNNAO",UNNAO,UNNAO,Uttar Pradesh,IN-25,209801,"GHURAMAU , HASANGANJ, MOHAN , UNNAO, UNNAO, UNNAO, 209801, India",7985374468,sameerrizvi51@gmail.com,26.828397,80.639778,,"Pure_Sure, Air_Filling, TWO_FOUR_SEVEN",2026-09-02 16:15:18
0000262796,NUMBER ONE FILLING STATION BHARAT PETROLEUM DEALERS,NUMBER ONE FILLING STATION BHARAT PETROLEUM DEALERS,ON SH40 VILLAGE AKBARPUR,TEHSIL HASANGANJ,UNNAO,UNNAO,Uttar Pradesh,IN-25,209841,"ON SH40 VILLAGE AKBARPUR, TEHSIL HASANGANJ, UNNAO, UNNAO, 209841, India",8922897172,singhgauravv.0086@gmail.com,26.807637,80.560199,"DIESEL, PETROL",Air_Filling,2026-09-02 16:15:18
0000228303,OM FILLING STATION BHARAT PETROLEUM DEALERS,OM FILLING STATION BHARAT PETROLEUM DEALERS,SAIYYED ABBASPUR,SAIYYED ABBASPUR UNNAO09455355,UNNAO,UNNAO,Uttar Pradesh,IN-25,209801,"SAIYYED ABBASPUR, SAIYYED ABBASPUR UNNAO09455355, UNNAO, UNNAO, 209801, India",9455355979,vikashyadavlaxya1989@gmail.com,26.5789871,80.4771185,"DIESEL, PETROL","Pure_Sure, Air_Filling, TWO_FOUR_SEVEN",2026-09-02 16:15:18
0000262702,PAL FILLING STATION BHARAT PETROLEUM DEALERS,PAL FILLING STATION BHARAT PETROLEUM DEALERS,ON NH31 VILLAGE MAANPUR,TEHSIL UNNAO,UNNAO,UNNAO,Uttar Pradesh,IN-25,209801,"ON NH31 VILLAGE MAANPUR, TEHSIL UNNAO, UNNAO, UNNAO, 209801, India",9005321140,ajaykumarpal888@gmail.com,26.405958,80.591577,"DIESEL, PETROL",Air_Filling,2026-09-02 16:15:18
0000224290,RAHMAN FILLING STATION BHARAT PETROLEUM DEALERS,RAHMAN FILLING STATION BHARAT PETROLEUM DEALERS,VILLAGE HAMIRPUR,TEHSIL HASANGANJ,UNNAO,UNNAO,Uttar Pradesh,IN-25,209870,"VILLAGE HAMIRPUR, TEHSIL HASANGANJ, UNNAO, UNNAO, 209870, India",9839163222,saleemurrehman9400@gmail.com,26.732877,80.53954,"DIESEL, PETROL","Automation, Pure_Sure, Air_Filling, TWO_FOUR_SEVEN",2026-09-02 16:15:18
0000236986,RAM GOPAL RAJPOOT FILLING STAT BHARAT PETROLEUM DEALERS,RAM GOPAL RAJPOOT FILLING STAT BHARAT PETROLEUM DEALERS,VILLAGE DHAORA,"HASANGANJ, UNNAO",UNNAO,UNNAO,Uttar Pradesh,IN-25,209881,"VILLAGE DHAORA, HASANGANJ, UNNAO, UNNAO, UNNAO, 209881, India",8601269670,dharmendrasing8795@gmail.com,26.836964,80.6669282,"DIESEL, PETROL","Pure_Sure, Air_Filling, TWO_FOUR_SEVEN",2026-09-02 16:15:18
0000190697,RAMA FILLING STATION BHARAT PETROLEUM DEALERS,RAMA FILLING STATION BHARAT PETROLEUM DEALERS,ASIWAN,,UNNAO,UNNAO,Uttar Pradesh,IN-25,209870,"ASIWAN, , UNNAO, UNNAO, 209870, India",7275712121,ramafilling190697@bpclretail.in,26.804466,80.457787,"DIESEL, PETROL","Automation, Pure_Sure, Air_Filling, TWO_FOUR_SEVEN",2026-09-02 16:15:18
0000227693,S KUMAR FILLING STATION BHARAT PETROLEUM DEALERS,S KUMAR FILLING STATION BHARAT PETROLEUM DEALERS,SARWAN TEHSIL PURWA,UNNAO,UNNAO,UNNAO,Uttar Pradesh,IN-25,209821,"SARWAN TEHSIL PURWA, UNNAO, UNNAO, UNNAO, 209821, India",9956920690,vanshraj@gmail.com,26.511326,80.896202,"DIESEL, PETROL","Pure_Sure, Air_Filling, TWO_FOUR_SEVEN",2026-09-02 16:15:18
0000222679,SADBHAWNA FILLING STATION BHARAT PETROLEUM DEALERS,SADBHAWNA FILLING STATION BHARAT PETROLEUM DEALERS,VILLAGE DIPA GADHI,TEHSIL HASANGANJ,UNNAO,UNNAO,Uttar Pradesh,IN-25,209801,"VILLAGE DIPA GADHI, TEHSIL HASANGANJ, UNNAO, UNNAO, 209801, India",8090803090,durgeshsinghlbsingh@gmail.com,26.704239,80.560806,"DIESEL, PETROL, SPEED","Pure_Sure, Air_Filling, TWO_FOUR_SEVEN",2026-09-02 16:15:18
0000228318,SAINIK FILLING STATION BHARAT PETROLEUM DEALERS,SAINIK FILLING STATION BHARAT PETROLEUM DEALERS,KANTHA,UNNAO,UNNAO,UNNAO,Uttar Pradesh,IN-25,209859,"KANTHA, UNNAO, UNNAO, UNNAO, 209859, India",9415763816,dhananjayyadav19901@gmail.com,26.5838397,80.7730148,"DIESEL, PETROL","Pure_Sure, Air_Filling, TWO_FOUR_SEVEN",2026-09-02 16:15:18
0000222678,SANSKAR FILLING STATION BHARAT PETROLEUM DEALERS,SANSKAR FILLING STATION BHARAT PETROLEUM DEALERS,VILLAGE CHILAULA,TEHSIL UNNAO,UNNAO,UNNAO,Uttar Pradesh,IN-25,209801,"VILLAGE CHILAULA, TEHSIL UNNAO, UNNAO, UNNAO, 209801, India",9793383800,rohitawasthi800@gmail.com,26.559789,80.410913,"DIESEL, PETROL","Automation, Pure_Sure, Air_Filling, TWO_FOUR_SEVEN",2026-09-02 16:15:18
0000252463,SHIV SAROJ FILLING STATION BHARAT PETROLEUM DEALERS,SHIV SAROJ FILLING STATION BHARAT PETROLEUM DEALERS,VILLAGE NURULLA NAGAR,"HASANGANJ , UNNAO",UNNAO,UNNAO,Uttar Pradesh,IN-25,209870,"VILLAGE NURULLA NAGAR, HASANGANJ , UNNAO, UNNAO, UNNAO, 209870, India",9140128436,aj3521705@gmail.com,26.728067,80.459015,"DIESEL, PETROL","Pure_Sure, Air_Filling, TWO_FOUR_SEVEN",2026-09-02 16:15:18
0000253346,SHRI NARAYANI FILLING STATION BHARAT PETROLEUM DEALERS,SHRI NARAYANI FILLING STATION BHARAT PETROLEUM DEALERS,VILLAGE JALALABAD ON SH 40,TEHSIL HANSANGANJ,UNNAO,UNNAO,Uttar Pradesh,IN-25,209841,"VILLAGE JALALABAD ON SH 40, TEHSIL HANSANGANJ, UNNAO, UNNAO, 209841, India",9451108561,vaishseema899@gmail.com,26.7728633,80.666691,"DIESEL, PETROL","Pure_Sure, Air_Filling, TWO_FOUR_SEVEN",2026-09-02 16:15:18
0000262632,SINGH BROTHERS BHARAT PETROLEUM DEALERS,SINGH BROTHERS BHARAT PETROLEUM DEALERS,ON SHUKLAGUNJ BYPASS,VILLMAJHRAPEEPARKHEDA GAIR AHATMALI,UNNAO,UNNAO,Uttar Pradesh,IN-25,209862,"ON SHUKLAGUNJ BYPASS, VILLMAJHRAPEEPARKHEDA GAIR AHATMALI, UNNAO, UNNAO, 209862, India",8604316128,singhbrothers2.2000@gmail.com,26.494438,80.401062,"DIESEL, PETROL, SPEED",Air_Filling,2026-09-02 16:15:18
0000220798,SURYA FILLING STATION BHARAT PETROLEUM DEALERS,SURYA FILLING STATION BHARAT PETROLEUM DEALERS,VILLAGE MAKOOR,TEHSIL HASANGANJ,UNNAO,UNNAO,Uttar Pradesh,IN-25,209841,"VILLAGE MAKOOR, TEHSIL HASANGANJ, UNNAO, UNNAO, 209841, India",9473539951,suryafillingstation326@gmail.com,26.650576,80.635025,"DIESEL, PETROL","Pure_Sure, Air_Filling, TWO_FOUR_SEVEN",2026-09-02 16:15:18
0000230524,SWARNIMA FILLING STATION BHARAT PETROLEUM DEALERS,SWARNIMA FILLING STATION BHARAT PETROLEUM DEALERS,PARAURI CHANDIKABAKSH,TEHSIL BIGHAPUR UNNAO,UNNAO,UNNAO,Uttar Pradesh,IN-25,209863,"PARAURI CHANDIKABAKSH, TEHSIL BIGHAPUR UNNAO, UNNAO, UNNAO, 209863, India",9935607307,dr.ashusingh29@gmail.com,26.24393,80.675438,"DIESEL, PETROL","Pure_Sure, Air_Filling, TWO_FOUR_SEVEN",2026-09-02 16:15:18
0000175209,AGRIM PETROLEUM BHARAT PETROLEUM DEALERS,AGRIM PETROLEUM BHARAT PETROLEUM DEALERS,TIKAITGANJ,"MOHAN ROAD, SH-40",UNNAO CITY,UNNAO,Uttar Pradesh,IN-25,209801,"TIKAITGANJ, MOHAN ROAD, SH-40, UNNAO CITY, UNNAO, 209801, India",7897890006,agrim175209@bpclretail.in,26.791082,80.721927,,"Automation, Pure_Sure, Air_Filling, TWO_FOUR_SEVEN",2026-09-02 16:15:18
0000140730,UNNAO DISTILLERIES & BREWERIES BHARAT PETROLEUM DEALERS,UNNAO DISTILLERIES & BREWERIES BHARAT PETROLEUM DEALERS,VILLAGE SHEKHPUR,VILLAGE SHEKHPUR,UNNAO CITY,UNNAO,Uttar Pradesh,IN-25,209801,"VILLAGE SHEKHPUR, VILLAGE SHEKHPUR, UNNAO CITY, UNNAO, 209801, India",9454638484,unnao140730@bpclretail.in,26.535064,80.468061,"DIESEL, PETROL, SPEED","Automation, Pure_Sure, Air_Filling, Parking, TWO_FOUR_SEVEN",2026-09-02 16:15:18
0000123568,DWIVEDI AUTOMOBILES BHARAT PETROLEUM DEALERS,DWIVEDI AUTOMOBILES BHARAT PETROLEUM DEALERS,NAWABGANJDISTT. UNNAO,,NAWABGANJ,UNNAO UTTAR PRADESH,Uttar Pradesh,IN-25,209801,"NAWABGANJDISTT. UNNAO, , NAWABGANJ, UNNAO UTTAR PRADESH, 209801, India",9670142828,dwivedi123568@bpclretail.in,26.620759,80.653381,,Air_Filling,2026-09-02 16:15:18
0000123579,KANPUR BRIDGE FILLING STATION BHARAT PETROLEUM DEALERS,KANPUR BRIDGE FILLING STATION BHARAT PETROLEUM DEALERS,SHUKLAGANJDISTT.UNNAO,,SHUKLAGANJ,UNNAO UTTAR PRADESH,Uttar Pradesh,IN-25,209801,"SHUKLAGANJDISTT.UNNAO, , SHUKLAGANJ, UNNAO UTTAR PRADESH, 209801, India",,kbf_petro@yahoo.com,26.544923,80.365849,,Air_Filling,2026-09-02 16:15:18
0000121567,MOSARAM BHAGWANDAS BHARAT PETROLEUM DEALERS,MOSARAM BHAGWANDAS BHARAT PETROLEUM DEALERS,VIZIANGRAM MARKET CANT,OPP. VARANASI RLY. STATION,CANTT,VARANASI,Uttar Pradesh,IN-25,221002,"VIZIANGRAM MARKET CANT, OPP. VARANASI RLY. STATION, CANTT, VARANASI, 221002, India",9839356476,mosaram121567@bpclretail.in,25.32448,82.986519,"DIESEL, PETROL, SPEED","Automation, Pure_Sure, Air_Filling, TWO_FOUR_SEVEN",2026-09-02 16:15:18
0000121562,CHOLAPUR AUTO SALES BHARAT PETROLEUM DEALERS,CHOLAPUR AUTO SALES BHARAT PETROLEUM DEALERS,GOSSAINPUR MOHUA CHOLAPUR,GOSSAINPUR MOHUA CHOLAPUR,CHOLAPUR,VARANASI,Uttar Pradesh,IN-25,221101,"GOSSAINPUR MOHUA CHOLAPUR, GOSSAINPUR MOHUA CHOLAPUR, CHOLAPUR, VARANASI, 221101, India",9264966787,cholapur121562@bpclretail.in,25.440451,83.000979,"DIESEL, PETROL, SPEED","Automation, Pure_Sure, Air_Filling, Parking, TWO_FOUR_SEVEN",2026-09-02 16:15:18
0000191657,R.D. FILLING STATION BHARAT PETROLEUM DEALERS,R.D. FILLING STATION BHARAT PETROLEUM DEALERS,"VILLAGE BELA, BLOCK CHOLAPUR",NIYAR-DHARSAUNA RURAL ROAD,CHOLAPUR,VARANASI,Uttar Pradesh,IN-25,221101,"VILLAGE BELA, BLOCK CHOLAPUR, NIYAR-DHARSAUNA RURAL ROAD, CHOLAPUR, VARANASI, 221101, India",9451125859,rdfilling191657@bpclretail.in,25.48600006,83.04570007,"DIESEL, PETROL, SPEED","Automation, Pure_Sure, Air_Filling, TWO_FOUR_SEVEN",2026-09-02 16:15:18
0000183685,GAUTAM FILLING CENTRE BHARAT PETROLEUM DEALERS,GAUTAM FILLING CENTRE BHARAT PETROLEUM DEALERS,VILLAGE DUNIYAPUR,HARHUA - RAMESHWAR ROAD,HARAUA,VARANASI,Uttar Pradesh,IN-25,221105,"VILLAGE DUNIYAPUR, HARHUA - RAMESHWAR ROAD, HARAUA, VARANASI, 221105, India",8840405354,gautamf183685@bpclretail.in,25.39049,82.888361,"DIESEL, PETROL, SPEED","Automation, Pure_Sure, Air_Filling, Parking, TWO_FOUR_SEVEN",2026-09-02 16:15:18
0000121571,SHANKER S/S BHARAT PETROLEUM DEALERS,SHANKER S/S BHARAT PETROLEUM DEALERS,LALPUR PANDEYPUR,TEHSIL SADAR,LALPUR,VARANASI,Uttar Pradesh,IN-25,221206,"LALPUR PANDEYPUR, TEHSIL SADAR, LALPUR, VARANASI, 221206, India",9219690209,shanker121571@bpclretail.in,25.369468,82.993703,"DIESEL, PETROL, SPEED","Automation, Pure_Sure, Air_Filling, TWO_FOUR_SEVEN",2026-09-02 16:15:18
0000174892,PASHUPATI FILLING STATION BHARAT PETROLEUM DEALERS,PASHUPATI FILLING STATION BHARAT PETROLEUM DEALERS,MAUZA ZAMIN SHIVSAGAR,"VILL- VEERBHANPUR,","MAUJA-JAMIN SHIVSAGAR, TE",VARANASI,Uttar Pradesh,IN-25,221311,"MAUZA ZAMIN SHIVSAGAR, VILL- VEERBHANPUR,, MAUJA-JAMIN SHIVSAGAR, TE, VARANASI, 221311, India",9889902455,pashupati174892@bpclretail.in,25.287082,82.847795,"DIESEL, PETROL, SPEED","Automation, Pure_Sure, Air_Filling, Parking, TWO_FOUR_SEVEN",2026-09-02 16:15:18
0000193161,ARADHYA FILLING STATION BHARAT PETROLEUM DEALERS,ARADHYA FILLING STATION BHARAT PETROLEUM DEALERS,BPCL,MILKIPUR,MILKIPUR,VARANASI,Uttar Pradesh,IN-25,221403,"BPCL, MILKIPUR, MILKIPUR, VARANASI, 221403, India",9415620385,aradhya193161@bpclretail.in,25.3085247,82.7162065,"DIESEL, PETROL","Automation, Pure_Sure, Air_Filling, TWO_FOUR_SEVEN",2026-09-02 16:15:18
0000121572,SINGH S/S BHARAT PETROLEUM DEALERS,SINGH S/S BHARAT PETROLEUM DEALERS,MOHANSARAI PO TODARPUR,GANGAPUR,MOHANSARAI,VARANASI,Uttar Pradesh,IN-25,221001,"MOHANSARAI PO TODARPUR, GANGAPUR, MOHANSARAI, VARANASI, 221001, India",9839045777,singh121572@bpclretail.in,25.273764,82.868089,,"Automation, Pure_Sure, Air_Filling, Parking, TWO_FOUR_SEVEN",2026-09-02 16:15:18
0000148754,DHANVANTARI FILLING STATION BHARAT PETROLEUM DEALERS,DHANVANTARI FILLING STATION BHARAT PETROLEUM DEALERS,BLOCK CHOLAPUR,"POST MUNARI, VILLAGE MUNARI",MUNARI,VARANASI,Uttar Pradesh,IN-25,221104,"BLOCK CHOLAPUR, POST MUNARI, VILLAGE MUNARI, MUNARI, VARANASI, 221104, India",9415988377,dhanvantari148754@bpclretail.in,25.44777,83.032865,,"Automation, Pure_Sure, Air_Filling, Parking, TWO_FOUR_SEVEN",2026-09-02 16:15:18
0000121570,SHAYAM AUTOMOBILE BHARAT PETROLEUM DEALERS,SHAYAM AUTOMOBILE BHARAT PETROLEUM DEALERS,PINDRA PO PINDRA,PINDRA,PINDRA,VARANASI,Uttar Pradesh,IN-25,221206,"PINDRA PO PINDRA, PINDRA, PINDRA, VARANASI, 221206, India",9453659721,shayam121570@bpclretail.in,25.500625,82.820724,"DIESEL, PETROL, SPEED","Automation, Pure_Sure, Air_Filling, Parking, TWO_FOUR_SEVEN",2026-09-02 16:15:18
0000181390,GANPATI FILLING STATION BHARAT PETROLEUM DEALERS,GANPATI FILLING STATION BHARAT PETROLEUM DEALERS,KODOPUR,RAMNAGAR,RAMNAGAR,VARANASI,Uttar Pradesh,IN-25,221008,"KODOPUR, RAMNAGAR, RAMNAGAR, VARANASI, 221008, India",9415981104,ganpati181390@bpclretail.in,25.284752,83.031677,"DIESEL, PETROL, SPEED","Automation, Parking, Air_Filling",2026-09-02 16:15:18
0000247135,RAM RAGHUVAR ENERGY STATION BHARAT PETROLEUM DEALERS,RAM RAGHUVAR ENERGY STATION BHARAT PETROLEUM DEALERS,"71 MI, FORT ROAD, RAM NAGAR","PARAO ROAD, BHITI PARGANA",RAMNAGAR,VARANASI,Uttar Pradesh,IN-25,221008,"71 MI, FORT ROAD, RAM NAGAR, PARAO ROAD, BHITI PARGANA, RAMNAGAR, VARANASI, 221008, India",9120424129,piyushkumarsonkar622@gmail.com,25.261109,83.033875,"DIESEL, PETROL","Automation, Pure_Sure, Air_Filling, TWO_FOUR_SEVEN",2026-09-02 16:15:18
0000142037,SAKSHI ROAD LINES BHARAT PETROLEUM DEALERS,SAKSHI ROAD LINES BHARAT PETROLEUM DEALERS,BPC DEALERS,"VILL BHITI, NH-2 - VNS-MGS BYE P",RAMNAGAR,VARANASI,Uttar Pradesh,IN-25,221008,"BPC DEALERS, VILL BHITI, NH-2 - VNS-MGS BYE P, RAMNAGAR, VARANASI, 221008, India",9415215640,sakshi142037@bpclretail.in,25.254409,83.053572,"DIESEL, PETROL, SPEED","Automation, Pure_Sure, Air_Filling, TWO_FOUR_SEVEN",2026-09-02 16:15:18
0000212494,RUDRA FILLING STATION BHARAT PETROLEUM DEALERS,RUDRA FILLING STATION BHARAT PETROLEUM DEALERS,RO AT SHIVRAMPUR,NH-2,SHIVRAMPUR,VARANASI,Uttar Pradesh,IN-25,221202,"RO AT SHIVRAMPUR, NH-2, SHIVRAMPUR, VARANASI, 221202, India",9161006006,rudrafil212494@bpclretail.in,25.282852,82.750839,"DIESEL, PETROL","Automation, Pure_Sure, Air_Filling, TWO_FOUR_SEVEN",2026-09-02 16:15:18
0000121563,GOPIRAM SHYAMSUNDER,GOPIRAM SHYAMSUNDER,BHARAT PETROLEUM DEALERS,NEAR SIGRA CHURCH SIGRA,SIGRA,VARANASI,Uttar Pradesh,IN-25,221002,"BHARAT PETROLEUM DEALERS, NEAR SIGRA CHURCH SIGRA, SIGRA, VARANASI, 221002, India",,gopiram121563@bpclretail.in,25.311404,82.98892,,"Automation, Pure_Sure, Air_Filling, ATM, TWO_FOUR_SEVEN",2026-09-02 16:15:18
0000121575,BARSATI AUTOMOBILES BHARAT PETROLEUM DEALERS,BARSATI AUTOMOBILES BHARAT PETROLEUM DEALERS,NAVEDA,DLW-BHU ROAD,SUNDERPUR,VARANASI,Uttar Pradesh,IN-25,221005,"NAVEDA, DLW-BHU ROAD, SUNDERPUR, VARANASI, 221005, India",9415301979,barsati121575@bpclretail.in,25.2833965,82.975437,"DIESEL, PETROL, SPEED","Automation, Pure_Sure, Air_Filling, ATM, TWO_FOUR_SEVEN",2026-09-02 16:15:18
0000121564,KASHI RUNWAYS BHARAT PETROLEUM DEALERS,KASHI RUNWAYS BHARAT PETROLEUM DEALERS,KOIRAJPUR VYASVOG,SHIVPUR,TARNA,VARANASI,Uttar Pradesh,IN-25,221003,"KOIRAJPUR VYASVOG, SHIVPUR, TARNA, VARANASI, 221003, India",9140015761,kashi121564@bpclretail.in,25.373512,82.919875,"DIESEL, PETROL, SPEED","Automation, Pure_Sure, Air_Filling, TWO_FOUR_SEVEN",2026-09-02 16:15:18
0000165762,AGRO PARK FUEL STATION BHARAT PETROLEUM DEALERS,AGRO PARK FUEL STATION BHARAT PETROLEUM DEALERS,INDUSTRIAL AREA KARKHIYON,KARKHIYON (NH-56),VARANASI,VARANASI,Uttar Pradesh,IN-25,221206,"INDUSTRIAL AREA KARKHIYON, KARKHIYON (NH-56), VARANASI, VARANASI, 221206, India",9044248116,agropark165762@bpclretail.in,25.541828,82.801476,"DIESEL, PETROL","Automation, Pure_Sure, Air_Filling, Parking, TWO_FOUR_SEVEN",2026-09-02 16:15:18
0000223508,ANSHUMAN FILLING STATION BHARAT PETROLEUM DEALERS,ANSHUMAN FILLING STATION BHARAT PETROLEUM DEALERS,VILLAGE MILKY CHAK,ON MOHANSARAI -ADALPURA LINK ROAD,VARANASI,VARANASI,Uttar Pradesh,IN-25,221302,"VILLAGE MILKY CHAK, ON MOHANSARAI -ADALPURA LINK ROAD, VARANASI, VARANASI, 221302, India",9452357434,pushpmitra.singh03@gmail.com,25.262495,82.876629,"DIESEL, PETROL","Automation, Pure_Sure, Air_Filling, TWO_FOUR_SEVEN",2026-09-02 16:15:18
0000202547,ATULYA VAISHNAVI FUEL STATION BHARAT PETROLEUM DEALERS,ATULYA VAISHNAVI FUEL STATION BHARAT PETROLEUM DEALERS,DHAKA,ON VARANASI GHAZIPUR MARG,VARANASI,VARANASI,Uttar Pradesh,IN-25,221116,"DHAKA, ON VARANASI GHAZIPUR MARG, VARANASI, VARANASI, 221116, India",7839144137,atulya202547@bpclretail.in,25.47999954,83.13939667,"DIESEL, PETROL","Automation, Pure_Sure, Air_Filling, TWO_FOUR_SEVEN",2026-09-02 16:15:18
0000211183,BABA VISHWANATH AUTO FUELS BHARAT PETROLEUM DEALERS,BABA VISHWANATH AUTO FUELS BHARAT PETROLEUM DEALERS,RO AT VARANASI-GHAZIPUR ROAD,NH-31,VARANASI,VARANASI,Uttar Pradesh,IN-25,221007,"RO AT VARANASI-GHAZIPUR ROAD, NH-31, VARANASI, VARANASI, 221007, India",7408402370,babavish211183@bpclretail.in,25.359838,83.0207832,"DIESEL, PETROL, SPEED","Automation, Pure_Sure, Air_Filling, TWO_FOUR_SEVEN",2026-09-02 16:15:18
0000215756,BP-BHU BHARAT PETROLEUM DEALERS,BP-BHU BHARAT PETROLEUM DEALERS,KOSHLESH NAGAR COLONY,ON LANKA DLW ROAD,VARANASI,VARANASI,Uttar Pradesh,IN-25,221005,"KOSHLESH NAGAR COLONY, ON LANKA DLW ROAD, VARANASI, VARANASI, 221005, India",7860929293,bpbhu215756@bpclretail.in,25.280283,82.987133,"DIESEL, PETROL, SPEED","Automation, Air_Filling",2026-09-02 16:15:18
0000132968,BP-BHU BHARAT PETROLEUM DEALERS,BP-BHU BHARAT PETROLEUM DEALERS,BHU CAMPUS,LANKA,VARANASI,VARANASI,Uttar Pradesh,IN-25,221005,"BHU CAMPUS, LANKA, VARANASI, VARANASI, 221005, India",9532242413,bp132968@bpclretail.in,25.303523,82.976459,,"Automation, Air_Filling",2026-09-02 16:15:18
0000150778,BP-MIRZAMURAD BHARAT PETROLEUM DEALERS,BP-MIRZAMURAD BHARAT PETROLEUM DEALERS,VILL GAURMADHUKARSHAHPUR,NH-2,VARANASI,VARANASI,Uttar Pradesh,IN-25,221307,"VILL GAURMADHUKARSHAHPUR, NH-2, VARANASI, VARANASI, 221307, India",8317097501,bp150778@bpclretail.in,25.282764,82.788908,"DIESEL, PETROL, SPEED","In_Out, Automation, Air_Filling, Parking",2026-09-02 16:15:18
0000214775,DINANATH FILLING STATION BHARAT PETROLEUM DEALERS,DINANATH FILLING STATION BHARAT PETROLEUM DEALERS,VILLAGE HATHIYAR,TEHSIL SADAR,VARANASI,VARANASI,Uttar Pradesh,IN-25,221101,"VILLAGE HATHIYAR, TEHSIL SADAR, VARANASI, VARANASI, 221101, India",7905375845,dinanat214775@bpclretail.in,25.518156,83.052185,"DIESEL, PETROL","Pure_Sure, Air_Filling, TWO_FOUR_SEVEN",2026-09-02 16:15:18
0000145029,JAI BAJRANG FUEL CENTER BHARAT PETROLEUM DEALERS,JAI BAJRANG FUEL CENTER BHARAT PETROLEUM DEALERS,VILLAGE AMAULI,BHAGATUA CHAURAHA,VARANASI,VARANASI,Uttar Pradesh,IN-25,221104,"VILLAGE AMAULI, BHAGATUA CHAURAHA, VARANASI, VARANASI, 221104, India",7236029793,jaibajrang145029@bpclretail.in,25.403885,83.151687,,"Automation, Air_Filling",2026-09-02 16:15:18
0000214376,JAI HANUMAN FILLING STATION BHARAT PETROLEUM DEALERS,JAI HANUMAN FILLING STATION BHARAT PETROLEUM DEALERS,VILLAGE DHARSAUNA,TEHSIL SADAR,VARANASI,VARANASI,Uttar Pradesh,IN-25,221101,"VILLAGE DHARSAUNA, TEHSIL SADAR, VARANASI, VARANASI, 221101, India",9838958472,jaihanu214376@bpclretail.in,25.48027,82.996826,"DIESEL, PETROL","Pure_Sure, Air_Filling, TWO_FOUR_SEVEN",2026-09-02 16:15:18
0000216189,LALA AUTO FUELS BHARAT PETROLEUM DEALERS,LALA AUTO FUELS BHARAT PETROLEUM DEALERS,VILLAGE BARADIH,TEHSIL RAJATALAB,VARANASI,VARANASI,Uttar Pradesh,IN-25,221403,"VILLAGE BARADIH, TEHSIL RAJATALAB, VARANASI, VARANASI, 221403, India",9450237310,lalaaut216189@bpclretail.in,25.3641637,82.7281924,"DIESEL, PETROL","Pure_Sure, Air_Filling, TWO_FOUR_SEVEN",2026-09-02 16:15:18
0000256926,M/S MAA NIRMALA FILLING STATIO BHARAT PETROLEUM DEALERS,M/S MAA NIRMALA FILLING STATIO BHARAT PETROLEUM DEALERS,"KASWAR RAJA,",VILLAGE KURAUNA 0,VARANASI,VARANASI,Uttar Pradesh,IN-25,221313,"KASWAR RAJA,, VILLAGE KURAUNA 0, VARANASI, VARANASI, 221313, India",9415201579,awadeshsingh12121966@gmail.com,25.312653,82.865082,"DIESEL, PETROL","Automation, Pure_Sure, Air_Filling, TWO_FOUR_SEVEN",2026-09-02 16:15:18
0000202557,MAA KOTMARI FILLING STATION BHARAT PETROLEUM DEALERS,MAA KOTMARI FILLING STATION BHARAT PETROLEUM DEALERS,GOSAIPUR MOHAV,ON MOHAV PALAHIPATTI MARG SH 98,VARANASI,VARANASI,Uttar Pradesh,IN-25,221101,"GOSAIPUR MOHAV, ON MOHAV PALAHIPATTI MARG SH 98, VARANASI, VARANASI, 221101, India",9453356742,anurag.singh271@gmail.com,25.458472,82.999475,"DIESEL, PETROL","Automation, Pure_Sure, Air_Filling, TWO_FOUR_SEVEN",2026-09-02 16:15:18
0000203424,MAA VAISHNO FILLING STATION BHARAT PETROLEUM DEALERS,MAA VAISHNO FILLING STATION BHARAT PETROLEUM DEALERS,"RO AT VILL FATTEPUR, BARAGAON",BARAGAON,VARANASI,VARANASI,Uttar Pradesh,IN-25,221204,"RO AT VILL FATTEPUR, BARAGAON, BARAGAON, VARANASI, VARANASI, 221204, India",8887370539,maa203424@bpclretail.in,25.417687,82.817558,"DIESEL, PETROL","Automation, Pure_Sure, Air_Filling, TWO_FOUR_SEVEN",2026-09-02 16:15:18
0000145030,MAURYA  F.C.S EXCELLENCE BHARAT PETROLEUM DEALERS,MAURYA  F.C.S EXCELLENCE BHARAT PETROLEUM DEALERS,VILLAGE GAURAKALAN,VARANASI-BALUAGHAT ROAD,VARANASI,VARANASI,Uttar Pradesh,IN-25,221112,"VILLAGE GAURAKALAN, VARANASI-BALUAGHAT ROAD, VARANASI, VARANASI, 221112, India",9161912728,maurya145030@bpclretail.in,25.361137,83.07119,"DIESEL, PETROL, SPEED","Automation, Pure_Sure, Air_Filling, Parking, TWO_FOUR_SEVEN",2026-09-02 16:15:18
0000121565,MISHRA AUTO SALES (MS) BHARAT PETROLEUM DEALERS,MISHRA AUTO SALES (MS) BHARAT PETROLEUM DEALERS,CHURAMANPUR,CHURAMANPUR,VARANASI,VARANASI,Uttar Pradesh,IN-25,221104,"CHURAMANPUR, CHURAMANPUR, VARANASI, VARANASI, 221104, India",09450960537,mishra121565@bpclretail.in,25.299114,82.948966,"DIESEL, PETROL","Automation, Pure_Sure, Air_Filling, TWO_FOUR_SEVEN",2026-09-02 16:15:18
0000256907,NEW HIGHWAY FUEL STATION BHARAT PETROLEUM DEALERS,NEW HIGHWAY FUEL STATION BHARAT PETROLEUM DEALERS,"ARAJI NO2, VILLAGE KHEWSHIPUR",VARANASI,VARANASI,VARANASI,Uttar Pradesh,IN-25,221003,"ARAJI NO2, VILLAGE KHEWSHIPUR, VARANASI, VARANASI, VARANASI, 221003, India",6307008856,vermasahil8182@gmail.com,25.35256,82.895383,"DIESEL, PETROL, SPEED","Automation, Pure_Sure, Air_Filling, TWO_FOUR_SEVEN",2026-09-02 16:15:18
0000225983,RP TRANSPORT AGENCY BHARAT PETROLEUM DEALERS,RP TRANSPORT AGENCY BHARAT PETROLEUM DEALERS,BPCL DEALERS,"TELIYABAG ,VARANASI CITY",VARANASI,VARANASI,Uttar Pradesh,IN-25,221002,"BPCL DEALERS, TELIYABAG ,VARANASI CITY, VARANASI, VARANASI, 221002, India",9415301979,rp148255@bpclretail.in,25.3280786,82.9949978,"DIESEL, PETROL","Pure_Sure, Air_Filling, TWO_FOUR_SEVEN",2026-09-02 16:15:18
0000143977,SAROJA PETROLEUMS BHARAT PETROLEUM DEALERS,SAROJA PETROLEUMS BHARAT PETROLEUM DEALERS,MALIK PATTI (GANESH BAGH),KABIR ROAD,VARANASI,VARANASI,Uttar Pradesh,IN-25,221001,"MALIK PATTI (GANESH BAGH), KABIR ROAD, VARANASI, VARANASI, 221001, India",9415222699,saroja143977@bpclretail.in,25.322213,83.004447,"DIESEL, PETROL, SPEED","Automation, Air_Filling",2026-09-02 16:15:18
0000223700,SHARDA FUEL STATION BHARAT PETROLEUM DEALERS,SHARDA FUEL STATION BHARAT PETROLEUM DEALERS,VILLAGE - GOSAIPUR,BLOCK -HARHUA,VARANASI,VARANASI,Uttar Pradesh,IN-25,221202,"VILLAGE - GOSAIPUR, BLOCK -HARHUA, VARANASI, VARANASI, 221202, India",7800744445,siddharthsrivastava0503@yahoo.com,25.4582508,82.9501465,"DIESEL, PETROL","Pure_Sure, Air_Filling, TWO_FOUR_SEVEN",2026-09-02 16:15:18
0000261973,SHREE GARBA BABA FILLING STATI BHARAT PETROLEUM DEALERS,SHREE GARBA BABA FILLING STATI BHARAT PETROLEUM DEALERS,VILLAGE BABHANPURA,"TEHSIL SADAR, ON RING ROAD PHASE 3",VARANASI,VARANASI,Uttar Pradesh,IN-25,221007,"VILLAGE BABHANPURA, TEHSIL SADAR, ON RING ROAD PHASE 3, VARANASI, VARANASI, 221007, India",9140561168,chandrashekharvns7264@gmail.com,25.35871124,83.09669495,"DIESEL, PETROL","Pure_Sure, Air_Filling, TWO_FOUR_SEVEN",2026-09-02 16:15:18
0000215714,SHREE SATGURU FILLING STATION BHARAT PETROLEUM DEALERS,SHREE SATGURU FILLING STATION BHARAT PETROLEUM DEALERS,VILLAGE BAREMA,TEHSIL RAJATALAB,VARANASI,VARANASI,Uttar Pradesh,IN-25,221405,"VILLAGE BAREMA, TEHSIL RAJATALAB, VARANASI, VARANASI, 221405, India",8318122270,shreesa215714@bpclretail.in,25.3663307,82.8502923,"DIESEL, PETROL","Pure_Sure, Air_Filling, TWO_FOUR_SEVEN",2026-09-02 16:15:18
0000239502,SHRI RAM BALI FILLING STATION BHARAT PETROLEUM DEALERS,SHRI RAM BALI FILLING STATION BHARAT PETROLEUM DEALERS,"2634/2, AZGARA BAZAR, NIYAR ROAD,","CHAOLAPUR, AZGARA KHAS, VARANASI, U",VARANASI,VARANASI,Uttar Pradesh,IN-25,221101,"2634/2, AZGARA BAZAR, NIYAR ROAD,, CHAOLAPUR, AZGARA KHAS, VARANASI, U, VARANASI, VARANASI, 221101, India",9198024067,vidverma27@gmail.com,25.494549,83.049739,"DIESEL, PETROL","Pure_Sure, Air_Filling, TWO_FOUR_SEVEN",2026-09-02 16:15:18
0000265302,SRI GOVARDHAN PETROLEUM BHARAT PETROLEUM DEALERS,SRI GOVARDHAN PETROLEUM BHARAT PETROLEUM DEALERS,KHASRA NUMBER 1009,"RAMPUR THANA, PINDRA",VARANASI,VARANASI,Uttar Pradesh,IN-25,221207,"KHASRA NUMBER 1009, RAMPUR THANA, PINDRA, VARANASI, VARANASI, 221207, India",9415644716,meenadevirampur64@gmail.com,25.517609,82.78771,"DIESEL, PETROL",Air_Filling,2026-09-02 16:15:18
0000121553,SURESH SERVICE STATION (HSD) BHARAT PETROLEUM DEALERS,SURESH SERVICE STATION (HSD) BHARAT PETROLEUM DEALERS,RAM NAGAR,RAM NAGAR,VARANASI,VARANASI,Uttar Pradesh,IN-25,221002,"RAM NAGAR, RAM NAGAR, VARANASI, VARANASI, 221002, India",9450540747,suresh121553@bpclretail.in,25.252361,83.038158,DIESEL,"Automation, Pure_Sure, Air_Filling, Parking, TWO_FOUR_SEVEN",2026-09-02 16:15:18
0000121552,SURESH SERVICE STATION (MS) BHARAT PETROLEUM DEALERS,SURESH SERVICE STATION (MS) BHARAT PETROLEUM DEALERS,NADESAR,NANDESAR TO GHOSABAD RD,VARANASI,VARANASI,Uttar Pradesh,IN-25,221002,"NADESAR, NANDESAR TO GHOSABAD RD, VARANASI, VARANASI, 221002, India",9450540747,suresh121552@bpclretail.in,25.333049,82.990304,"DIESEL, PETROL, SPEED","Automation, Pure_Sure, Air_Filling, TWO_FOUR_SEVEN",2026-09-02 16:15:18
0000228913,TEJAS FUEL MART BHARAT PETROLEUM DEALERS,TEJAS FUEL MART BHARAT PETROLEUM DEALERS,VILLAGE BHADWAR NH-19 (OLD NH-2,TESHSIL-SADAR,VARANASI,VARANASI,Uttar Pradesh,IN-25,221311,"VILLAGE BHADWAR NH-19 (OLD NH-2, TESHSIL-SADAR, VARANASI, VARANASI, 221311, India",7347879000,tejasfuelmart@gmail.com,25.259176,82.912536,"DIESEL, PETROL","Automation, Pure_Sure, Air_Filling, TWO_FOUR_SEVEN",2026-09-02 16:15:18
0000215942,TRILOKI FILLING STATION BHARAT PETROLEUM DEALERS,TRILOKI FILLING STATION BHARAT PETROLEUM DEALERS,VILLAGE SHIVDASPUR,TEHSIL SADAR,VARANASI,VARANASI,Uttar Pradesh,IN-25,221103,"VILLAGE SHIVDASPUR, TEHSIL SADAR, VARANASI, VARANASI, 221103, India",8932009988,hiteshpatelgolu@gmail.com,25.3060672,82.9674813,"DIESEL, PETROL","Pure_Sure, Air_Filling, TWO_FOUR_SEVEN",2026-09-02 16:15:18
0000121576,U P MOTOR SERVICE STATION BHARAT PETROLEUM DEALERS,U P MOTOR SERVICE STATION BHARAT PETROLEUM DEALERS,KACHAHARI ROAD,VARUNAPUL,VARANASI,VARANASI,Uttar Pradesh,IN-25,221002,"KACHAHARI ROAD, VARUNAPUL, VARANASI, VARANASI, 221002, India",9415304304,up121576@bpclretail.in,25.338362,82.982454,"DIESEL, PETROL, SPEED","Pure_Sure, Air_Filling, TWO_FOUR_SEVEN",2026-09-02 16:15:18
0000256103,USHA FUEL SERVICE CENTER BHARAT PETROLEUM DEALERS,USHA FUEL SERVICE CENTER BHARAT PETROLEUM DEALERS,ARAZI NO. 452 DEURA,PARAGANA-KASVA SARKARI,VARANASI,VARANASI,Uttar Pradesh,IN-25,221011,"ARAZI NO. 452 DEURA, PARAGANA-KASVA SARKARI, VARANASI, VARANASI, 221011, India",9415447728,ashishkumarbpcl@gmail.com,25.249883,82.896449,"DIESEL, PETROL","Pure_Sure, Air_Filling, TWO_FOUR_SEVEN",2026-09-02 16:15:18
0000258740,UTKARSH FILLING STATION BHARAT PETROLEUM DEALERS,UTKARSH FILLING STATION BHARAT PETROLEUM DEALERS,"ARAZI NUMBER 358,TEHSIL RAJATALAB,",RAJATALAB JAKIKHANI ROAD,VARANASI,VARANASI,Uttar Pradesh,IN-25,221401,"ARAZI NUMBER 358,TEHSIL RAJATALAB,, RAJATALAB JAKIKHANI ROAD, VARANASI, VARANASI, 221401, India",9935036126,singhpreeti0542@gmail.com,25.2254981,82.847404,"DIESEL, PETROL","Pure_Sure, Air_Filling, TWO_FOUR_SEVEN",2026-09-02 16:15:18
0000244268,YUVRAJ FUEL STATION BHARAT PETROLEUM DEALERS,YUVRAJ FUEL STATION BHARAT PETROLEUM DEALERS,"ARAZI NO. 802 MI, VILLAGE BHITI",RAMNAGAR,VARANASI,VARANASI,Uttar Pradesh,IN-25,221009,"ARAZI NO. 802 MI, VILLAGE BHITI, RAMNAGAR, VARANASI, VARANASI, 221009, India",9918666500,vijay6149vk@gmail.com,25.2537581,83.0587237,"DIESEL, PETROL","Automation, Pure_Sure, Air_Filling, TWO_FOUR_SEVEN",2026-09-02 16:15:18
0000121574,ADITYA PETRO DIESEL BHARAT PETROLEUM DEALERS,ADITYA PETRO DIESEL BHARAT PETROLEUM DEALERS,VILL. PANIHARI,"CHOBEYPUR, VARANASI",CHOBEYPUR,VARANASI UTTAR PRADE,Uttar Pradesh,IN-25,221104,"VILL. PANIHARI, CHOBEYPUR, VARANASI, CHOBEYPUR, VARANASI UTTAR PRADE, 221104, India",7007671592,aditya121574@bpclretail.in,25.428131,83.08717,"DIESEL, PETROL, SPEED","Automation, Pure_Sure, Air_Filling, Parking, TWO_FOUR_SEVEN",2026-09-02 16:15:18
0000121559,MAIDAGIN F/S (MS) BHARAT PETROLEUM DEALERS,MAIDAGIN F/S (MS) BHARAT PETROLEUM DEALERS,MAIDAGIN,MAIDAGIN,MAIDAGIN,VARANASI UTTAR PRADE,Uttar Pradesh,IN-25,221001,"MAIDAGIN, MAIDAGIN, MAIDAGIN, VARANASI UTTAR PRADE, 221001, India",9335699416,maidagin121559@bpclretail.in,25.320016,83.012867,"DIESEL, PETROL, SPEED","Automation, Pure_Sure, Air_Filling, TWO_FOUR_SEVEN",2026-09-02 16:15:18
0000121568,NK PANDEY &CO. BHARAT PETROLEUM DEALERS,NK PANDEY &CO. BHARAT PETROLEUM DEALERS,GT ROAD RAJGHAT,VARANASI,RAJGHAT,VARANASI UTTAR PRADE,Uttar Pradesh,IN-25,221001,"GT ROAD RAJGHAT, VARANASI, RAJGHAT, VARANASI UTTAR PRADE, 221001, India",9415223731,nkpandey121568@bpclretail.in,25.326739,83.029072,"DIESEL, PETROL, SPEED","Automation, Air_Filling",2026-09-02 16:15:18
0000121560,MAIDAGIN  F/S (HSD) BHARAT PETROLEUM DEALERS,MAIDAGIN  F/S (HSD) BHARAT PETROLEUM DEALERS,TINGRA MOAD,RAM NAGAR,RAM NAGAR,VARANASI UTTAR PRADE,Uttar Pradesh,IN-25,221001,"TINGRA MOAD, RAM NAGAR, RAM NAGAR, VARANASI UTTAR PRADE, 221001, India",9919163704,maidagin121560@bpclretail.in,25.250829,83.038273,DIESEL,"Automation, Air_Filling",2026-09-02 16:15:18
0000131232,BP-BABATPUR BHARAT PETROLEUM DEALERS,BP-BABATPUR BHARAT PETROLEUM DEALERS,BABATPUR,NH-56 VARANASI - LUCKNOW ROAD,VARANASI,VARANASI UTTAR PRADE,Uttar Pradesh,IN-25,221003,"BABATPUR, NH-56 VARANASI - LUCKNOW ROAD, VARANASI, VARANASI UTTAR PRADE, 221003, India",,bp131232@bpclretail.in,25.423916,82.872094,,"Pure_Sure, Air_Filling, Parking, TWO_FOUR_SEVEN",2026-09-02 16:15:18
0000166747,DHANWANTRI FILLING STATION (AD BHARAT PETROLEUM DEALERS,DHANWANTRI FILLING STATION (AD BHARAT PETROLEUM DEALERS,TILMAPUR,NH-29,VARANASI,VARANASI UTTAR PRADE,Uttar Pradesh,IN-25,221007,"TILMAPUR, NH-29, VARANASI, VARANASI UTTAR PRADE, 221007, India",,dhanwantri166747@bpclretail.in,25.364044,83.035124,,"Parking, Air_Filling",2026-09-02 16:15:18
0000121566,MISHRA AUTO SALES (HSD) BHARAT PETROLEUM DEALERS,MISHRA AUTO SALES (HSD) BHARAT PETROLEUM DEALERS,KHAJURI NH-2,VARANASI,VARANASI,VARANASI UTTAR PRADE,Uttar Pradesh,IN-25,221104,"KHAJURI NH-2, VARANASI, VARANASI, VARANASI UTTAR PRADE, 221104, India",9450960537,mishra.121566@bpclretail.in,25.275697,82.809244,DIESEL,"Automation, Parking, Air_Filling",2026-09-02 16:15:18
0000181947,SAROJA PETROLEUMS ADHOC BHARAT PETROLEUM DEALERS,SAROJA PETROLEUMS ADHOC BHARAT PETROLEUM DEALERS,CHAWKAGHAT,NEAR RAILWAY BRIDGE,VARANASI,VARANASI UTTAR PRADE,Uttar Pradesh,IN-25,221002,"CHAWKAGHAT, NEAR RAILWAY BRIDGE, VARANASI, VARANASI UTTAR PRADE, 221002, India",,sunnyjohar@rediffmail.com,25.334135,82.994585,,"In_Out, Air_Filling",2026-09-02 16:15:18
0000121558,SABHARWAL  BROS (HSD) BHARAT PETROLEUM DEALERS,SABHARWAL  BROS (HSD) BHARAT PETROLEUM DEALERS,HARHUA,HARHUA,VARANASI,VARANASI-,Uttar Pradesh,IN-25,221002,"HARHUA, HARHUA, VARANASI, VARANASI-, 221002, India",,sabharwalhsd121558@bpclretail.in,25.386604,82.896223,,Air_Filling,2026-09-02 16:15:18
0000121557,SABHARWAL  BROS (MS) BHARAT PETROLEUM DEALERS,SABHARWAL  BROS (MS) BHARAT PETROLEUM DEALERS,CHAWKAGHAT,,VARANASI,VARANASI-,Uttar Pradesh,IN-25,221002,"CHAWKAGHAT, , VARANASI, VARANASI-, 221002, India",,sabharwalms121557@bpclretail.in,25.334135,82.994585,,Air_Filling,2026-09-02 16:15:18
0000244759,NEW CHAKRATA FUELS BHARAT PETROLEUM DEALERS,NEW CHAKRATA FUELS BHARAT PETROLEUM DEALERS,MAUZA THANA,PURODI,CHAKRATA,DEHRADUN,Uttrakhand,IN-30,248123,"MAUZA THANA, PURODI, CHAKRATA, DEHRADUN, 248123, India",9410941111,cc244759@bpclretail.in,30.66093325,77.89528904,"DIESEL, PETROL","Pure_Sure, Air_Filling, TWO_FOUR_SEVEN",2026-09-02 16:15:16
0000176460,SH SURJAN SINGH KIRTI CHAKRA FILLING STATION BPCL DEALER,SH SURJAN SINGH KIRTI CHAKRA FILLING STATION BPCL DEALER,KHSRA NO 1588 JOGIWALAMUSOORIE ROAD,NATHANPUR,DEHRADOON,DEHRADUN,Uttrakhand,IN-30,248001,"KHSRA NO 1588 JOGIWALAMUSOORIE ROAD, NATHANPUR, DEHRADOON, DEHRADUN, 248001, India",7351595835,surjan176460@bpclretail.in,30.303365,78.074966,"DIESEL, PETROL, SPEED","Automation, Pure_Sure, Air_Filling, TWO_FOUR_SEVEN",2026-09-02 16:15:16
0000247753,AADI FILLING STATION BHARAT PETROLEUM DEALERS,AADI FILLING STATION BHARAT PETROLEUM DEALERS,KIRSALI CHOWK,ON SAHASTRADHARA ROAD,DEHRADUN,DEHRADUN,Uttrakhand,IN-30,248013,"KIRSALI CHOWK, ON SAHASTRADHARA ROAD, DEHRADUN, DEHRADUN, 248013, India",9084654762,cc247753@bpclretail.in,30.37432712,78.10053443,"DIESEL, PETROL, SPEED","Automation, Pure_Sure, Air_Filling, TWO_FOUR_SEVEN",2026-09-02 16:15:16
0000116435,ABNER FILLING STATION BHARAT PETROLEUM DEALERS,ABNER FILLING STATION BHARAT PETROLEUM DEALERS,,,DEHRADUN,DEHRADUN,Uttrakhand,IN-30,248001,", , DEHRADUN, DEHRADUN, 248001, India",9311500001,abner116435@bpclretail.in,30.325546,78.043196,"DIESEL, PETROL, SPEED","Automation, Pure_Sure, Air_Filling, TWO_FOUR_SEVEN",2026-09-02 16:15:16
0000116436,ANANDPRAKASH & SONS BHARAT PETROLEUM DEALERS,ANANDPRAKASH & SONS BHARAT PETROLEUM DEALERS,VILLAGE KANWALI,VILLAGE KANWALI,DEHRADUN,DEHRADUN,Uttrakhand,IN-30,248001,"VILLAGE KANWALI, VILLAGE KANWALI, DEHRADUN, DEHRADUN, 248001, India",6395782588,anandprakash116436@bpclretail.in,30.321758,78.013447,"DIESEL, PETROL, SPEED","Automation, Pure_Sure, Air_Filling, TWO_FOUR_SEVEN",2026-09-02 16:15:16
0000116437,BHAGWATI FILLING STATION BHARAT PETROLEUM DEALERS,BHAGWATI FILLING STATION BHARAT PETROLEUM DEALERS,MAHATMA GANDHI ROAD,DEHRADUN,DEHRADUN,DEHRADUN,Uttrakhand,IN-30,248001,"MAHATMA GANDHI ROAD, DEHRADUN, DEHRADUN, DEHRADUN, 248001, India",9897884283,bhagwati116437@bpclretail.in,30.315559714445,78.037025670415,"DIESEL, PETROL, SPEED","Automation, Air_Filling",2026-09-02 16:15:16
0000190671,KC PETROLEUM BHARAT PETROLEUM DEALERS,KC PETROLEUM BHARAT PETROLEUM DEALERS,CHAKRATA ROAD,DEHRADUN,DEHRADUN,DEHRADUN,Uttrakhand,IN-30,248001,"CHAKRATA ROAD, DEHRADUN, DEHRADUN, DEHRADUN, 248001, India",9412228197,kcpetroleum190671@bpclretail.in,30.33361,78.015873,"DIESEL, PETROL, SPEED","Automation, Pure_Sure, Air_Filling, TWO_FOUR_SEVEN",2026-09-02 16:15:16
0000116438,KOHLI FILLING STATION BHARAT PETROLEUM DEALERS,KOHLI FILLING STATION BHARAT PETROLEUM DEALERS,SAHARANPUR ROAD,,DEHRADUN,DEHRADUN,Uttrakhand,IN-30,248001,"SAHARANPUR ROAD, , DEHRADUN, DEHRADUN, 248001, India",9411113995,kohli116438@bpclretail.in,30.311382,78.022132,"DIESEL, PETROL","Automation, Pure_Sure, Air_Filling, TWO_FOUR_SEVEN",2026-09-02 16:15:16
0000185874,MAHADEV FUELS BHARAT PETROLEUM DEALERS,MAHADEV FUELS BHARAT PETROLEUM DEALERS,RAIPUR ROAD,LADPUR,DEHRADUN,DEHRADUN,Uttrakhand,IN-30,248008,"RAIPUR ROAD, LADPUR, DEHRADUN, DEHRADUN, 248008, India",9412119001,mahadev185874@bpclretail.in,30.3177424985,78.080392848,"DIESEL, PETROL, SPEED","Automation, Air_Filling",2026-09-02 16:15:16
0000238343,MATRUBHOOMI FILLING STATION BHARAT PETROLEUM DEALERS,MATRUBHOOMI FILLING STATION BHARAT PETROLEUM DEALERS,BARASI GRANT,BARASI GRANT,DEHRADUN,DEHRADUN,Uttrakhand,IN-30,248001,"BARASI GRANT, BARASI GRANT, DEHRADUN, DEHRADUN, 248001, India",9903293596,cc238343@bpclretail.in,30.24642831,78.15425833,"DIESEL, PETROL, SPEED","Automation, Pure_Sure, Air_Filling, TWO_FOUR_SEVEN",2026-09-02 16:15:16
0000238236,MAYALKA PETROLEUM BHARAT PETROLEUM DEALERS,MAYALKA PETROLEUM BHARAT PETROLEUM DEALERS,MUSSOORIE ROAD,MUSSOORIE ROAD,DEHRADUN,DEHRADUN,Uttrakhand,IN-30,248001,"MUSSOORIE ROAD, MUSSOORIE ROAD, DEHRADUN, DEHRADUN, 248001, India",8218266318,cc238236@bpclretail.in,30.38534982,78.07453968,"DIESEL, PETROL, SPEED, SPEED 100 BS IV","Pure_Sure, Air_Filling, TWO_FOUR_SEVEN",2026-09-02 16:15:16
0000219114,MILESTONE FILLING STATION,MILESTONE FILLING STATION,KHASRA NO. 672,VILLAGE AND MAUJA PONDHA,DEHRADUN,DEHRADUN,Uttrakhand,IN-30,248007,"KHASRA NO. 672, VILLAGE AND MAUJA PONDHA, DEHRADUN, DEHRADUN, 248007, India",9760072557,milestone219114@bpclretail.in,30.37155879,77.97430149,"DIESEL, PETROL, SPEED","Pure_Sure, Air_Filling, TWO_FOUR_SEVEN",2026-09-02 16:15:16
0000215596,NORTH STAR ENERGY BHARAT PETROLEUM DEALERS,NORTH STAR ENERGY BHARAT PETROLEUM DEALERS,KHASRA NO 1547 KA,VILAGE DEHRAKHAS,DEHRADUN,DEHRADUN,Uttrakhand,IN-30,248001,"KHASRA NO 1547 KA, VILAGE DEHRAKHAS, DEHRADUN, DEHRADUN, 248001, India",8424024257,north215596@bpclretail.in,30.29141017,78.0251897,"DIESEL, PETROL, SPEED","Automation, Pure_Sure, Air_Filling, TWO_FOUR_SEVEN",2026-09-02 16:15:16
0000211764,NORTH STAR FUELS BHARAT PETROLEUM DEALERS,NORTH STAR FUELS BHARAT PETROLEUM DEALERS,KHASRA 284/1 AND 305,AJABPUR KHURD,DEHRADUN,DEHRADUN,Uttrakhand,IN-30,248001,"KHASRA 284/1 AND 305, AJABPUR KHURD, DEHRADUN, DEHRADUN, 248001, India",8424024257,northsta211764@bpclretail.in,30.287691981,78.03166311039,"DIESEL, PETROL, SPEED","Pure_Sure, Air_Filling, TWO_FOUR_SEVEN",2026-09-02 16:15:16
0000262486,RUDRA FILLING STATION BHARAT PETROLEUM DEALERS,RUDRA FILLING STATION BHARAT PETROLEUM DEALERS,VILLAGE RUDRAPUR,RAJBALA ROAD,DEHRADUN,DEHRADUN,Uttrakhand,IN-30,248196,"VILLAGE RUDRAPUR, RAJBALA ROAD, DEHRADUN, DEHRADUN, 248196, India",7292001857,rudrafillingstationbpcl@gmail.com,30.445554,77.851336,"DIESEL, PETROL","Pure_Sure, Air_Filling, TWO_FOUR_SEVEN",2026-09-02 16:15:16
0000215588,SEMWAL ENTERPRISES BHARAT PETROLEUM DEALERS,SEMWAL ENTERPRISES BHARAT PETROLEUM DEALERS,KHASRA NO 2064 KA AND KHA,"VILLAGE AJABPUR KALAN, DEHRADUN",DEHRADUN,DEHRADUN,Uttrakhand,IN-30,248001,"KHASRA NO 2064 KA AND KHA, VILLAGE AJABPUR KALAN, DEHRADUN, DEHRADUN, DEHRADUN, 248001, India",9312210300,semwal215588@bpclretail.in,30.279504520554,78.038700592006,"DIESEL, PETROL, SPEED","Pure_Sure, Air_Filling, TWO_FOUR_SEVEN",2026-09-02 16:15:16
0000222969,SHAEED GYAN SINGH BISHT FILLIN BHARAT PETROLEUM DEALERS,SHAEED GYAN SINGH BISHT FILLIN BHARAT PETROLEUM DEALERS,NEAR DOBHAL CHOWK,RAIPUR ROAD,DEHRADUN,DEHRADUN,Uttrakhand,IN-30,248001,"NEAR DOBHAL CHOWK, RAIPUR ROAD, DEHRADUN, DEHRADUN, 248001, India",9897737141,gyan154282@bpclretail.in,30.299301,78.0771384,,Air_Filling,2026-09-02 16:15:16
0000223394,SHAHEED GYAN SINGH BISHT FILLI BHARAT PETROLEUM DEALERS,SHAHEED GYAN SINGH BISHT FILLI BHARAT PETROLEUM DEALERS,NEAR DOBHAL CHOWK,RAIPUR ROAD,DEHRADUN,DEHRADUN,Uttrakhand,IN-30,248001,"NEAR DOBHAL CHOWK, RAIPUR ROAD, DEHRADUN, DEHRADUN, 248001, India",9897737141,gyan154282@bpclretail.in,30.29932143,78.07880158,"DIESEL, PETROL","Pure_Sure, Air_Filling, TWO_FOUR_SEVEN",2026-09-02 16:15:16
0000227990,SHAREE RAM FUELS BHARAT PETROLEUM DEALERS,SHAREE RAM FUELS BHARAT PETROLEUM DEALERS,MAUZA KANWALI,GMS ROAD,DEHRADUN,DEHRADUN,Uttrakhand,IN-30,248001,"MAUZA KANWALI, GMS ROAD, DEHRADUN, DEHRADUN, 248001, India",9719610002,shareeram227990@bpclretail.in,30.31428102,78.0106614,"DIESEL, PETROL, SPEED","Pure_Sure, Air_Filling, TWO_FOUR_SEVEN",2026-09-02 16:15:16
0000116446,SHIV FILLING STATION BHARAT PETROLEUM DEALERS,SHIV FILLING STATION BHARAT PETROLEUM DEALERS,SHEWLA KHURD,DEHRADUN,DEHRADUN,DEHRADUN,Uttrakhand,IN-30,248001,"SHEWLA KHURD, DEHRADUN, DEHRADUN, DEHRADUN, 248001, India",9410130067,shiv116446@bpclretail.in,30.284087,77.993437,"DIESEL, PETROL, SPEED","In_Out, Automation, Pure_Sure, Air_Filling, TWO_FOUR_SEVEN",2026-09-02 16:15:16
0000190917,SHREE BANKEY BIHARI FILLING ST BHARAT PETROLEUM DEALERS,SHREE BANKEY BIHARI FILLING ST BHARAT PETROLEUM DEALERS,SHIMLA BYEPASS ROAD,DEHRADUN,DEHRADUN,DEHRADUN,Uttrakhand,IN-30,248007,"SHIMLA BYEPASS ROAD, DEHRADUN, DEHRADUN, DEHRADUN, 248007, India",9897228198,shreebankey190917@bpclretail.in,30.3032889598,77.9897120435,"DIESEL, PETROL, SPEED","Automation, Pure_Sure, Air_Filling, TWO_FOUR_SEVEN",2026-09-02 16:15:16
0000215068,SHREE VARDHMAN FUELS BHARAT PETROLEUM DEALERS,SHREE VARDHMAN FUELS BHARAT PETROLEUM DEALERS,"78, SHASTRI NAGAR, DEHRADUN,",DEHRADUN,DEHRADUN,DEHRADUN,Uttrakhand,IN-30,248001,"78, SHASTRI NAGAR, DEHRADUN,, DEHRADUN, DEHRADUN, DEHRADUN, 248001, India",9997233699,shreevar215068@bpclretail.in,30.290709131,78.061339028272,"DIESEL, PETROL, SPEED","Pure_Sure, Air_Filling, TWO_FOUR_SEVEN",2026-09-02 16:15:16
0000116439,UNIVERSAL FILLING STATION BHARAT PETROLEUM DEALERS,UNIVERSAL FILLING STATION BHARAT PETROLEUM DEALERS,RAJPUR ROAD,RAJPUR ROAD,DEHRADUN,DEHRADUN,Uttrakhand,IN-30,248001,"RAJPUR ROAD, RAJPUR ROAD, DEHRADUN, DEHRADUN, 248001, India",9837161900,universal116439@bpclretail.in,30.326229,78.043887,"DIESEL, PETROL, SPEED, SPEED 100 BS IV","Automation, Air_Filling",2026-09-02 16:15:16
0000217786,USHA ENTERPRISES BHARAT PETROLEUM DEALERS,USHA ENTERPRISES BHARAT PETROLEUM DEALERS,"8 MAYUR VIHAR EXTENSION,",SAHASDHARA ROAD,DEHRADUN,DEHRADUN,Uttrakhand,IN-30,248001,"8 MAYUR VIHAR EXTENSION,, SAHASDHARA ROAD, DEHRADUN, DEHRADUN, 248001, India",8057317880,usha217786@bpclretail.in,30.34469450161,78.074556486099,"DIESEL, PETROL, SPEED, SPEED 100 BS IV","Automation, Pure_Sure, Air_Filling, TWO_FOUR_SEVEN",2026-09-02 16:15:16
0000148787,M.J.FUELS BHARAT PETROLEUM DEALERS,M.J.FUELS BHARAT PETROLEUM DEALERS,"OPP, SHANTI KUNJ UNIVERSITY","PO, HARIPUR KALAN,TEHSIL, RISHIKESH","HARIPUR KALAN, RISHIKESH",DEHRADUN,Uttrakhand,IN-30,249205,"OPP, SHANTI KUNJ UNIVERSITY, PO, HARIPUR KALAN,TEHSIL, RISHIKESH, HARIPUR KALAN, RISHIKESH, DEHRADUN, 249205, India",9719362292,mjs148787@bpclretail.in,30.000278,78.189824,"DIESEL, PETROL, SPEED","Automation, Pure_Sure, Air_Filling, TWO_FOUR_SEVEN",2026-09-02 16:15:16
0000169535,LOK PUJYA FILLING CENTRE BHARAT PETROLEUM DEALERS,LOK PUJYA FILLING CENTRE BHARAT PETROLEUM DEALERS,VILLAGE- HARRAWALA,"NH-72, HARIDWAR ROAD",HARRAWALA,DEHRADUN,Uttrakhand,IN-30,248001,"VILLAGE- HARRAWALA, NH-72, HARIDWAR ROAD, HARRAWALA, DEHRADUN, 248001, India",09450385530,lokpujya169535@bpclretail.in,30.260939,78.088294,"DIESEL, PETROL, SPEED","Automation, Pure_Sure, Air_Filling, Parking, TWO_FOUR_SEVEN",2026-09-02 16:15:16
0000249451,SHREE KRISHNA FILLING STATION BHARAT PETROLEUM DEALERS,SHREE KRISHNA FILLING STATION BHARAT PETROLEUM DEALERS,HARRAWALA,DEHRADUN,HARRAWALA,DEHRADUN,Uttrakhand,IN-30,248001,"HARRAWALA, DEHRADUN, HARRAWALA, DEHRADUN, 248001, India",9412056953,guptasachin078@gmail.com,30.260939,78.088294,"DIESEL, PETROL","Automation, Air_Filling",2026-09-02 16:15:16
0000149418,RAKESH FILLING STATION BHARAT PETROLEUM DEALERS,RAKESH FILLING STATION BHARAT PETROLEUM DEALERS,VILL  JAMNIPUR,,HERBERTPUR,DEHRADUN,Uttrakhand,IN-30,248142,"VILL  JAMNIPUR, , HERBERTPUR, DEHRADUN, 248142, India",9411110819,rakesh149418@bpclretail.in,30.432975,77.756036,"DIESEL, PETROL, SPEED","Automation, Pure_Sure, Air_Filling, TWO_FOUR_SEVEN",2026-09-02 16:15:16
0000183183,SHREE KRISHNA FILLING STATION BHARAT PETROLEUM DEALERS,SHREE KRISHNA FILLING STATION BHARAT PETROLEUM DEALERS,PLOT NO 140/1 & 140/2,PREMNAGAR,KHERI,DEHRADUN,Uttrakhand,IN-30,248198,"PLOT NO 140/1 & 140/2, PREMNAGAR, KHERI, DEHRADUN, 248198, India",9412056953,shreekr183183@bpclretail.in,30.339266,77.95643,"DIESEL, PETROL, SPEED, SPEED 100 BS IV","Automation, Pure_Sure, Air_Filling, TWO_FOUR_SEVEN",2026-09-02 16:15:16
0000149419,OM FILLING STATION BHARAT PETROLEUM DEALERS,OM FILLING STATION BHARAT PETROLEUM DEALERS,"KIN CRAIG,",SH-35,MUSSOORIE,DEHRADUN,Uttrakhand,IN-30,248179,"KIN CRAIG,, SH-35, MUSSOORIE, DEHRADUN, 248179, India",9837007763,om149419@bpclretail.in,30.452011,78.07902,"DIESEL, PETROL","Automation, Pure_Sure, Air_Filling, ATM, TWO_FOUR_SEVEN",2026-09-02 16:15:16
0000116434,TAXI SANGAM BHARAT PETROLEUM DEALERS,TAXI SANGAM BHARAT PETROLEUM DEALERS,RAIWALA,RISHIKESH ROAD,RAIWALA,DEHRADUN,Uttrakhand,IN-30,249402,"RAIWALA, RISHIKESH ROAD, RAIWALA, DEHRADUN, 249402, India",9837067216,taxisangam116434@bpclretail.in,30.035048,78.210422,"DIESEL, PETROL, SPEED","Automation, Pure_Sure, Air_Filling, Parking, TWO_FOUR_SEVEN",2026-09-02 16:15:16
0000116431,BIRENDRADUTT HARIRAM BHARAT PETROLEUM DEALERS,BIRENDRADUTT HARIRAM BHARAT PETROLEUM DEALERS,LAXMAN JHULA ROAD,RISHIKESH,RISHIKESH,DEHRADUN,Uttrakhand,IN-30,249201,"LAXMAN JHULA ROAD, RISHIKESH, RISHIKESH, DEHRADUN, 249201, India",9837066991,birendradutt116431@bpclretail.in,30.107425,78.299715,"DIESEL, PETROL, SPEED","Automation, Pure_Sure, Air_Filling, TWO_FOUR_SEVEN",2026-09-02 16:15:16
0000116432,BIRENDRADUTT HARIRAM BHARAT PETROLEUM DEALERS,BIRENDRADUTT HARIRAM BHARAT PETROLEUM DEALERS,RISHIKESH BYPASS,RISHIKESH,RISHIKESH BYE -PASS,DEHRADUN,Uttrakhand,IN-30,249201,"RISHIKESH BYPASS, RISHIKESH, RISHIKESH BYE -PASS, DEHRADUN, 249201, India",9837066993,birendradutt116432@bpclretail.in,30.116165,78.285808,"DIESEL, PETROL","Automation, Pure_Sure, Air_Filling, TWO_FOUR_SEVEN",2026-09-02 16:15:16
0000154500,KARGIL SHAHID ANAND S ASWAL F/ BHARAT PETROLEUM DEALERS,KARGIL SHAHID ANAND S ASWAL F/ BHARAT PETROLEUM DEALERS,SELAKUIN,DEHRADUN - CHAKRATA ROAD,SELAKUI,DEHRADUN,Uttrakhand,IN-30,248197,"SELAKUIN, DEHRADUN - CHAKRATA ROAD, SELAKUI, DEHRADUN, 248197, India",9410503641,anand154500@bpclretail.in,30.357635,77.851193,"DIESEL, PETROL, SPEED","Automation, Pure_Sure, Air_Filling, TWO_FOUR_SEVEN",2026-09-02 16:15:16
0000192151,ANIL & SONS BHARAT PETROLEUM DEALERS,ANIL & SONS BHARAT PETROLEUM DEALERS,LANGHA ROAD,LANGHA ROAD,VIKASNAGAR,DEHRADUN,Uttrakhand,IN-30,248198,"LANGHA ROAD, LANGHA ROAD, VIKASNAGAR, DEHRADUN, 248198, India",9412917531,anilson192151@bpclretail.in,30.429516034,77.791517551,"DIESEL, PETROL, SPEED","Automation, Pure_Sure, Air_Filling, TWO_FOUR_SEVEN",2026-09-02 16:15:16
0000116441,PARVATIYA SERVICE STATION BHARAT PETROLEUM DEALERS,PARVATIYA SERVICE STATION BHARAT PETROLEUM DEALERS,VIKAS NAGAR,DEHRADUN,VIKASNAGAR,DEHRADUN,Uttrakhand,IN-30,248198,"VIKAS NAGAR, DEHRADUN, VIKASNAGAR, DEHRADUN, 248198, India",9412917531,parvatiya116441@bpclretail.in,30.471902,77.775917,"DIESEL, PETROL, SPEED","Automation, Pure_Sure, Air_Filling, TWO_FOUR_SEVEN",2026-09-02 16:15:16
0000154499,KARGIL SHAHID PARTAP S. PUNDIR BHARAT PETROLEUM DEALERS,KARGIL SHAHID PARTAP S. PUNDIR BHARAT PETROLEUM DEALERS,OPP. UTTAM SUGAR MILLS NH-58,HARIDWAR,GURUKUL NARSEN,HARIDWAR,Uttrakhand,IN-30,248001,"OPP. UTTAM SUGAR MILLS NH-58, HARIDWAR, GURUKUL NARSEN, HARIDWAR, 248001, India",9897744618,pratap154499@bpclretail.in,29.750329,77.851218,"DIESEL, PETROL","Automation, Pure_Sure, Air_Filling, TWO_FOUR_SEVEN",2026-09-02 16:15:17
0000219005,AGROMEC FUELS BHARAT PETROLEUM DEALERS,AGROMEC FUELS BHARAT PETROLEUM DEALERS,VILLAGE BAHADRABAD,HARIDWAR,HARIDWAR,HARIDWAR,Uttrakhand,IN-30,249402,"VILLAGE BAHADRABAD, HARIDWAR, HARIDWAR, HARIDWAR, 249402, India",9897027770,agromecfuels219005@bpclretail.in,29.92077267,78.04906101,"DIESEL, PETROL, SPEED","Pure_Sure, Air_Filling, TWO_FOUR_SEVEN",2026-09-02 16:15:17
0000211401,AR FILLING STATION BHARAT PETROLEUM DEALERS,AR FILLING STATION BHARAT PETROLEUM DEALERS,VILLAGE RAWALI MAHDOOD,HARIDWAR,HARIDWAR,HARIDWAR,Uttrakhand,IN-30,249402,"VILLAGE RAWALI MAHDOOD, HARIDWAR, HARIDWAR, HARIDWAR, 249402, India",9917340506,arfilling211401@bpclretail.in,29.94428158,78.05586223,"DIESEL, PETROL, SPEED","Pure_Sure, Air_Filling, TWO_FOUR_SEVEN",2026-09-02 16:15:17
0000262786,ASHOKA PETROLEUM BHARAT PETROLEUM DEALERS,ASHOKA PETROLEUM BHARAT PETROLEUM DEALERS,DAULATPUR HAZRATPUR URF,BUDHAWA SHAHID,HARIDWAR,HARIDWAR,Uttrakhand,IN-30,247662,"DAULATPUR HAZRATPUR URF, BUDHAWA SHAHID, HARIDWAR, HARIDWAR, 247662, India",9412006311,drashokkumar1805@gmail.com,30.089522,77.881219,"DIESEL, PETROL",Air_Filling,2026-09-02 16:15:16
0000116429,AUTO & CYCLE SALES BHARAT PETROLEUM DEALERS,AUTO & CYCLE SALES BHARAT PETROLEUM DEALERS,RAILWAY ROAD,HARIDWAR,HARIDWAR,HARIDWAR,Uttrakhand,IN-30,249401,"RAILWAY ROAD, HARIDWAR, HARIDWAR, HARIDWAR, 249401, India",9837072229,autocycle116429@bpclretail.in,29.944289,78.151386,"DIESEL, PETROL, SPEED","Automation, Pure_Sure, Air_Filling, TWO_FOUR_SEVEN",2026-09-02 16:15:17
0000213057,BILKESHWAR PETROLEUM BHARAT PETROLEUM DEALERS,BILKESHWAR PETROLEUM BHARAT PETROLEUM DEALERS,KHASRA 394/398 JWALAPUR,TEHSIL HARIDWAR,HARIDWAR,HARIDWAR,Uttrakhand,IN-30,249407,"KHASRA 394/398 JWALAPUR, TEHSIL HARIDWAR, HARIDWAR, HARIDWAR, 249407, India",9997791166,bilkeshw213057@bpclretail.in,29.91878213,78.10524376,"DIESEL, PETROL, SPEED","Pure_Sure, Air_Filling, TWO_FOUR_SEVEN",2026-09-02 16:15:17
0000251845,DHANPURA FUELS BHARAT PETROLEUM DEALERS,DHANPURA FUELS BHARAT PETROLEUM DEALERS,DHANPURA,NH 334A,HARIDWAR,HARIDWAR,Uttrakhand,IN-30,249407,"DHANPURA, NH 334A, HARIDWAR, HARIDWAR, 249407, India",9411100388,cc251845@bpclretail.in,29.838431,78.114887,"DIESEL, PETROL, SPEED","Pure_Sure, Air_Filling, TWO_FOUR_SEVEN",2026-09-02 16:15:17
0000156150,GAYATRI FILLING STATION BHARAT PETROLEUM DEALERS,GAYATRI FILLING STATION BHARAT PETROLEUM DEALERS,"3 KM STONE,",BHAGWANPUR - KALIAR ROAD,HARIDWAR,HARIDWAR,Uttrakhand,IN-30,247661,"3 KM STONE,, BHAGWANPUR - KALIAR ROAD, HARIDWAR, HARIDWAR, 247661, India",7500513100,gayatri156150@bpclretail.in,29.936379142,77.842044248,"DIESEL, PETROL","Automation, Pure_Sure, Air_Filling, TWO_FOUR_SEVEN",2026-09-02 16:15:17
0000179870,JMD FILLING STATION BHARAT PETROLEUM DEALERS,JMD FILLING STATION BHARAT PETROLEUM DEALERS,MANGLORE ROAD,MANGLORE ROAD,HARIDWAR,HARIDWAR,Uttrakhand,IN-30,247665,"MANGLORE ROAD, MANGLORE ROAD, HARIDWAR, HARIDWAR, 247665, India",9837312541,jmdfill179870@bpclretail.in,29.802528,77.795178,"DIESEL, PETROL","Automation, Pure_Sure, Air_Filling, TWO_FOUR_SEVEN",2026-09-02 16:15:17
0000190467,KN FILLING STATION BHARAT PETROLEUM DEALERS,KN FILLING STATION BHARAT PETROLEUM DEALERS,KHANNA NAGAR,KHANNA NAGAR,HARIDWAR,HARIDWAR,Uttrakhand,IN-30,249407,"KHANNA NAGAR, KHANNA NAGAR, HARIDWAR, HARIDWAR, 249407, India",9897096296,knfilling190467@bpclretail.in,29.979669,78.181736,"DIESEL, PETROL, SPEED","Automation, Pure_Sure, Air_Filling, TWO_FOUR_SEVEN",2026-09-02 16:15:16
0000262660,MEERPUR FILLING STATION BHARAT PETROLEUM DEALERS,MEERPUR FILLING STATION BHARAT PETROLEUM DEALERS,VILLAGE MEERPUR MUWAZARPUR,AURANGABAD TO DHANORI ROAD,HARIDWAR,HARIDWAR,Uttrakhand,IN-30,249402,"VILLAGE MEERPUR MUWAZARPUR, AURANGABAD TO DHANORI ROAD, HARIDWAR, HARIDWAR, 249402, India",8859300297,arjunsingh88441@gmail.com,29.960286,77.982313,"DIESEL, PETROL",Air_Filling,2026-09-02 16:15:16
0000262792,MOHAN JI PETROLEUM BHARAT PETROLEUM DEALERS,MOHAN JI PETROLEUM BHARAT PETROLEUM DEALERS,VILLAGE BAHEDI RAJPUTANA,NH334,HARIDWAR,HARIDWAR,Uttrakhand,IN-30,249405,"VILLAGE BAHEDI RAJPUTANA, NH334, HARIDWAR, HARIDWAR, 249405, India",9411100388,modishalesh@gmail.com,29.899211,77.976089,"DIESEL, PETROL",Air_Filling,2026-09-02 16:15:17
0000199192,MS FILLING STATION BHARAT PETROLEUM DEALERS,MS FILLING STATION BHARAT PETROLEUM DEALERS,VILLAGE KISHANPUR,HARIDWAR,HARIDWAR,HARIDWAR,Uttrakhand,IN-30,249408,"VILLAGE KISHANPUR, HARIDWAR, HARIDWAR, HARIDWAR, 249408, India",9837201202,filling199192@bpclretail.in,29.87294546,78.12439965,"DIESEL, PETROL, SPEED","Automation, Pure_Sure, Air_Filling, TWO_FOUR_SEVEN",2026-09-02 16:15:17
0000225713,POOJA FILLING STATION BHARAT PETROLEUM DEALERS,POOJA FILLING STATION BHARAT PETROLEUM DEALERS,"BALMIKI BASTI, JWALAPUR",HARIDWAR,HARIDWAR,HARIDWAR,Uttrakhand,IN-30,249407,"BALMIKI BASTI, JWALAPUR, HARIDWAR, HARIDWAR, HARIDWAR, 249407, India",9897784982,poojafs225713@bpclretail.in,29.9209,78.060097,"DIESEL, PETROL, SPEED","Pure_Sure, Air_Filling, TWO_FOUR_SEVEN",2026-09-02 16:15:17
0000192565,RATANDHAN FILLING STATION BHARAT PETROLEUM DEALERS,RATANDHAN FILLING STATION BHARAT PETROLEUM DEALERS,"DAULATPUR VILLAGE, BAHADRABAD",TEHSIL ROORKEE,HARIDWAR,HARIDWAR,Uttrakhand,IN-30,249403,"DAULATPUR VILLAGE, BAHADRABAD, TEHSIL ROORKEE, HARIDWAR, HARIDWAR, 249403, India",9897098951,ratandhan192565@bpclretail.in,29.93458577,77.98173591,"DIESEL, PETROL, SPEED","Automation, Pure_Sure, Air_Filling, TWO_FOUR_SEVEN",2026-09-02 16:15:17
0000265234,S K FUELS BHARAT PETROLEUM DEALERS,S K FUELS BHARAT PETROLEUM DEALERS,JWALAPUR MANDI,HARIDWAR,HARIDWAR,HARIDWAR,Uttrakhand,IN-30,249408,"JWALAPUR MANDI, HARIDWAR, HARIDWAR, HARIDWAR, 249408, India",8439599249,skfuels9@gmail.com,29.913634,78.100854,"DIESEL, PETROL, SPEED",Air_Filling,2026-09-02 16:15:17
0000263443,SHREE RADHAKRISHN FUELS BHARAT PETROLEUM DEALERS,SHREE RADHAKRISHN FUELS BHARAT PETROLEUM DEALERS,VILLAGE BHAGTANPUR ABIDPUR,URF IBRAHIMPUR,HARIDWAR,HARIDWAR,Uttrakhand,IN-30,249405,"VILLAGE BHAGTANPUR ABIDPUR, URF IBRAHIMPUR, HARIDWAR, HARIDWAR, 249405, India",9997070590,ankursingh5152@gmail.com,29.867255,78.061897,"DIESEL, PETROL",Air_Filling,2026-09-02 16:15:17
0000231638,VISHAL BHARAT FILLING STATION BHARAT PETROLEUM DEALERS,VISHAL BHARAT FILLING STATION BHARAT PETROLEUM DEALERS,NEAR BANDHAN PALACE,RAILWAY ROAD,HARIDWAR,HARIDWAR,Uttrakhand,IN-30,249407,"NEAR BANDHAN PALACE, RAILWAY ROAD, HARIDWAR, HARIDWAR, 249407, India",8439734217,vishalb231638@bpclretail.in,29.924094,78.113556,"DIESEL, PETROL, SPEED","Pure_Sure, Air_Filling, TWO_FOUR_SEVEN",2026-09-02 16:15:17
0000116430,AUTO & CYCLE SALES BHARAT PETROLEUM DEALERS,AUTO & CYCLE SALES BHARAT PETROLEUM DEALERS,HARIDWAR BYPASS ROAD,,HARIDWAR BYE-PASS,HARIDWAR,Uttrakhand,IN-30,249401,"HARIDWAR BYPASS ROAD, , HARIDWAR BYE-PASS, HARIDWAR, 249401, India",9837026376,autocycle116430@bpclretail.in,29.932772,78.143127,"DIESEL, PETROL","Automation, Pure_Sure, Air_Filling, TWO_FOUR_SEVEN",2026-09-02 16:15:17
0000190437,AVTANSH FILLING STATION BHARAT PETROLEUM DEALERS,AVTANSH FILLING STATION BHARAT PETROLEUM DEALERS,HOSHANGPUR,HOSHANGPUR,HOSHANGPUR JHABRERA,HARIDWAR,Uttrakhand,IN-30,247665,"HOSHANGPUR, HOSHANGPUR, HOSHANGPUR JHABRERA, HARIDWAR, 247665, India",9411755667,avtansh190437@bpclretail.in,29.8281533644,77.77459008938,"DIESEL, PETROL","Automation, Pure_Sure, Air_Filling, TWO_FOUR_SEVEN",2026-09-02 16:15:17
0000196360,SHREE HITECH FUELS BHARAT PETROLEUM DEALERS,SHREE HITECH FUELS BHARAT PETROLEUM DEALERS,JHABRERA,HARIDWAR,JHABRERA,HARIDWAR,Uttrakhand,IN-30,247665,"JHABRERA, HARIDWAR, JHABRERA, HARIDWAR, 247665, India",7409119984,shree196360@bpclretail.in,29.81651215,77.77316549,"DIESEL, PETROL","Automation, Pure_Sure, Air_Filling, TWO_FOUR_SEVEN",2026-09-02 16:15:17
0000251881,SHRI KHATU SHYAM FILLING STATI BHARAT PETROLEUM DEALERS,SHRI KHATU SHYAM FILLING STATI BHARAT PETROLEUM DEALERS,JHABRERA,MANGLAUR,JHABRERA,HARIDWAR,Uttrakhand,IN-30,247665,"JHABRERA, MANGLAUR, JHABRERA, HARIDWAR, 247665, India",9917000633,cc251881@bpclretail.in,29.800231,77.78118,"DIESEL, PETROL","Pure_Sure, Air_Filling, TWO_FOUR_SEVEN",2026-09-02 16:15:17
0000183487,KISAN FILLING STATION BHARAT PETROLEUM DEALERS,KISAN FILLING STATION BHARAT PETROLEUM DEALERS,BEDPUR,"KALIYAR, HARIDWAR",KALIYAR,HARIDWAR,Uttrakhand,IN-30,247667,"BEDPUR, KALIYAR, HARIDWAR, KALIYAR, HARIDWAR, 247667, India",7500003144,kisanfi183487@bpclretail.in,29.9381,77.926523,"DIESEL, PETROL","Automation, Pure_Sure, Air_Filling, TWO_FOUR_SEVEN",2026-09-02 16:15:17
0000173157,SHREE GANESH FILLING STATION BHARAT PETROLEUM DEALERS,SHREE GANESH FILLING STATION BHARAT PETROLEUM DEALERS,"LAKSAR ROAD, KANKHAL",DIST HARIDWAR,KANKHAL,HARIDWAR,Uttrakhand,IN-30,249408,"LAKSAR ROAD, KANKHAL, DIST HARIDWAR, KANKHAL, HARIDWAR, 249408, India",9520527559,shreeganesh173157@bpclretail.in,29.923911,78.136774,"DIESEL, PETROL, SPEED","Automation, Pure_Sure, Air_Filling, TWO_FOUR_SEVEN",2026-09-02 16:15:17
0000155617,DHARAM FILLING STATION BHARAT PETROLEUM DEALERS,DHARAM FILLING STATION BHARAT PETROLEUM DEALERS,LAKHNOTA CHOWK,GOKULPUR ROAD,LAKHNOTA,HARIDWAR,Uttrakhand,IN-30,247667,"LAKHNOTA CHOWK, GOKULPUR ROAD, LAKHNOTA, HARIDWAR, 247667, India",9719584333,dharamf155617@bpclretail.in,29.731925,77.8022,"DIESEL, PETROL","Automation, Pure_Sure, Air_Filling, TWO_FOUR_SEVEN",2026-09-02 16:15:17
0000184477,NAV DURGA ENTERPRISES BHARAT PETROLEUM DEALERS,NAV DURGA ENTERPRISES BHARAT PETROLEUM DEALERS,NEAR TI METAL FORLING,LAKSAR PURKAZI ROAD,LAKSAR,HARIDWAR,Uttrakhand,IN-30,247663,"NEAR TI METAL FORLING, LAKSAR PURKAZI ROAD, LAKSAR, HARIDWAR, 247663, India",7017768074,navdurg184477@bpclretail.in,29.716131,78.003537,"DIESEL, PETROL","Automation, Pure_Sure, Air_Filling, TWO_FOUR_SEVEN",2026-09-02 16:15:17
0000262703,SHRI GANESH PRAGYA FILLING STA BHARAT PETROLEUM DEALERS,SHRI GANESH PRAGYA FILLING STA BHARAT PETROLEUM DEALERS,VILLAGE KUDI,ON LAKSAR BIZNOR ROAD,LAKSAR,HARIDWAR,Uttrakhand,IN-30,247663,"VILLAGE KUDI, ON LAKSAR BIZNOR ROAD, LAKSAR, HARIDWAR, 247663, India",9536131314,shrigpfillingstation@gmail.com,29.701938,78.054581,"DIESEL, PETROL",Air_Filling,2026-09-02 16:15:17
0000148028,CHOUDHARY FILLING STATION BHARAT PETROLEUM DEALERS,CHOUDHARY FILLING STATION BHARAT PETROLEUM DEALERS,TEH LAKSAR,LAKSER,LAKSER,HARIDWAR,Uttrakhand,IN-30,247663,"TEH LAKSAR, LAKSER, LAKSER, HARIDWAR, 247663, India",9719463222,choudhary148028@bpclretail.in,29.75692,78.036256,"DIESEL, PETROL","Automation, Pure_Sure, Air_Filling, TWO_FOUR_SEVEN",2026-09-02 16:15:17
0000265221,A-ONE FILLING STATION BHARAT PETROLEUM DEALERS,A-ONE FILLING STATION BHARAT PETROLEUM DEALERS,KHASRA NO 77,SUSADI KHURD,ROORKEE,HARIDWAR,Uttrakhand,IN-30,247667,"KHASRA NO 77, SUSADI KHURD, ROORKEE, HARIDWAR, 247667, India",7017027640,a_k_singhal2002@yahoo.co.in,29.724332,77.786627,"DIESEL, PETROL",Air_Filling,2026-09-02 16:15:17
0000247497,ARYA FILLING STATION BHARAT PETROLEUM DEALERS,ARYA FILLING STATION BHARAT PETROLEUM DEALERS,BELDA AHATMAL,ROORKEE BYE PASS,ROORKEE,HARIDWAR,Uttrakhand,IN-30,247667,"BELDA AHATMAL, ROORKEE BYE PASS, ROORKEE, HARIDWAR, 247667, India",9719009230,cc247497@bpclretail.in,29.885902,77.956358,"DIESEL, PETROL, SPEED","Automation, Pure_Sure, Air_Filling, TWO_FOUR_SEVEN",2026-09-02 16:15:17
0000255997,GSR ENERGY STATION BHARAT PETROLEUM DEALERS,GSR ENERGY STATION BHARAT PETROLEUM DEALERS,MADHOPUR HAZRATPUR,NH 344,ROORKEE,HARIDWAR,Uttrakhand,IN-30,247667,"MADHOPUR HAZRATPUR, NH 344, ROORKEE, HARIDWAR, 247667, India",9719309206,25bhadula@gmail.com,29.89207311,77.85466316,"DIESEL, PETROL, SPEED","Pure_Sure, Air_Filling, TWO_FOUR_SEVEN",2026-09-02 16:15:17
0000182467,JOSHI FILLING STATION BHARAT PETROLEUM DEALERS,JOSHI FILLING STATION BHARAT PETROLEUM DEALERS,VILLAGE SALIYAR,ROORKEE DEHRADUN,ROORKEE,HARIDWAR,Uttrakhand,IN-30,247667,"VILLAGE SALIYAR, ROORKEE DEHRADUN, ROORKEE, HARIDWAR, 247667, India",7042689834,joshifi182467@bpclretail.in,29.905883,77.847189,"DIESEL, PETROL","Automation, Pure_Sure, Air_Filling, TWO_FOUR_SEVEN",2026-09-02 16:15:17
0000262052,KAILASH FILLING STATION BHARAT PETROLEUM DEALERS,KAILASH FILLING STATION BHARAT PETROLEUM DEALERS,"NH 344, PANIYALA CHANDAPUR",SALIYAR BYPASS ROORKEE,ROORKEE,HARIDWAR,Uttrakhand,IN-30,247667,"NH 344, PANIYALA CHANDAPUR, SALIYAR BYPASS ROORKEE, ROORKEE, HARIDWAR, 247667, India",9756620086,choudhary.ps07@gmail.com,29.846898,77.853944,"DIESEL, PETROL","Pure_Sure, Air_Filling, TWO_FOUR_SEVEN",2026-09-02 16:15:17
0000263438,KISAN FUEL SERVICE BHARAT PETROLEUM DEALERS,KISAN FUEL SERVICE BHARAT PETROLEUM DEALERS,VILLAGE SALEMPUR RAJPUTAN,"BHAGWANPUR, ROORKEE",ROORKEE,HARIDWAR,Uttrakhand,IN-30,247667,"VILLAGE SALEMPUR RAJPUTAN, BHAGWANPUR, ROORKEE, ROORKEE, HARIDWAR, 247667, India",9927517595,sachin.pegasus@gmail.com,29.87524,77.850143,"DIESEL, PETROL",Air_Filling,2026-09-02 16:15:17
0000263442,NARAYAN FILLING STATION BHARAT PETROLEUM DEALERS,NARAYAN FILLING STATION BHARAT PETROLEUM DEALERS,VILLAGE KUWAHEDI,NH 334,ROORKEE,HARIDWAR,Uttrakhand,IN-30,247670,"VILLAGE KUWAHEDI, NH 334, ROORKEE, HARIDWAR, 247670, India",9897515122,sa_shubham@yahoo.com,29.687838,77.848699,"DIESEL, PETROL",Air_Filling,2026-09-02 16:15:17
0000116433,PHOOLCHANDRA GUPTA & SONS BHARAT PETROLEUM DEALERS,PHOOLCHANDRA GUPTA & SONS BHARAT PETROLEUM DEALERS,"NAHAR KINARA, CIVIL LINES","ROORKEE,HARIDWAR",ROORKEE,HARIDWAR,Uttrakhand,IN-30,247667,"NAHAR KINARA, CIVIL LINES, ROORKEE,HARIDWAR, ROORKEE, HARIDWAR, 247667, India",9837102392,phoolchand116433@bpclretail.in,29.87423,77.889035,"DIESEL, PETROL, SPEED","Automation, Pure_Sure, Air_Filling, TWO_FOUR_SEVEN",2026-09-02 16:15:17
0000263406,S. A. FILLING STATION BHARAT PETROLEUM DEALERS,S. A. FILLING STATION BHARAT PETROLEUM DEALERS,VILLAGE MUKHIYALI DUNDI,NH 334,ROORKEE,HARIDWAR,Uttrakhand,IN-30,247656,"VILLAGE MUKHIYALI DUNDI, NH 334, ROORKEE, HARIDWAR, 247656, India",9917443322,pervezalam13@gmail.com,29.81445,77.887265,"DIESEL, PETROL",Air_Filling,2026-09-02 16:15:17
0000206909,SHIKHA PETROLEUM ADHOC BHARAT PETROLEUM DEALERS,SHIKHA PETROLEUM ADHOC BHARAT PETROLEUM DEALERS,VILLAGE SALIYAR,ROORKEE DEHRADUN,ROORKEE,HARIDWAR,Uttrakhand,IN-30,247667,"VILLAGE SALIYAR, ROORKEE DEHRADUN, ROORKEE, HARIDWAR, 247667, India",09412074675,shikha138844@bpclretail.in,29.905883,77.847189,"DIESEL, PETROL","Automation, Air_Filling",2026-09-02 16:15:17
0000138844,SHIKHA PETROLEUM BHARAT PETROLEUM CORPORATION L,SHIKHA PETROLEUM BHARAT PETROLEUM CORPORATION L,"SHEIKHPURI, NEAR GANG CANALBRIDGE",DEHRADUN ROAD (NH-73),ROORKEE,HARIDWAR,Uttrakhand,IN-30,247667,"SHEIKHPURI, NEAR GANG CANALBRIDGE, DEHRADUN ROAD (NH-73), ROORKEE, HARIDWAR, 247667, India",9412074675,shikha138844@bpclretail.in,29.858859,77.880502,"DIESEL, PETROL, SPEED","Automation, Pure_Sure, Air_Filling, TWO_FOUR_SEVEN",2026-09-02 16:15:17
0000211360,SHIMLA PETROLEUM BHARAT PETROLEUM DEALERS,SHIMLA PETROLEUM BHARAT PETROLEUM DEALERS,"VILLAGE- MALAKPUR LALIFPUR,ROORKEE",ROORKEE,ROORKEE,HARIDWAR,Uttrakhand,IN-30,247667,"VILLAGE- MALAKPUR LALIFPUR,ROORKEE, ROORKEE, ROORKEE, HARIDWAR, 247667, India",9549594444,shimla211360@bpclretail.in,29.8749955,77.8979745,"DIESEL, PETROL, SPEED","Automation, Pure_Sure, Air_Filling, TWO_FOUR_SEVEN",2026-09-02 16:15:17
0000234348,SHIVAY FILLING STATION BHARAT PETROLEUM DEALERS,SHIVAY FILLING STATION BHARAT PETROLEUM DEALERS,HARIDWAR ROAD,BELDA AHATMAL,ROORKEE,HARIDWAR,Uttrakhand,IN-30,247667,"HARIDWAR ROAD, BELDA AHATMAL, ROORKEE, HARIDWAR, 247667, India",9719009230,cc234348@bpclretail.in,29.88859072,77.94942848,"DIESEL, PETROL, SPEED","Pure_Sure, Air_Filling, TWO_FOUR_SEVEN",2026-09-02 16:15:17
0000251785,SHREE MARUTI FILLING STATION BHARAT PETROLEUM DEALERS,SHREE MARUTI FILLING STATION BHARAT PETROLEUM DEALERS,DHAIYAKI,GURUKUL NARSAN,ROORKEE,HARIDWAR,Uttrakhand,IN-30,247670,"DHAIYAKI, GURUKUL NARSAN, ROORKEE, HARIDWAR, 247670, India",9719222010,cc251785@bpclretail.in,29.736114,77.850439,"DIESEL, PETROL","Pure_Sure, Air_Filling, TWO_FOUR_SEVEN",2026-09-02 16:15:17
0000187182,VASUDEV PETROLEUM BHARAT PETROLEUM DEALERS,VASUDEV PETROLEUM BHARAT PETROLEUM DEALERS,DEHRADUN ROAD,OPP CIVIL HOSPITAL,ROORKEE,HARIDWAR,Uttrakhand,IN-30,247667,"DEHRADUN ROAD, OPP CIVIL HOSPITAL, ROORKEE, HARIDWAR, 247667, India",9760008182,vasudev187182@bpclretail.in,29.878691,77.876298,"DIESEL, PETROL, SPEED","Automation, Pure_Sure, Air_Filling, TWO_FOUR_SEVEN",2026-09-02 16:15:17
0000227260,RAJENDRA FILLING STATION BHARAT PETROLEUM DEALERS,RAJENDRA FILLING STATION BHARAT PETROLEUM DEALERS,NAUBATPUR MULEWALA,IQBALPUR,VILL NAUBATPUR MULEWALA,HARIDWAR,Uttrakhand,IN-30,247668,"NAUBATPUR MULEWALA, IQBALPUR, VILL NAUBATPUR MULEWALA, HARIDWAR, 247668, India",9917913323,rajendra227260@bpclretail.in,29.85941136,77.80674748,"DIESEL, PETROL, SPEED","Pure_Sure, Air_Filling, TWO_FOUR_SEVEN",2026-09-02 16:15:17
0000231864,PADHAAN FUEL STATION BHARAT PETROLEUM DEALERS,PADHAAN FUEL STATION BHARAT PETROLEUM DEALERS,VILLAGE IQBALPUR KAMELPUR,"TEHSIL BHAGWANPUR, ROORKEE",VILLAGE IQBALPUR KAMELPUR,HARIDWAR,Uttrakhand,IN-30,247667,"VILLAGE IQBALPUR KAMELPUR, TEHSIL BHAGWANPUR, ROORKEE, VILLAGE IQBALPUR KAMELPUR, HARIDWAR, 247667, India",9870735986,padhaan231864@bpclretail.in,29.87415788,77.82679234,"DIESEL, PETROL","Pure_Sure, Air_Filling, TWO_FOUR_SEVEN",2026-09-02 16:15:17
0000232705,MAYA DALEL FILLING STATION BHARAT PETROLEUM DEALERS,MAYA DALEL FILLING STATION BHARAT PETROLEUM DEALERS,VILLAGE MAZAHIDPUR SATIWALA,"TEHSIL BHAGWANPUR, DISTT HARIDWAR",VILLAGE MAZAHIDPUR SATIWA,HARIDWAR,Uttrakhand,IN-30,247661,"VILLAGE MAZAHIDPUR SATIWALA, TEHSIL BHAGWANPUR, DISTT HARIDWAR, VILLAGE MAZAHIDPUR SATIWA, HARIDWAR, 247661, India",9719418830,mayadalel232705@bpclretail.in,30.03853639,77.928009,"DIESEL, PETROL","Pure_Sure, Air_Filling, TWO_FOUR_SEVEN",2026-09-02 16:15:16
0000241549,MANGLAUR FILLING STATION BHARAT PETROLEUM DEALERS,MANGLAUR FILLING STATION BHARAT PETROLEUM DEALERS,NH334,SIMLONI,VILLAGE SHIMLONI,HARIDWAR,Uttrakhand,IN-30,247656,"NH334, SIMLONI, VILLAGE SHIMLONI, HARIDWAR, 247656, India",9897355668,manglaurfillingstation@gmail.com,29.80312129,77.87655871,"DIESEL, PETROL, SPEED","Pure_Sure, Air_Filling, TWO_FOUR_SEVEN",2026-09-02 16:15:17
0000142600,AMBA TRANSPORT CO. BHARAT PETROLEUM DEALERS,AMBA TRANSPORT CO. BHARAT PETROLEUM DEALERS,LANDHORA ROORKEE LAKSAR ROAD,DISTRICT HARIDWAR,ROORKEE,HARIDWAR    UTTARANCHAL,Uttrakhand,IN-30,247667,"LANDHORA ROORKEE LAKSAR ROAD, DISTRICT HARIDWAR, ROORKEE, HARIDWAR    UTTARANCHAL, 247667, India",8006005656,amba142600@bpclretail.in,29.814651,77.924872,"DIESEL, PETROL","Automation, Pure_Sure, Air_Filling, TWO_FOUR_SEVEN",2026-09-02 16:15:17
0000170918,EESH KRIPA FILLING STATION BHARAT PETROLEUM DEALERS,EESH KRIPA FILLING STATION BHARAT PETROLEUM DEALERS,"VILLAGE SALEEMPUR,","SIDCUL, BAHADRABAD ROAD",HARIDWAR,"HARIDWAR,UTTARANCHAL",Uttrakhand,IN-30,249402,"VILLAGE SALEEMPUR,, SIDCUL, BAHADRABAD ROAD, HARIDWAR, HARIDWAR,UTTARANCHAL, 249402, India",9997081687,eeshkripa170918@bpclretail.in,29.935642,78.046974,"DIESEL, PETROL, SPEED","Automation, Pure_Sure, Air_Filling, TWO_FOUR_SEVEN",2026-09-02 16:15:17
0000258495,SHRI SIDHBALI FILLING STATION BHARAT PETROLEUM DEALERS,SHRI SIDHBALI FILLING STATION BHARAT PETROLEUM DEALERS,"KHASRA NO.68 MIN, KHATA/KHATOUNI 29","VILL HALDUKHATA, TEH KOTDWAR","HALDUKHATA, KOTDWAR",PAURI GARHWAL,Uttrakhand,IN-30,246149,"KHASRA NO.68 MIN, KHATA/KHATOUNI 29, VILL HALDUKHATA, TEH KOTDWAR, HALDUKHATA, KOTDWAR, PAURI GARHWAL, 246149, India",9917121512,cc258495@bpclretail.in,29.76877785,78.43247986,"DIESEL, PETROL, SPEED","Pure_Sure, Air_Filling, TWO_FOUR_SEVEN",2026-09-02 16:15:17
0000201310,B.P.KOTDWAR BHARAT PETROLEUM DEALERS,B.P.KOTDWAR BHARAT PETROLEUM DEALERS,BADRINATH ROAD,,KOTDWAR,PAURI GARHWAL,Uttrakhand,IN-30,246149,"BADRINATH ROAD, , KOTDWAR, PAURI GARHWAL, 246149, India",,bpcldehradun@gmail.com,29.749591,78.522946,,"Automation, Air_Filling",2026-09-02 16:15:17
0000116467,BODHRAJ GHAI & SONS BHARAT PETROLEUM DEALERS,BODHRAJ GHAI & SONS BHARAT PETROLEUM DEALERS,KOTDWAR,KOTDWAR,KOTDWAR,PAURI GARHWAL,Uttrakhand,IN-30,246149,"KOTDWAR, KOTDWAR, KOTDWAR, PAURI GARHWAL, 246149, India",9837004204,bodhraj116467@bpclretail.in,29.743329,78.519494,"DIESEL, PETROL","Automation, Pure_Sure, Air_Filling, TWO_FOUR_SEVEN",2026-09-02 16:15:17
0000207472,SAI GANGA SERVICE STATION BHARAT PETROLEUM DEALERS,SAI GANGA SERVICE STATION BHARAT PETROLEUM DEALERS,"NH 534, BADRINATH ROAD, KOTDWAR",KOTDWAR,KOTDWAR,PAURI GARHWAL,Uttrakhand,IN-30,246149,"NH 534, BADRINATH ROAD, KOTDWAR, KOTDWAR, KOTDWAR, PAURI GARHWAL, 246149, India",8218249067,saiganga207472@bpclretail.in,29.749591,78.522946,"DIESEL, PETROL, SPEED","Automation, Pure_Sure, Air_Filling, TWO_FOUR_SEVEN",2026-09-02 16:15:17
0000200499,SHREE GANESH FILLING STATION A BHARAT PETROLEUM DEALERS,SHREE GANESH FILLING STATION A BHARAT PETROLEUM DEALERS,HARIDWAR,HARIDWAR,KOTDWAR,PAURI GARHWAL,Uttrakhand,IN-30,246149,"HARIDWAR, HARIDWAR, KOTDWAR, PAURI GARHWAL, 246149, India",8650407559,shreeganesh173157@bpclretail.in,29.749591,78.522946,,"Automation, Pure_Sure, Air_Filling, TWO_FOUR_SEVEN",2026-09-02 16:15:17
0000134745,KARGIL SHAHEED MADAN SINGH FIL STATION,KARGIL SHAHEED MADAN SINGH FIL STATION,BHARAT PETROLEUM CORPORATION LTD,VILLAGE MOTADHAK,MOTADHAK KOTDWARA,PAURI GARHWAL,Uttrakhand,IN-30,246149,"BHARAT PETROLEUM CORPORATION LTD, VILLAGE MOTADHAK, MOTADHAK KOTDWARA, PAURI GARHWAL, 246149, India",09837205961,kargils134745@bpclretail.in,29.758783,78.450095,"DIESEL, PETROL","Automation, Pure_Sure, Air_Filling, TWO_FOUR_SEVEN",2026-09-02 16:15:17
0000116468,CHANDRABHAN BATRA & SONS BHARAT PETROLEUM DEALERS,CHANDRABHAN BATRA & SONS BHARAT PETROLEUM DEALERS,KOTDWAR,,KOTDWAR,"PAURI GARHWAL,UTTARA",Uttrakhand,IN-30,246149,"KOTDWAR, , KOTDWAR, PAURI GARHWAL,UTTARA, 246149, India",,chandrabhan116468@bpclretail.in,29.749591,78.522946,,"Automation, Air_Filling",2026-09-02 16:15:17
0000192574,BHAWANI FILLING STATION BHARAT PETROLEUM DEALERS,BHAWANI FILLING STATION BHARAT PETROLEUM DEALERS,,,BHAWAN,TEHRI GARHWAL,Uttrakhand,IN-30,249180,", , BHAWAN, TEHRI GARHWAL, 249180, India",9720660755,bhawani192574@bpclretail.in,30.47962738,78.2148465,"DIESEL, PETROL","Automation, Pure_Sure, Air_Filling, TWO_FOUR_SEVEN",2026-09-02 16:15:16
0000116444,ASHIRWAD FILLING STATION BHARAT PETROLEUM DEALERS,ASHIRWAD FILLING STATION BHARAT PETROLEUM DEALERS,CHAMBA,TEHRI GARHWAL,CHAMBA,TEHRI GARHWAL,Uttrakhand,IN-30,249145,"CHAMBA, TEHRI GARHWAL, CHAMBA, TEHRI GARHWAL, 249145, India",9412076144,ashirwad116444@bpclretail.in,30.342773,78.395294,"DIESEL, PETROL","Automation, Pure_Sure, Air_Filling, Parking, TWO_FOUR_SEVEN",2026-09-02 16:15:16
0000215106,JYOTI FILLING STATION BHARAT PETROLEUM DEALERS,JYOTI FILLING STATION BHARAT PETROLEUM DEALERS,VILLAGE KALYANI,TEHSIL DUNDA,KALYANI,UTTARKASHI,Uttrakhand,IN-30,249151,"VILLAGE KALYANI, TEHSIL DUNDA, KALYANI, UTTARKASHI, 249151, India",8755227790,jyotifil215106@bpclretail.in,30.6595,78.301903,"DIESEL, PETROL","Pure_Sure, Air_Filling, TWO_FOUR_SEVEN",2026-09-02 16:15:16
0000256693,JAI SHREE NAGRAJA FILLING STAT BHARAT PETROLEUM DEALERS,JAI SHREE NAGRAJA FILLING STAT BHARAT PETROLEUM DEALERS,CHINYALISOR,UTTARKASHI,UTTARKASHI,UTTARKASHI,Uttrakhand,IN-30,249196,"CHINYALISOR, UTTARKASHI, UTTARKASHI, UTTARKASHI, 249196, India",7500317333,virendrasinghnegi100@gmail.com,30.588833,78.319284,"DIESEL, PETROL","Pure_Sure, Air_Filling, TWO_FOUR_SEVEN",2026-09-02 16:15:16
